"vehicle_type","motive_power","make","model","no_vehicles"
"Passenger vehicles","Petrol","AC","COBRA",29
"Passenger vehicles","Petrol","AC","UNKNOWN",18
"Passenger vehicles","Petrol","AJS","UNKNOWN",3
"Passenger vehicles","Petrol","ALBION","UNKNOWN",0
"Passenger vehicles","Petrol","ALFA ROMEO","105",29
"Passenger vehicles","Petrol","ALFA ROMEO","1300",16
"Passenger vehicles","Petrol","ALFA ROMEO","147",1470
"Passenger vehicles","Petrol","ALFA ROMEO","156",996
"Passenger vehicles","Petrol","ALFA ROMEO","159",1056
"Passenger vehicles","Petrol","ALFA ROMEO","1600",22
"Passenger vehicles","Petrol","ALFA ROMEO","164",47
"Passenger vehicles","Petrol","ALFA ROMEO","166",94
"Passenger vehicles","Petrol","ALFA ROMEO","1750",99
"Passenger vehicles","Petrol","ALFA ROMEO","2000",35
"Passenger vehicles","Petrol","ALFA ROMEO","33",44
"Passenger vehicles","Petrol","ALFA ROMEO","4C",292
"Passenger vehicles","Petrol","ALFA ROMEO","75",76
"Passenger vehicles","Petrol","ALFA ROMEO","ALFASUD",43
"Passenger vehicles","Petrol","ALFA ROMEO","ALFETTA",165
"Passenger vehicles","Petrol","ALFA ROMEO","BERLINA",18
"Passenger vehicles","Petrol","ALFA ROMEO","BRERA",397
"Passenger vehicles","Petrol","ALFA ROMEO","GIULIA",2655
"Passenger vehicles","Petrol","ALFA ROMEO","GIULIETTA",6531
"Passenger vehicles","Petrol","ALFA ROMEO","GT",27
"Passenger vehicles","Petrol","ALFA ROMEO","GTV",614
"Passenger vehicles","Petrol","ALFA ROMEO","MITO",1190
"Passenger vehicles","Petrol","ALFA ROMEO","MONTREAL",11
"Passenger vehicles","Petrol","ALFA ROMEO","SPIDER",727
"Passenger vehicles","Petrol","ALFA ROMEO","SPRINT",28
"Passenger vehicles","Petrol","ALFA ROMEO","STELVIO",1284
"Passenger vehicles","Petrol","ALFA ROMEO","UNKNOWN",597
"Passenger vehicles","Petrol","ALLARD","UNKNOWN",4
"Passenger vehicles","Petrol","ALPINE","A110",102
"Passenger vehicles","Petrol","ALPINE","UNKNOWN",3
"Passenger vehicles","Petrol","ALVIS","UNKNOWN",70
"Passenger vehicles","Petrol","AMAROO","UNKNOWN",8
"Passenger vehicles","Petrol","AMC","UNKNOWN",34
"Passenger vehicles","Petrol","AMILCAR","UNKNOWN",0
"Passenger vehicles","Petrol","ANSALDO","UNKNOWN",0
"Passenger vehicles","Petrol","ARIEL","UNKNOWN",3
"Passenger vehicles","Petrol","ARMSTRONG SIDDELEY","SAPPHIRE",36
"Passenger vehicles","Petrol","ARMSTRONG SIDDELEY","UNKNOWN",54
"Passenger vehicles","Petrol","ARROL-JOHNSON","UNKNOWN",3
"Passenger vehicles","Petrol","ARROW","UNKNOWN",3
"Passenger vehicles","Petrol","ASCARI","UNKNOWN",3
"Passenger vehicles","Petrol","ASIA MOTORS","COMBI",0
"Passenger vehicles","Petrol","ASIA MOTORS","ROCSTA",22
"Passenger vehicles","Petrol","ASIA MOTORS","UNKNOWN",4
"Passenger vehicles","Petrol","ASTON MARTIN","DB11",306
"Passenger vehicles","Petrol","ASTON MARTIN","DB12",32
"Passenger vehicles","Petrol","ASTON MARTIN","DB2/4",10
"Passenger vehicles","Petrol","ASTON MARTIN","DB4",10
"Passenger vehicles","Petrol","ASTON MARTIN","DB6",22
"Passenger vehicles","Petrol","ASTON MARTIN","DB7",143
"Passenger vehicles","Petrol","ASTON MARTIN","DB9",441
"Passenger vehicles","Petrol","ASTON MARTIN","DBS",158
"Passenger vehicles","Petrol","ASTON MARTIN","DBX",264
"Passenger vehicles","Petrol","ASTON MARTIN","RAPIDE",128
"Passenger vehicles","Petrol","ASTON MARTIN","UNKNOWN",90
"Passenger vehicles","Petrol","ASTON MARTIN","V8",19
"Passenger vehicles","Petrol","ASTON MARTIN","VANQUISH",180
"Passenger vehicles","Petrol","ASTON MARTIN","VANTAGE",1049
"Passenger vehicles","Petrol","ASTON MARTIN","VIRAGE",27
"Passenger vehicles","Petrol","AUBURN","UNKNOWN",16
"Passenger vehicles","Petrol","AUDI","100",17
"Passenger vehicles","Petrol","AUDI","80",123
"Passenger vehicles","Petrol","AUDI","90",13
"Passenger vehicles","Petrol","AUDI","A1",13942
"Passenger vehicles","Petrol","AUDI","A3",35580
"Passenger vehicles","Petrol","AUDI","A4",26350
"Passenger vehicles","Petrol","AUDI","A5",11027
"Passenger vehicles","Petrol","AUDI","A6",3421
"Passenger vehicles","Petrol","AUDI","A7",590
"Passenger vehicles","Petrol","AUDI","A8",306
"Passenger vehicles","Petrol","AUDI","ALLROAD",3
"Passenger vehicles","Petrol","AUDI","Q2",10487
"Passenger vehicles","Petrol","AUDI","Q3",36581
"Passenger vehicles","Petrol","AUDI","Q5",18041
"Passenger vehicles","Petrol","AUDI","Q7",1622
"Passenger vehicles","Petrol","AUDI","Q8",872
"Passenger vehicles","Petrol","AUDI","QUATTRO",24
"Passenger vehicles","Petrol","AUDI","R8",704
"Passenger vehicles","Petrol","AUDI","RS3",4084
"Passenger vehicles","Petrol","AUDI","RS4",1102
"Passenger vehicles","Petrol","AUDI","RS5",1137
"Passenger vehicles","Petrol","AUDI","RS6",781
"Passenger vehicles","Petrol","AUDI","RS7",220
"Passenger vehicles","Petrol","AUDI","RSQ3",2711
"Passenger vehicles","Petrol","AUDI","RSQ8",580
"Passenger vehicles","Petrol","AUDI","S1",45
"Passenger vehicles","Petrol","AUDI","S3",11014
"Passenger vehicles","Petrol","AUDI","S4",1442
"Passenger vehicles","Petrol","AUDI","S5",2502
"Passenger vehicles","Petrol","AUDI","S6",223
"Passenger vehicles","Petrol","AUDI","S7",150
"Passenger vehicles","Petrol","AUDI","S8",112
"Passenger vehicles","Petrol","AUDI","SQ2",972
"Passenger vehicles","Petrol","AUDI","SQ5",2500
"Passenger vehicles","Petrol","AUDI","SQ7",731
"Passenger vehicles","Petrol","AUDI","SQ8",304
"Passenger vehicles","Petrol","AUDI","TT",6830
"Passenger vehicles","Petrol","AUDI","TTS",12
"Passenger vehicles","Petrol","AUDI","UNKNOWN",90
"Passenger vehicles","Petrol","AUSTIN","""100-4""",32
"Passenger vehicles","Petrol","AUSTIN","""100-6""",14
"Passenger vehicles","Petrol","AUSTIN","10",25
"Passenger vehicles","Petrol","AUSTIN","100",11
"Passenger vehicles","Petrol","AUSTIN","1800",78
"Passenger vehicles","Petrol","AUSTIN","3000",111
"Passenger vehicles","Petrol","AUSTIN","7",166
"Passenger vehicles","Petrol","AUSTIN","8",18
"Passenger vehicles","Petrol","AUSTIN","A30",101
"Passenger vehicles","Petrol","AUSTIN","A40",93
"Passenger vehicles","Petrol","AUSTIN","CAMBRIDGE",39
"Passenger vehicles","Petrol","AUSTIN","CHAMP",15
"Passenger vehicles","Petrol","AUSTIN","FREEWAY",22
"Passenger vehicles","Petrol","AUSTIN","HAMPSHIRE",12
"Passenger vehicles","Petrol","AUSTIN","K2",0
"Passenger vehicles","Petrol","AUSTIN","LANCER",41
"Passenger vehicles","Petrol","AUSTIN","LONDON TAXI",5
"Passenger vehicles","Petrol","AUSTIN","MINI",55
"Passenger vehicles","Petrol","AUSTIN","PRINCESS",16
"Passenger vehicles","Petrol","AUSTIN","SHEERLINE",14
"Passenger vehicles","Petrol","AUSTIN","SPRITE",155
"Passenger vehicles","Petrol","AUSTIN","TOURER",35
"Passenger vehicles","Petrol","AUSTIN","UNKNOWN",1071
"Passenger vehicles","Petrol","AUSTIN","WESTMINSTER",37
"Passenger vehicles","Petrol","AUSTIN HEALEY","100",70
"Passenger vehicles","Petrol","AUSTIN HEALEY","3000",88
"Passenger vehicles","Petrol","AUSTIN HEALEY","SPRITE",232
"Passenger vehicles","Petrol","AUSTIN HEALEY","UNKNOWN",46
"Passenger vehicles","Petrol","AUTOZAM","UNKNOWN",3
"Passenger vehicles","Petrol","BALLOT","UNKNOWN",3
"Passenger vehicles","Petrol","BEDFORD","CF",11
"Passenger vehicles","Petrol","BEDFORD","CJ",0
"Passenger vehicles","Petrol","BEDFORD","FJ",3
"Passenger vehicles","Petrol","BEDFORD","J3",3
"Passenger vehicles","Petrol","BEDFORD","UNKNOWN",25
"Passenger vehicles","Petrol","BENTLEY","ARNAGE",120
"Passenger vehicles","Petrol","BENTLEY","AZURE",17
"Passenger vehicles","Petrol","BENTLEY","BENTAYGA",618
"Passenger vehicles","Petrol","BENTLEY","BROOKLANDS",25
"Passenger vehicles","Petrol","BENTLEY","CONTINENTAL",2050
"Passenger vehicles","Petrol","BENTLEY","EIGHT",17
"Passenger vehicles","Petrol","BENTLEY","FLYING SPUR",204
"Passenger vehicles","Petrol","BENTLEY","MARK 6",57
"Passenger vehicles","Petrol","BENTLEY","MULSANNE",86
"Passenger vehicles","Petrol","BENTLEY","R TYPE",32
"Passenger vehicles","Petrol","BENTLEY","S1",24
"Passenger vehicles","Petrol","BENTLEY","S2",20
"Passenger vehicles","Petrol","BENTLEY","S3",22
"Passenger vehicles","Petrol","BENTLEY","T SERIES",23
"Passenger vehicles","Petrol","BENTLEY","TURBO R",112
"Passenger vehicles","Petrol","BENTLEY","UNKNOWN",279
"Passenger vehicles","Petrol","BERTONE","UNKNOWN",8
"Passenger vehicles","Petrol","BIRKIN","UNKNOWN",9
"Passenger vehicles","Petrol","BMC","MINI",15
"Passenger vehicles","Petrol","BMC","MINI MOKE",9
"Passenger vehicles","Petrol","BMC","UNKNOWN",23
"Passenger vehicles","Petrol","BMW","116",2590
"Passenger vehicles","Petrol","BMW","118",12928
"Passenger vehicles","Petrol","BMW","120",6376
"Passenger vehicles","Petrol","BMW","125",6137
"Passenger vehicles","Petrol","BMW","128",1229
"Passenger vehicles","Petrol","BMW","130",492
"Passenger vehicles","Petrol","BMW","135",2054
"Passenger vehicles","Petrol","BMW","1600",10
"Passenger vehicles","Petrol","BMW","2002",134
"Passenger vehicles","Petrol","BMW","218",3921
"Passenger vehicles","Petrol","BMW","220",7129
"Passenger vehicles","Petrol","BMW","225",462
"Passenger vehicles","Petrol","BMW","228",946
"Passenger vehicles","Petrol","BMW","230",1427
"Passenger vehicles","Petrol","BMW","3 SERIES",26
"Passenger vehicles","Petrol","BMW","3.0 CS",20
"Passenger vehicles","Petrol","BMW","316",2173
"Passenger vehicles","Petrol","BMW","318",9896
"Passenger vehicles","Petrol","BMW","320",23528
"Passenger vehicles","Petrol","BMW","323",5405
"Passenger vehicles","Petrol","BMW","325",10295
"Passenger vehicles","Petrol","BMW","328",7603
"Passenger vehicles","Petrol","BMW","330",17206
"Passenger vehicles","Petrol","BMW","335",4336
"Passenger vehicles","Petrol","BMW","340",587
"Passenger vehicles","Petrol","BMW","420",4185
"Passenger vehicles","Petrol","BMW","428",2514
"Passenger vehicles","Petrol","BMW","430",3817
"Passenger vehicles","Petrol","BMW","435",1107
"Passenger vehicles","Petrol","BMW","440",683
"Passenger vehicles","Petrol","BMW","5 SERIES",13
"Passenger vehicles","Petrol","BMW","520",1481
"Passenger vehicles","Petrol","BMW","523",695
"Passenger vehicles","Petrol","BMW","525",2329
"Passenger vehicles","Petrol","BMW","528",2206
"Passenger vehicles","Petrol","BMW","530",4101
"Passenger vehicles","Petrol","BMW","535",1532
"Passenger vehicles","Petrol","BMW","540",918
"Passenger vehicles","Petrol","BMW","545",162
"Passenger vehicles","Petrol","BMW","550",205
"Passenger vehicles","Petrol","BMW","630",43
"Passenger vehicles","Petrol","BMW","633",27
"Passenger vehicles","Petrol","BMW","635",192
"Passenger vehicles","Petrol","BMW","640",781
"Passenger vehicles","Petrol","BMW","645",216
"Passenger vehicles","Petrol","BMW","650",647
"Passenger vehicles","Petrol","BMW","728",13
"Passenger vehicles","Petrol","BMW","730",112
"Passenger vehicles","Petrol","BMW","735",559
"Passenger vehicles","Petrol","BMW","740",1585
"Passenger vehicles","Petrol","BMW","745",213
"Passenger vehicles","Petrol","BMW","750",534
"Passenger vehicles","Petrol","BMW","760",61
"Passenger vehicles","Petrol","BMW","840",427
"Passenger vehicles","Petrol","BMW","850",68
"Passenger vehicles","Petrol","BMW","ALPINA",103
"Passenger vehicles","Petrol","BMW","ALPINA B3",12
"Passenger vehicles","Petrol","BMW","F800",0
"Passenger vehicles","Petrol","BMW","IX2",3
"Passenger vehicles","Petrol","BMW","M1",259
"Passenger vehicles","Petrol","BMW","M135",3472
"Passenger vehicles","Petrol","BMW","M140",2053
"Passenger vehicles","Petrol","BMW","M2",3894
"Passenger vehicles","Petrol","BMW","M235",2304
"Passenger vehicles","Petrol","BMW","M240",1638
"Passenger vehicles","Petrol","BMW","M3",7680
"Passenger vehicles","Petrol","BMW","M340",2182
"Passenger vehicles","Petrol","BMW","M4",2843
"Passenger vehicles","Petrol","BMW","M440",1198
"Passenger vehicles","Petrol","BMW","M5",1375
"Passenger vehicles","Petrol","BMW","M535",17
"Passenger vehicles","Petrol","BMW","M550",388
"Passenger vehicles","Petrol","BMW","M6",304
"Passenger vehicles","Petrol","BMW","M635",30
"Passenger vehicles","Petrol","BMW","M760",28
"Passenger vehicles","Petrol","BMW","M8",96
"Passenger vehicles","Petrol","BMW","M850",239
"Passenger vehicles","Petrol","BMW","MINI",480
"Passenger vehicles","Petrol","BMW","UNKNOWN",547
"Passenger vehicles","Petrol","BMW","X1",25289
"Passenger vehicles","Petrol","BMW","X2",4611
"Passenger vehicles","Petrol","BMW","X3",28678
"Passenger vehicles","Petrol","BMW","X4",8209
"Passenger vehicles","Petrol","BMW","X5",11817
"Passenger vehicles","Petrol","BMW","X6",2610
"Passenger vehicles","Petrol","BMW","X7",1327
"Passenger vehicles","Petrol","BMW","Z3",1832
"Passenger vehicles","Petrol","BMW","Z4",3488
"Passenger vehicles","Petrol","BOLWELL","MARK 7",12
"Passenger vehicles","Petrol","BOLWELL","NAGARI",17
"Passenger vehicles","Petrol","BOLWELL","UNKNOWN",58
"Passenger vehicles","Petrol","BOND","UNKNOWN",3
"Passenger vehicles","Petrol","BORGWARD","ISABELLA",11
"Passenger vehicles","Petrol","BORGWARD","UNKNOWN",4
"Passenger vehicles","Petrol","BRISTOL","400",16
"Passenger vehicles","Petrol","BRISTOL","UNKNOWN",51
"Passenger vehicles","Petrol","BROUGH","UNKNOWN",0
"Passenger vehicles","Petrol","BSA","UNKNOWN",8
"Passenger vehicles","Petrol","BUCKLE","UNKNOWN",5
"Passenger vehicles","Petrol","BUFORI","UNKNOWN",13
"Passenger vehicles","Petrol","BUGATTI","UNKNOWN",12
"Passenger vehicles","Petrol","BUICK","CENTURION",11
"Passenger vehicles","Petrol","BUICK","CENTURY",45
"Passenger vehicles","Petrol","BUICK","ELECTRA",61
"Passenger vehicles","Petrol","BUICK","LESABRE",28
"Passenger vehicles","Petrol","BUICK","RIVIERA",135
"Passenger vehicles","Petrol","BUICK","ROADMASTER",38
"Passenger vehicles","Petrol","BUICK","SERIES 40",23
"Passenger vehicles","Petrol","BUICK","SKYLARK",46
"Passenger vehicles","Petrol","BUICK","SPECIAL",131
"Passenger vehicles","Petrol","BUICK","STANDARD SIX",27
"Passenger vehicles","Petrol","BUICK","SUPER",49
"Passenger vehicles","Petrol","BUICK","UNKNOWN",529
"Passenger vehicles","Petrol","BUICK","WILDCAT",18
"Passenger vehicles","Petrol","BULLET","UNKNOWN",8
"Passenger vehicles","Petrol","BYD","E6",0
"Passenger vehicles","Petrol","CADILLAC","BROUGHAM",23
"Passenger vehicles","Petrol","CADILLAC","CALAIS",10
"Passenger vehicles","Petrol","CADILLAC","CTS",19
"Passenger vehicles","Petrol","CADILLAC","DEVILLE",584
"Passenger vehicles","Petrol","CADILLAC","ELDORADO",200
"Passenger vehicles","Petrol","CADILLAC","ESCALADE",62
"Passenger vehicles","Petrol","CADILLAC","FLEETWOOD",151
"Passenger vehicles","Petrol","CADILLAC","SERIES 62",89
"Passenger vehicles","Petrol","CADILLAC","SEVILLE",62
"Passenger vehicles","Petrol","CADILLAC","UNKNOWN",469
"Passenger vehicles","Petrol","CATERHAM","SEVEN",23
"Passenger vehicles","Petrol","CATERHAM","SUPER SEVEN",35
"Passenger vehicles","Petrol","CATERHAM","UNKNOWN",11
"Passenger vehicles","Petrol","CHAMONIX","UNKNOWN",3
"Passenger vehicles","Petrol","CHECKER MOTORS","UNKNOWN",0
"Passenger vehicles","Petrol","CHERY","J1",128
"Passenger vehicles","Petrol","CHERY","J11",709
"Passenger vehicles","Petrol","CHERY","J3",380
"Passenger vehicles","Petrol","CHERY","OMODA",4314
"Passenger vehicles","Petrol","CHERY","OMODA 5",7258
"Passenger vehicles","Petrol","CHERY","TIGGO",2317
"Passenger vehicles","Petrol","CHERY","TIGGO 4",1931
"Passenger vehicles","Petrol","CHERY","TIGGO 7",2096
"Passenger vehicles","Petrol","CHERY","TIGGO 8",1994
"Passenger vehicles","Petrol","CHERY","UNKNOWN",62
"Passenger vehicles","Petrol","CHESIL","UNKNOWN",3
"Passenger vehicles","Petrol","CHEVROLET","150",7
"Passenger vehicles","Petrol","CHEVROLET","210",406
"Passenger vehicles","Petrol","CHEVROLET","3100",3
"Passenger vehicles","Petrol","CHEVROLET","3500",3
"Passenger vehicles","Petrol","CHEVROLET","AA CAPITOL",37
"Passenger vehicles","Petrol","CHEVROLET","AB NATIONAL",49
"Passenger vehicles","Petrol","CHEVROLET","AC INTERNATIONAL",27
"Passenger vehicles","Petrol","CHEVROLET","APACHE",3
"Passenger vehicles","Petrol","CHEVROLET","AVALANCHE",3
"Passenger vehicles","Petrol","CHEVROLET","BA CONFEDERATE",14
"Passenger vehicles","Petrol","CHEVROLET","BEL AIR",1895
"Passenger vehicles","Petrol","CHEVROLET","BISCAYNE",89
"Passenger vehicles","Petrol","CHEVROLET","BLAZER",132
"Passenger vehicles","Petrol","CHEVROLET","C10",6
"Passenger vehicles","Petrol","CHEVROLET","C30",0
"Passenger vehicles","Petrol","CHEVROLET","CAMARO",4063
"Passenger vehicles","Petrol","CHEVROLET","CAPRICE",70
"Passenger vehicles","Petrol","CHEVROLET","CHEVELLE",312
"Passenger vehicles","Petrol","CHEVROLET","CORVAIR",19
"Passenger vehicles","Petrol","CHEVROLET","CORVETTE",4640
"Passenger vehicles","Petrol","CHEVROLET","DC STANDARD",7
"Passenger vehicles","Petrol","CHEVROLET","DELUXE",37
"Passenger vehicles","Petrol","CHEVROLET","EL CAMINO",0
"Passenger vehicles","Petrol","CHEVROLET","EXPRESS",3
"Passenger vehicles","Petrol","CHEVROLET","FLEETLINE",39
"Passenger vehicles","Petrol","CHEVROLET","FLEETMASTER",39
"Passenger vehicles","Petrol","CHEVROLET","G10",4
"Passenger vehicles","Petrol","CHEVROLET","G20",15
"Passenger vehicles","Petrol","CHEVROLET","IMPALA",1191
"Passenger vehicles","Petrol","CHEVROLET","KB20",0
"Passenger vehicles","Petrol","CHEVROLET","MALIBU",43
"Passenger vehicles","Petrol","CHEVROLET","MAPLE LEAF",0
"Passenger vehicles","Petrol","CHEVROLET","MASTER",103
"Passenger vehicles","Petrol","CHEVROLET","MONTE CARLO",25
"Passenger vehicles","Petrol","CHEVROLET","NOMAD",27
"Passenger vehicles","Petrol","CHEVROLET","NOVA",195
"Passenger vehicles","Petrol","CHEVROLET","RIDEMASTER",11
"Passenger vehicles","Petrol","CHEVROLET","ROADSTER",38
"Passenger vehicles","Petrol","CHEVROLET","SEDAN DELIVERY",7
"Passenger vehicles","Petrol","CHEVROLET","SIERRA",7
"Passenger vehicles","Petrol","CHEVROLET","SILVERADO",4
"Passenger vehicles","Petrol","CHEVROLET","SS",11
"Passenger vehicles","Petrol","CHEVROLET","SSR",0
"Passenger vehicles","Petrol","CHEVROLET","STANDARD",106
"Passenger vehicles","Petrol","CHEVROLET","STINGRAY",63
"Passenger vehicles","Petrol","CHEVROLET","STYLELINE",25
"Passenger vehicles","Petrol","CHEVROLET","STYLEMASTER",23
"Passenger vehicles","Petrol","CHEVROLET","SUBURBAN",97
"Passenger vehicles","Petrol","CHEVROLET","SUPERIOR",42
"Passenger vehicles","Petrol","CHEVROLET","TAHOE",27
"Passenger vehicles","Petrol","CHEVROLET","TOURER",70
"Passenger vehicles","Petrol","CHEVROLET","TUDOR",28
"Passenger vehicles","Petrol","CHEVROLET","UNKNOWN",3756
"Passenger vehicles","Petrol","CHRYSLER","300",9590
"Passenger vehicles","Petrol","CHRYSLER","CENTURA",133
"Passenger vehicles","Petrol","CHRYSLER","CHRYSLER",55
"Passenger vehicles","Petrol","CHRYSLER","CROSSFIRE",517
"Passenger vehicles","Petrol","CHRYSLER","DESOTO",9
"Passenger vehicles","Petrol","CHRYSLER","DODGE",17
"Passenger vehicles","Petrol","CHRYSLER","GALANT",123
"Passenger vehicles","Petrol","CHRYSLER","GRAND VOYAGER",52
"Passenger vehicles","Petrol","CHRYSLER","IMPERIAL",51
"Passenger vehicles","Petrol","CHRYSLER","LANCER",60
"Passenger vehicles","Petrol","CHRYSLER","LE BARON",11
"Passenger vehicles","Petrol","CHRYSLER","NEON",117
"Passenger vehicles","Petrol","CHRYSLER","NEW YORKER",32
"Passenger vehicles","Petrol","CHRYSLER","NEWPORT",29
"Passenger vehicles","Petrol","CHRYSLER","PLYMOUTH",39
"Passenger vehicles","Petrol","CHRYSLER","PT CRUISER",2770
"Passenger vehicles","Petrol","CHRYSLER","ROYAL",81
"Passenger vehicles","Petrol","CHRYSLER","SCORPION",18
"Passenger vehicles","Petrol","CHRYSLER","SEBRING",581
"Passenger vehicles","Petrol","CHRYSLER","SIGMA",86
"Passenger vehicles","Petrol","CHRYSLER","UNKNOWN",1928
"Passenger vehicles","Petrol","CHRYSLER","VALIANT",5085
"Passenger vehicles","Petrol","CHRYSLER","VALIANT CHARGER",752
"Passenger vehicles","Petrol","CHRYSLER","VOYAGER",1698
"Passenger vehicles","Petrol","CHRYSLER","WINDSOR",13
"Passenger vehicles","Petrol","CITROEN","2CV",256
"Passenger vehicles","Petrol","CITROEN","2CV6",17
"Passenger vehicles","Petrol","CITROEN","BERLINGO",48
"Passenger vehicles","Petrol","CITROEN","BX",35
"Passenger vehicles","Petrol","CITROEN","C2",175
"Passenger vehicles","Petrol","CITROEN","C3",2002
"Passenger vehicles","Petrol","CITROEN","C4",2837
"Passenger vehicles","Petrol","CITROEN","C5",882
"Passenger vehicles","Petrol","CITROEN","C6",8
"Passenger vehicles","Petrol","CITROEN","CX",30
"Passenger vehicles","Petrol","CITROEN","D SPECIAL",15
"Passenger vehicles","Petrol","CITROEN","DS",78
"Passenger vehicles","Petrol","CITROEN","DS21",20
"Passenger vehicles","Petrol","CITROEN","DS23",35
"Passenger vehicles","Petrol","CITROEN","DS3",784
"Passenger vehicles","Petrol","CITROEN","DS4",166
"Passenger vehicles","Petrol","CITROEN","DS5",71
"Passenger vehicles","Petrol","CITROEN","GS",11
"Passenger vehicles","Petrol","CITROEN","HY VAN",0
"Passenger vehicles","Petrol","CITROEN","LIGHT 15",39
"Passenger vehicles","Petrol","CITROEN","SM",15
"Passenger vehicles","Petrol","CITROEN","TRACTION AVANT",13
"Passenger vehicles","Petrol","CITROEN","UNKNOWN",344
"Passenger vehicles","Petrol","CITROEN","XANTIA",92
"Passenger vehicles","Petrol","CITROEN","XM",23
"Passenger vehicles","Petrol","CITROEN","XSARA",129
"Passenger vehicles","Petrol","CLUBMAN","UNKNOWN",5
"Passenger vehicles","Petrol","COBRA","UNKNOWN",54
"Passenger vehicles","Petrol","COLUMBIA","UNKNOWN",0
"Passenger vehicles","Petrol","COMMER","UNKNOWN",5
"Passenger vehicles","Petrol","CONDOR","UNKNOWN",3
"Passenger vehicles","Petrol","COOPER","UNKNOWN",0
"Passenger vehicles","Petrol","CORD","UNKNOWN",3
"Passenger vehicles","Petrol","CROSSLEY","UNKNOWN",7
"Passenger vehicles","Petrol","CUPRA","ATECA",804
"Passenger vehicles","Petrol","CUPRA","FORMENTOR",2701
"Passenger vehicles","Petrol","CUPRA","LEON",771
"Passenger vehicles","Petrol","CUSTOM MADE","COBRA",65
"Passenger vehicles","Petrol","CUSTOM MADE","UNKNOWN",865
"Passenger vehicles","Petrol","DAELIM","UNKNOWN",3
"Passenger vehicles","Petrol","DAEWOO","1.5I",27
"Passenger vehicles","Petrol","DAEWOO","CIELO",118
"Passenger vehicles","Petrol","DAEWOO","ESPERO",40
"Passenger vehicles","Petrol","DAEWOO","KALOS",925
"Passenger vehicles","Petrol","DAEWOO","LACETTI",232
"Passenger vehicles","Petrol","DAEWOO","LANOS",1214
"Passenger vehicles","Petrol","DAEWOO","LEGANZA",104
"Passenger vehicles","Petrol","DAEWOO","MATIZ",354
"Passenger vehicles","Petrol","DAEWOO","NUBIRA",515
"Passenger vehicles","Petrol","DAEWOO","TACUMA",57
"Passenger vehicles","Petrol","DAIHATSU","APPLAUSE",298
"Passenger vehicles","Petrol","DAIHATSU","ATRAI",10
"Passenger vehicles","Petrol","DAIHATSU","CHARADE",1932
"Passenger vehicles","Petrol","DAIHATSU","COPEN",244
"Passenger vehicles","Petrol","DAIHATSU","CUORE",575
"Passenger vehicles","Petrol","DAIHATSU","DELTA",0
"Passenger vehicles","Petrol","DAIHATSU","FEROZA",1065
"Passenger vehicles","Petrol","DAIHATSU","HANDIVAN",20
"Passenger vehicles","Petrol","DAIHATSU","HIJET",24
"Passenger vehicles","Petrol","DAIHATSU","MIRA",186
"Passenger vehicles","Petrol","DAIHATSU","MOVE",56
"Passenger vehicles","Petrol","DAIHATSU","PYZAR",207
"Passenger vehicles","Petrol","DAIHATSU","ROCKY",35
"Passenger vehicles","Petrol","DAIHATSU","SCAT",5
"Passenger vehicles","Petrol","DAIHATSU","SIRION",3033
"Passenger vehicles","Petrol","DAIHATSU","TAFT",21
"Passenger vehicles","Petrol","DAIHATSU","TERIOS",3576
"Passenger vehicles","Petrol","DAIHATSU","UNKNOWN",104
"Passenger vehicles","Petrol","DAIHATSU","YRV",170
"Passenger vehicles","Petrol","DAIMLER","2.5 LITRE",14
"Passenger vehicles","Petrol","DAIMLER","250",77
"Passenger vehicles","Petrol","DAIMLER","CONQUEST",14
"Passenger vehicles","Petrol","DAIMLER","DB18",10
"Passenger vehicles","Petrol","DAIMLER","DK",11
"Passenger vehicles","Petrol","DAIMLER","DOUBLE-SIX",40
"Passenger vehicles","Petrol","DAIMLER","DS420",21
"Passenger vehicles","Petrol","DAIMLER","SOVEREIGN",85
"Passenger vehicles","Petrol","DAIMLER","SP250",24
"Passenger vehicles","Petrol","DAIMLER","UNKNOWN",378
"Passenger vehicles","Petrol","DAIMLER","XJ40",12
"Passenger vehicles","Petrol","DARRACQ","UNKNOWN",6
"Passenger vehicles","Petrol","DART","UNKNOWN",3
"Passenger vehicles","Petrol","DATSUN","1000",37
"Passenger vehicles","Petrol","DATSUN","1200",228
"Passenger vehicles","Petrol","DATSUN","120Y",219
"Passenger vehicles","Petrol","DATSUN","1600",606
"Passenger vehicles","Petrol","DATSUN","180B",118
"Passenger vehicles","Petrol","DATSUN","2000",33
"Passenger vehicles","Petrol","DATSUN","200B",115
"Passenger vehicles","Petrol","DATSUN","240",12
"Passenger vehicles","Petrol","DATSUN","240C",10
"Passenger vehicles","Petrol","DATSUN","240K",28
"Passenger vehicles","Petrol","DATSUN","240Z",234
"Passenger vehicles","Petrol","DATSUN","260",10
"Passenger vehicles","Petrol","DATSUN","260C",25
"Passenger vehicles","Petrol","DATSUN","260Z",352
"Passenger vehicles","Petrol","DATSUN","280Z",24
"Passenger vehicles","Petrol","DATSUN","280ZX",104
"Passenger vehicles","Petrol","DATSUN","620",3
"Passenger vehicles","Petrol","DATSUN","720",8
"Passenger vehicles","Petrol","DATSUN","B120",0
"Passenger vehicles","Petrol","DATSUN","BLUEBIRD",74
"Passenger vehicles","Petrol","DATSUN","FAIRLADY",79
"Passenger vehicles","Petrol","DATSUN","HOMER",3
"Passenger vehicles","Petrol","DATSUN","P510",19
"Passenger vehicles","Petrol","DATSUN","PATROL",20
"Passenger vehicles","Petrol","DATSUN","PULSAR",10
"Passenger vehicles","Petrol","DATSUN","SKYLINE",19
"Passenger vehicles","Petrol","DATSUN","STANZA",87
"Passenger vehicles","Petrol","DATSUN","SUNNY",69
"Passenger vehicles","Petrol","DATSUN","UNKNOWN",866
"Passenger vehicles","Petrol","DATSUN","URVAN",8
"Passenger vehicles","Petrol","DAX","UNKNOWN",10
"Passenger vehicles","Petrol","DAX TOJEIRO","UNKNOWN",0
"Passenger vehicles","Petrol","DE DION-BOUTON","UNKNOWN",11
"Passenger vehicles","Petrol","DE LOREAN","UNKNOWN",3
"Passenger vehicles","Petrol","DE SOTO","DIPLOMAT",14
"Passenger vehicles","Petrol","DE SOTO","FIREFLITE",12
"Passenger vehicles","Petrol","DE SOTO","FIRESWEEP",12
"Passenger vehicles","Petrol","DE SOTO","UNKNOWN",107
"Passenger vehicles","Petrol","DE TOMASO","PANTERA",32
"Passenger vehicles","Petrol","DE TOMASO","UNKNOWN",25
"Passenger vehicles","Petrol","DELAGE","UNKNOWN",6
"Passenger vehicles","Petrol","DELOREAN","DMC-12",37
"Passenger vehicles","Petrol","DELOREAN","UNKNOWN",10
"Passenger vehicles","Petrol","DETMSO","UNKNOWN",3
"Passenger vehicles","Petrol","DIAMOND T","UNKNOWN",3
"Passenger vehicles","Petrol","DKW","UNKNOWN",4
"Passenger vehicles","Petrol","DODGE","AT4",3
"Passenger vehicles","Petrol","DODGE","AVENGER",239
"Passenger vehicles","Petrol","DODGE","CALIBER",1761
"Passenger vehicles","Petrol","DODGE","CHALLENGER",497
"Passenger vehicles","Petrol","DODGE","CHARGER",318
"Passenger vehicles","Petrol","DODGE","CORONET",75
"Passenger vehicles","Petrol","DODGE","CUSTOM",16
"Passenger vehicles","Petrol","DODGE","D5",6
"Passenger vehicles","Petrol","DODGE","D5N",3
"Passenger vehicles","Petrol","DODGE","D8",11
"Passenger vehicles","Petrol","DODGE","DA",24
"Passenger vehicles","Petrol","DODGE","DART",66
"Passenger vehicles","Petrol","DODGE","DD",8
"Passenger vehicles","Petrol","DODGE","DR",10
"Passenger vehicles","Petrol","DODGE","DU",8
"Passenger vehicles","Petrol","DODGE","FAST FOUR",14
"Passenger vehicles","Petrol","DODGE","JOURNEY",5590
"Passenger vehicles","Petrol","DODGE","KINGSWAY",47
"Passenger vehicles","Petrol","DODGE","NITRO",1723
"Passenger vehicles","Petrol","DODGE","PHOENIX",294
"Passenger vehicles","Petrol","DODGE","POLARA",25
"Passenger vehicles","Petrol","DODGE","ROADSTER",16
"Passenger vehicles","Petrol","DODGE","SUPER BEE",11
"Passenger vehicles","Petrol","DODGE","TOURER",82
"Passenger vehicles","Petrol","DODGE","UNKNOWN",778
"Passenger vehicles","Petrol","DODGE","VICTORY",15
"Passenger vehicles","Petrol","DODGE","VIPER",91
"Passenger vehicles","Petrol","DODGE","WC-51",0
"Passenger vehicles","Petrol","DODGE","WC-52",0
"Passenger vehicles","Petrol","DRB","UNKNOWN",10
"Passenger vehicles","Petrol","DURANT","UNKNOWN",4
"Passenger vehicles","Petrol","EDSEL","UNKNOWN",6
"Passenger vehicles","Petrol","ELFIN","UNKNOWN",53
"Passenger vehicles","Petrol","ESSEX","SUPER 6",26
"Passenger vehicles","Petrol","ESSEX","UNKNOWN",65
"Passenger vehicles","Petrol","EUNOS","COSMO",10
"Passenger vehicles","Petrol","EUNOS","MX-5",19
"Passenger vehicles","Petrol","EUNOS","ROADSTER",75
"Passenger vehicles","Petrol","EUNOS","UNKNOWN",8
"Passenger vehicles","Petrol","EXCALIBUR","UNKNOWN",7
"Passenger vehicles","Petrol","FACTORY FIVE","UNKNOWN",3
"Passenger vehicles","Petrol","FBS","UNKNOWN",3
"Passenger vehicles","Petrol","FERRARI","250",10
"Passenger vehicles","Petrol","FERRARI","308",117
"Passenger vehicles","Petrol","FERRARI","328",86
"Passenger vehicles","Petrol","FERRARI","348",74
"Passenger vehicles","Petrol","FERRARI","360",661
"Passenger vehicles","Petrol","FERRARI","365",22
"Passenger vehicles","Petrol","FERRARI","400",12
"Passenger vehicles","Petrol","FERRARI","456",40
"Passenger vehicles","Petrol","FERRARI","458",710
"Passenger vehicles","Petrol","FERRARI","488",332
"Passenger vehicles","Petrol","FERRARI","512",16
"Passenger vehicles","Petrol","FERRARI","550",87
"Passenger vehicles","Petrol","FERRARI","575",22
"Passenger vehicles","Petrol","FERRARI","599",107
"Passenger vehicles","Petrol","FERRARI","612",58
"Passenger vehicles","Petrol","FERRARI","812",112
"Passenger vehicles","Petrol","FERRARI","CALIFORNIA",354
"Passenger vehicles","Petrol","FERRARI","DINO",59
"Passenger vehicles","Petrol","FERRARI","F12",189
"Passenger vehicles","Petrol","FERRARI","F12 BERLINETTA",12
"Passenger vehicles","Petrol","FERRARI","F164",11
"Passenger vehicles","Petrol","FERRARI","F175",35
"Passenger vehicles","Petrol","FERRARI","F348",12
"Passenger vehicles","Petrol","FERRARI","F355",231
"Passenger vehicles","Petrol","FERRARI","F430",346
"Passenger vehicles","Petrol","FERRARI","F8",52
"Passenger vehicles","Petrol","FERRARI","FF",63
"Passenger vehicles","Petrol","FERRARI","GTC4LUSSO",30
"Passenger vehicles","Petrol","FERRARI","MONDIAL",58
"Passenger vehicles","Petrol","FERRARI","PORTOFINO",147
"Passenger vehicles","Petrol","FERRARI","PUROSANGUE",27
"Passenger vehicles","Petrol","FERRARI","ROMA",133
"Passenger vehicles","Petrol","FERRARI","SF90",0
"Passenger vehicles","Petrol","FERRARI","TESTAROSSA",64
"Passenger vehicles","Petrol","FERRARI","UNKNOWN",264
"Passenger vehicles","Petrol","FIAT","1100",13
"Passenger vehicles","Petrol","FIAT","124",970
"Passenger vehicles","Petrol","FIAT","125",12
"Passenger vehicles","Petrol","FIAT","128",26
"Passenger vehicles","Petrol","FIAT","130",13
"Passenger vehicles","Petrol","FIAT","131",21
"Passenger vehicles","Petrol","FIAT","1500",14
"Passenger vehicles","Petrol","FIAT","2300",12
"Passenger vehicles","Petrol","FIAT","500",15324
"Passenger vehicles","Petrol","FIAT","501",15
"Passenger vehicles","Petrol","FIAT","850",30
"Passenger vehicles","Petrol","FIAT","ABARTH",852
"Passenger vehicles","Petrol","FIAT","COUPE",17
"Passenger vehicles","Petrol","FIAT","DUCATO",20
"Passenger vehicles","Petrol","FIAT","FREEMONT",3424
"Passenger vehicles","Petrol","FIAT","PANDA",396
"Passenger vehicles","Petrol","FIAT","PUNTO",1154
"Passenger vehicles","Petrol","FIAT","RITMO",165
"Passenger vehicles","Petrol","FIAT","SPIDER",53
"Passenger vehicles","Petrol","FIAT","UNKNOWN",421
"Passenger vehicles","Petrol","FIAT","X1/9",102
"Passenger vehicles","Petrol","FN","UNKNOWN",0
"Passenger vehicles","Petrol","FORCE","UNKNOWN",0
"Passenger vehicles","Petrol","FORD","3  WINDOW",32
"Passenger vehicles","Petrol","FORD","5 WINDOW",25
"Passenger vehicles","Petrol","FORD","AC COBRA",13
"Passenger vehicles","Petrol","FORD","ANGLIA",193
"Passenger vehicles","Petrol","FORD","BRONCO",310
"Passenger vehicles","Petrol","FORD","CAPRI",1910
"Passenger vehicles","Petrol","FORD","COBRA",78
"Passenger vehicles","Petrol","FORD","CONSUL",27
"Passenger vehicles","Petrol","FORD","CONTINENTAL",16
"Passenger vehicles","Petrol","FORD","CORSAIR",91
"Passenger vehicles","Petrol","FORD","CORTINA",1554
"Passenger vehicles","Petrol","FORD","COUGAR",259
"Passenger vehicles","Petrol","FORD","COUPE",363
"Passenger vehicles","Petrol","FORD","COURIER",62
"Passenger vehicles","Petrol","FORD","CRESTLINE",11
"Passenger vehicles","Petrol","FORD","CUSTOM",142
"Passenger vehicles","Petrol","FORD","CUSTOMLINE",273
"Passenger vehicles","Petrol","FORD","D SERIES",3
"Passenger vehicles","Petrol","FORD","DE LUXE",212
"Passenger vehicles","Petrol","FORD","ECONOLINE",8
"Passenger vehicles","Petrol","FORD","ECONOVAN",149
"Passenger vehicles","Petrol","FORD","ECOSPORT",8486
"Passenger vehicles","Petrol","FORD","ESCAPE",30984
"Passenger vehicles","Petrol","FORD","ESCORT",1213
"Passenger vehicles","Petrol","FORD","EVEREST",80
"Passenger vehicles","Petrol","FORD","EXPEDITION",11
"Passenger vehicles","Petrol","FORD","EXPLORER",2281
"Passenger vehicles","Petrol","FORD","F SERIES",0
"Passenger vehicles","Petrol","FORD","F100",44
"Passenger vehicles","Petrol","FORD","F150",20
"Passenger vehicles","Petrol","FORD","F350",3
"Passenger vehicles","Petrol","FORD","F500",0
"Passenger vehicles","Petrol","FORD","FAIRLANE",12029
"Passenger vehicles","Petrol","FORD","FAIRMONT",7148
"Passenger vehicles","Petrol","FORD","FALCON",223960
"Passenger vehicles","Petrol","FORD","FESTIVA",5355
"Passenger vehicles","Petrol","FORD","FIESTA",58618
"Passenger vehicles","Petrol","FORD","FOCUS",123488
"Passenger vehicles","Petrol","FORD","FUTURA",2635
"Passenger vehicles","Petrol","FORD","GALAXIE",352
"Passenger vehicles","Petrol","FORD","GALAXY",200
"Passenger vehicles","Petrol","FORD","GRAN TORINO",18
"Passenger vehicles","Petrol","FORD","GT",129
"Passenger vehicles","Petrol","FORD","GT40",15
"Passenger vehicles","Petrol","FORD","JAILBAR",3
"Passenger vehicles","Petrol","FORD","JEEP",194
"Passenger vehicles","Petrol","FORD","KA",338
"Passenger vehicles","Petrol","FORD","KUGA",12132
"Passenger vehicles","Petrol","FORD","LANDAU",117
"Passenger vehicles","Petrol","FORD","LASER",18857
"Passenger vehicles","Petrol","FORD","LINCOLN CONTINENTAL",77
"Passenger vehicles","Petrol","FORD","LTD",1577
"Passenger vehicles","Petrol","FORD","LTD CROWN VICTORIA",42
"Passenger vehicles","Petrol","FORD","MAINLINE",3
"Passenger vehicles","Petrol","FORD","MAVERICK",1339
"Passenger vehicles","Petrol","FORD","MERCURY",196
"Passenger vehicles","Petrol","FORD","METEOR",119
"Passenger vehicles","Petrol","FORD","MODEL A",870
"Passenger vehicles","Petrol","FORD","MODEL B",171
"Passenger vehicles","Petrol","FORD","MODEL C",20
"Passenger vehicles","Petrol","FORD","MODEL T",356
"Passenger vehicles","Petrol","FORD","MONDEO",10601
"Passenger vehicles","Petrol","FORD","MUSTANG",42626
"Passenger vehicles","Petrol","FORD","PHAETON",16
"Passenger vehicles","Petrol","FORD","PILOT",41
"Passenger vehicles","Petrol","FORD","POPULAR",0
"Passenger vehicles","Petrol","FORD","PREFECT",129
"Passenger vehicles","Petrol","FORD","PROBE",141
"Passenger vehicles","Petrol","FORD","PUMA",8886
"Passenger vehicles","Petrol","FORD","RAIDER",55
"Passenger vehicles","Petrol","FORD","RANCHERO",12
"Passenger vehicles","Petrol","FORD","ROADSTER",451
"Passenger vehicles","Petrol","FORD","SIERRA",57
"Passenger vehicles","Petrol","FORD","SPECTRON",26
"Passenger vehicles","Petrol","FORD","SPRINTER",14
"Passenger vehicles","Petrol","FORD","SUPER DE LUXE",47
"Passenger vehicles","Petrol","FORD","T-BUCKET",108
"Passenger vehicles","Petrol","FORD","TAURUS",124
"Passenger vehicles","Petrol","FORD","TELSTAR",643
"Passenger vehicles","Petrol","FORD","TERRITORY",71286
"Passenger vehicles","Petrol","FORD","THUNDERBIRD",682
"Passenger vehicles","Petrol","FORD","TORINO",64
"Passenger vehicles","Petrol","FORD","TOURER",97
"Passenger vehicles","Petrol","FORD","TRADER",4
"Passenger vehicles","Petrol","FORD","TRANSIT",58
"Passenger vehicles","Petrol","FORD","TUDOR",344
"Passenger vehicles","Petrol","FORD","UNKNOWN",7356
"Passenger vehicles","Petrol","FORD","V-8",27
"Passenger vehicles","Petrol","FORD","ZEPHYR",267
"Passenger vehicles","Petrol","FORD","ZODIAC",33
"Passenger vehicles","Petrol","FOTON","SAUVANA",3
"Passenger vehicles","Petrol","FRASER","UNKNOWN",0
"Passenger vehicles","Petrol","FRASER CARS","UNKNOWN",9
"Passenger vehicles","Petrol","FRAZER NASH","UNKNOWN",0
"Passenger vehicles","Petrol","GEELY","MK",140
"Passenger vehicles","Petrol","GENESIS","G70",446
"Passenger vehicles","Petrol","GENESIS","G80",323
"Passenger vehicles","Petrol","GENESIS","GV70",2650
"Passenger vehicles","Petrol","GENESIS","GV80",969
"Passenger vehicles","Petrol","GENESIS","UNKNOWN",3
"Passenger vehicles","Petrol","GILBERN","UNKNOWN",3
"Passenger vehicles","Petrol","GINETTA CARS","UNKNOWN",0
"Passenger vehicles","Petrol","GIOCATTOLO","UNKNOWN",3
"Passenger vehicles","Petrol","GM","UNKNOWN",3
"Passenger vehicles","Petrol","GMC","C10",0
"Passenger vehicles","Petrol","GMC","C1500",3
"Passenger vehicles","Petrol","GMC","K1500",3
"Passenger vehicles","Petrol","GMC","SUBURBAN",13
"Passenger vehicles","Petrol","GMC","UNKNOWN",8
"Passenger vehicles","Petrol","GMC","VANDURA",3
"Passenger vehicles","Petrol","GMC","YUKON",34
"Passenger vehicles","Petrol","GOGGOMOBIL","DART",12
"Passenger vehicles","Petrol","GOGGOMOBIL","UNKNOWN",8
"Passenger vehicles","Petrol","GRAHAM-PAIGE","UNKNOWN",13
"Passenger vehicles","Petrol","GRAY MARINE","UNKNOWN",0
"Passenger vehicles","Petrol","GREAT WALL","UNKNOWN",7
"Passenger vehicles","Petrol","GREAT WALL","X200",46
"Passenger vehicles","Petrol","GREAT WALL","X240",2818
"Passenger vehicles","Petrol","GTM","UNKNOWN",0
"Passenger vehicles","Petrol","HAFLINGER","UNKNOWN",0
"Passenger vehicles","Petrol","HAMMAR","UNKNOWN",3
"Passenger vehicles","Petrol","HAVAL","H2",5349
"Passenger vehicles","Petrol","HAVAL","H6",31101
"Passenger vehicles","Petrol","HAVAL","H8",86
"Passenger vehicles","Petrol","HAVAL","H9",1396
"Passenger vehicles","Petrol","HAVAL","JOLION",30518
"Passenger vehicles","Petrol","HAVAL","UNKNOWN",5
"Passenger vehicles","Petrol","HDK GOLF CARTS","UNKNOWN",0
"Passenger vehicles","Petrol","HILLMAN","GAZELLE",28
"Passenger vehicles","Petrol","HILLMAN","HUNTER",69
"Passenger vehicles","Petrol","HILLMAN","IMP",34
"Passenger vehicles","Petrol","HILLMAN","MINX",94
"Passenger vehicles","Petrol","HILLMAN","SUPER MINX",12
"Passenger vehicles","Petrol","HILLMAN","UNKNOWN",94
"Passenger vehicles","Petrol","HINO","UNKNOWN",0
"Passenger vehicles","Petrol","HOLDEN","48-215",55
"Passenger vehicles","Petrol","HOLDEN","ACADIA",5166
"Passenger vehicles","Petrol","HOLDEN","ADVENTRA",4181
"Passenger vehicles","Petrol","HOLDEN","APOLLO",1074
"Passenger vehicles","Petrol","HOLDEN","ASTRA",81233
"Passenger vehicles","Petrol","HOLDEN","BARINA",81360
"Passenger vehicles","Petrol","HOLDEN","BELMONT",51
"Passenger vehicles","Petrol","HOLDEN","BERLINA",26251
"Passenger vehicles","Petrol","HOLDEN","BROUGHAM",168
"Passenger vehicles","Petrol","HOLDEN","CALAIS",53163
"Passenger vehicles","Petrol","HOLDEN","CALIBRA",60
"Passenger vehicles","Petrol","HOLDEN","CAMIRA",127
"Passenger vehicles","Petrol","HOLDEN","CAPRICE",14826
"Passenger vehicles","Petrol","HOLDEN","CAPTIVA",66862
"Passenger vehicles","Petrol","HOLDEN","CASCADA",1038
"Passenger vehicles","Petrol","HOLDEN","CLUBSPORT",1386
"Passenger vehicles","Petrol","HOLDEN","COLORADO",0
"Passenger vehicles","Petrol","HOLDEN","COMBO",86
"Passenger vehicles","Petrol","HOLDEN","COMMODORE",412379
"Passenger vehicles","Petrol","HOLDEN","COUPE",85
"Passenger vehicles","Petrol","HOLDEN","CREWMAN",3
"Passenger vehicles","Petrol","HOLDEN","CRUZE",105550
"Passenger vehicles","Petrol","HOLDEN","DE VILLE",22
"Passenger vehicles","Petrol","HOLDEN","DROVER",37
"Passenger vehicles","Petrol","HOLDEN","EH SERIES",2413
"Passenger vehicles","Petrol","HOLDEN","EJ SERIES",634
"Passenger vehicles","Petrol","HOLDEN","EK SERIES",611
"Passenger vehicles","Petrol","HOLDEN","EPICA",2564
"Passenger vehicles","Petrol","HOLDEN","EQUINOX",10700
"Passenger vehicles","Petrol","HOLDEN","FB SERIES",323
"Passenger vehicles","Petrol","HOLDEN","FC SERIES",516
"Passenger vehicles","Petrol","HOLDEN","FE SERIES",183
"Passenger vehicles","Petrol","HOLDEN","FJ SERIES",835
"Passenger vehicles","Petrol","HOLDEN","FRONTERA",1215
"Passenger vehicles","Petrol","HOLDEN","FX SERIES",366
"Passenger vehicles","Petrol","HOLDEN","GEMINI",1157
"Passenger vehicles","Petrol","HOLDEN","GTO",359
"Passenger vehicles","Petrol","HOLDEN","GTS",14
"Passenger vehicles","Petrol","HOLDEN","HD SERIES",291
"Passenger vehicles","Petrol","HOLDEN","HG SERIES",1092
"Passenger vehicles","Petrol","HOLDEN","HJ SERIES",902
"Passenger vehicles","Petrol","HOLDEN","HK SERIES",697
"Passenger vehicles","Petrol","HOLDEN","HQ SERIES",2422
"Passenger vehicles","Petrol","HOLDEN","HR SERIES",1413
"Passenger vehicles","Petrol","HOLDEN","HSV",95
"Passenger vehicles","Petrol","HOLDEN","HT SERIES",651
"Passenger vehicles","Petrol","HOLDEN","HX SERIES",601
"Passenger vehicles","Petrol","HOLDEN","HZ SERIES",1251
"Passenger vehicles","Petrol","HOLDEN","INSIGNIA",335
"Passenger vehicles","Petrol","HOLDEN","JACKAROO",4339
"Passenger vehicles","Petrol","HOLDEN","KINGSWOOD",1855
"Passenger vehicles","Petrol","HOLDEN","MALIBU",3843
"Passenger vehicles","Petrol","HOLDEN","MONARO",12254
"Passenger vehicles","Petrol","HOLDEN","NOVA",1350
"Passenger vehicles","Petrol","HOLDEN","ONE TONNER",0
"Passenger vehicles","Petrol","HOLDEN","PREMIER",1040
"Passenger vehicles","Petrol","HOLDEN","RODEO",156
"Passenger vehicles","Petrol","HOLDEN","SANDMAN",7
"Passenger vehicles","Petrol","HOLDEN","SCURRY",8
"Passenger vehicles","Petrol","HOLDEN","SENATOR",236
"Passenger vehicles","Petrol","HOLDEN","SHUTTLE",4
"Passenger vehicles","Petrol","HOLDEN","SPARK",3226
"Passenger vehicles","Petrol","HOLDEN","SPECIAL",62
"Passenger vehicles","Petrol","HOLDEN","STATESMAN",19044
"Passenger vehicles","Petrol","HOLDEN","SUBURBAN",262
"Passenger vehicles","Petrol","HOLDEN","SUNBIRD",107
"Passenger vehicles","Petrol","HOLDEN","TIGRA",465
"Passenger vehicles","Petrol","HOLDEN","TORANA",8317
"Passenger vehicles","Petrol","HOLDEN","TRAX",38796
"Passenger vehicles","Petrol","HOLDEN","UNKNOWN",10506
"Passenger vehicles","Petrol","HOLDEN","VECTRA",2398
"Passenger vehicles","Petrol","HOLDEN","VIVA",5492
"Passenger vehicles","Petrol","HOLDEN","WB SERIES",145
"Passenger vehicles","Petrol","HOLDEN","ZAFIRA",519
"Passenger vehicles","Petrol","HOME MADE","AC COBRA REPLICA",20
"Passenger vehicles","Petrol","HOME MADE","COBRA",50
"Passenger vehicles","Petrol","HOME MADE","ROADSTER",19
"Passenger vehicles","Petrol","HOME MADE","UNKNOWN",223
"Passenger vehicles","Petrol","HONDA","ACCORD",98241
"Passenger vehicles","Petrol","HONDA","ACTY",4
"Passenger vehicles","Petrol","HONDA","BEAT",29
"Passenger vehicles","Petrol","HONDA","CITY",15154
"Passenger vehicles","Petrol","HONDA","CIVIC",165881
"Passenger vehicles","Petrol","HONDA","CONCERTO",54
"Passenger vehicles","Petrol","HONDA","CR-V",183738
"Passenger vehicles","Petrol","HONDA","CR-X",204
"Passenger vehicles","Petrol","HONDA","FIT",13
"Passenger vehicles","Petrol","HONDA","GRACE",34
"Passenger vehicles","Petrol","HONDA","HR-V",78566
"Passenger vehicles","Petrol","HONDA","INTEGRA",4445
"Passenger vehicles","Petrol","HONDA","JAZZ",113568
"Passenger vehicles","Petrol","HONDA","LEGEND",1167
"Passenger vehicles","Petrol","HONDA","MDX",1325
"Passenger vehicles","Petrol","HONDA","N-BOX",141
"Passenger vehicles","Petrol","HONDA","N-ONE",51
"Passenger vehicles","Petrol","HONDA","NSX",206
"Passenger vehicles","Petrol","HONDA","ODYSSEY",30183
"Passenger vehicles","Petrol","HONDA","PRELUDE",2377
"Passenger vehicles","Petrol","HONDA","S2000",1220
"Passenger vehicles","Petrol","HONDA","S600",32
"Passenger vehicles","Petrol","HONDA","S660",97
"Passenger vehicles","Petrol","HONDA","S800",11
"Passenger vehicles","Petrol","HONDA","STEP",3
"Passenger vehicles","Petrol","HONDA","STEP WGN",28
"Passenger vehicles","Petrol","HONDA","UNKNOWN",273
"Passenger vehicles","Petrol","HONDA","VEZEL",12
"Passenger vehicles","Petrol","HONDA","ZR-V",4169
"Passenger vehicles","Petrol","HUDSON","HORNET",15
"Passenger vehicles","Petrol","HUDSON","PACEMAKER",11
"Passenger vehicles","Petrol","HUDSON","SUPER SIX",22
"Passenger vehicles","Petrol","HUDSON","UNKNOWN",58
"Passenger vehicles","Petrol","HUMBER","HAWK",19
"Passenger vehicles","Petrol","HUMBER","SNIPE",15
"Passenger vehicles","Petrol","HUMBER","SUPER SNIPE",109
"Passenger vehicles","Petrol","HUMBER","UNKNOWN",137
"Passenger vehicles","Petrol","HUMBER","VOGUE",37
"Passenger vehicles","Petrol","HUMMER","H1",0
"Passenger vehicles","Petrol","HUMMER","H2",183
"Passenger vehicles","Petrol","HUMMER","H3",1220
"Passenger vehicles","Petrol","HUMMER","UNKNOWN",3
"Passenger vehicles","Petrol","HUPMOBILE","UNKNOWN",26
"Passenger vehicles","Petrol","HYUNDAI","ACCENT",102466
"Passenger vehicles","Petrol","HYUNDAI","COUPE",526
"Passenger vehicles","Petrol","HYUNDAI","ELANTRA",77923
"Passenger vehicles","Petrol","HYUNDAI","EXCEL",6749
"Passenger vehicles","Petrol","HYUNDAI","GENESIS",1046
"Passenger vehicles","Petrol","HYUNDAI","GETZ",87232
"Passenger vehicles","Petrol","HYUNDAI","GRANDEUR",772
"Passenger vehicles","Petrol","HYUNDAI","H-1",6
"Passenger vehicles","Petrol","HYUNDAI","I20",53229
"Passenger vehicles","Petrol","HYUNDAI","I30",361086
"Passenger vehicles","Petrol","HYUNDAI","I40",5668
"Passenger vehicles","Petrol","HYUNDAI","I45",7811
"Passenger vehicles","Petrol","HYUNDAI","IMAX",6850
"Passenger vehicles","Petrol","HYUNDAI","IONIQ",26
"Passenger vehicles","Petrol","HYUNDAI","IX35",54646
"Passenger vehicles","Petrol","HYUNDAI","KONA",82410
"Passenger vehicles","Petrol","HYUNDAI","LANTRA",1757
"Passenger vehicles","Petrol","HYUNDAI","LAVITA",166
"Passenger vehicles","Petrol","HYUNDAI","PALISADE",2496
"Passenger vehicles","Petrol","HYUNDAI","SANTA FE",13135
"Passenger vehicles","Petrol","HYUNDAI","SCOUPE",31
"Passenger vehicles","Petrol","HYUNDAI","SONATA",13714
"Passenger vehicles","Petrol","HYUNDAI","STARIA",1860
"Passenger vehicles","Petrol","HYUNDAI","TERRACAN",1159
"Passenger vehicles","Petrol","HYUNDAI","TIBURON",1515
"Passenger vehicles","Petrol","HYUNDAI","TRAJET",610
"Passenger vehicles","Petrol","HYUNDAI","TUCSON",152310
"Passenger vehicles","Petrol","HYUNDAI","UNKNOWN",25
"Passenger vehicles","Petrol","HYUNDAI","VELOSTER",17428
"Passenger vehicles","Petrol","HYUNDAI","VENUE",30477
"Passenger vehicles","Petrol","INDEPENDENT CONSTRUCTOR","GT40",15
"Passenger vehicles","Petrol","INDEPENDENT CONSTRUCTOR","UNKNOWN",354
"Passenger vehicles","Petrol","INEOS","GRENADIER",159
"Passenger vehicles","Petrol","INFINITI","FX37",146
"Passenger vehicles","Petrol","INFINITI","FX50",59
"Passenger vehicles","Petrol","INFINITI","G LINE",131
"Passenger vehicles","Petrol","INFINITI","G37",13
"Passenger vehicles","Petrol","INFINITI","M",34
"Passenger vehicles","Petrol","INFINITI","Q30",417
"Passenger vehicles","Petrol","INFINITI","Q50",1021
"Passenger vehicles","Petrol","INFINITI","Q60",327
"Passenger vehicles","Petrol","INFINITI","Q70",105
"Passenger vehicles","Petrol","INFINITI","QX30",199
"Passenger vehicles","Petrol","INFINITI","QX70",494
"Passenger vehicles","Petrol","INFINITI","QX80",284
"Passenger vehicles","Petrol","INFINITI","UNKNOWN",16
"Passenger vehicles","Petrol","INNOCENTI","UNKNOWN",0
"Passenger vehicles","Petrol","INTERNATIONAL","C1300",0
"Passenger vehicles","Petrol","INTERNATIONAL","SCOUT",35
"Passenger vehicles","Petrol","INTERNATIONAL","UNKNOWN",49
"Passenger vehicles","Petrol","INVICTA","UNKNOWN",3
"Passenger vehicles","Petrol","ISO","UNKNOWN",4
"Passenger vehicles","Petrol","ISUZU","BELLETT",38
"Passenger vehicles","Petrol","ISUZU","BIGHORN",5
"Passenger vehicles","Petrol","ISUZU","ELF",0
"Passenger vehicles","Petrol","ISUZU","GEMINI",9
"Passenger vehicles","Petrol","ISUZU","MU-X",495
"Passenger vehicles","Petrol","ISUZU","UNKNOWN",7
"Passenger vehicles","Petrol","ISUZU","VEHICROSS",11
"Passenger vehicles","Petrol","JAGUAR","420",82
"Passenger vehicles","Petrol","JAGUAR","DAIMLER SOVEREIGN",38
"Passenger vehicles","Petrol","JAGUAR","E-PACE",2456
"Passenger vehicles","Petrol","JAGUAR","E-TYPE",613
"Passenger vehicles","Petrol","JAGUAR","F-PACE",2352
"Passenger vehicles","Petrol","JAGUAR","F-TYPE",1108
"Passenger vehicles","Petrol","JAGUAR","MK1",26
"Passenger vehicles","Petrol","JAGUAR","MK10",39
"Passenger vehicles","Petrol","JAGUAR","MK2",389
"Passenger vehicles","Petrol","JAGUAR","MK4",46
"Passenger vehicles","Petrol","JAGUAR","MK5",115
"Passenger vehicles","Petrol","JAGUAR","MK7",42
"Passenger vehicles","Petrol","JAGUAR","MK9",19
"Passenger vehicles","Petrol","JAGUAR","S-TYPE",2255
"Passenger vehicles","Petrol","JAGUAR","SOVEREIGN",847
"Passenger vehicles","Petrol","JAGUAR","SS100",22
"Passenger vehicles","Petrol","JAGUAR","UNKNOWN",1853
"Passenger vehicles","Petrol","JAGUAR","VANDEN PLAS",14
"Passenger vehicles","Petrol","JAGUAR","X-TYPE",3485
"Passenger vehicles","Petrol","JAGUAR","XE",3122
"Passenger vehicles","Petrol","JAGUAR","XF",2615
"Passenger vehicles","Petrol","JAGUAR","XJ",1351
"Passenger vehicles","Petrol","JAGUAR","XJ12",62
"Passenger vehicles","Petrol","JAGUAR","XJ6",1153
"Passenger vehicles","Petrol","JAGUAR","XJ8",311
"Passenger vehicles","Petrol","JAGUAR","XJC",32
"Passenger vehicles","Petrol","JAGUAR","XJR",130
"Passenger vehicles","Petrol","JAGUAR","XJS",323
"Passenger vehicles","Petrol","JAGUAR","XK",1736
"Passenger vehicles","Petrol","JBA","UNKNOWN",6
"Passenger vehicles","Petrol","JEEP","CHEROKEE",22109
"Passenger vehicles","Petrol","JEEP","CJ-5",13
"Passenger vehicles","Petrol","JEEP","CJ-6",5
"Passenger vehicles","Petrol","JEEP","CJ-7",31
"Passenger vehicles","Petrol","JEEP","CJ-8",5
"Passenger vehicles","Petrol","JEEP","CJ SERIES",8
"Passenger vehicles","Petrol","JEEP","COMMANDER",114
"Passenger vehicles","Petrol","JEEP","COMPASS",18928
"Passenger vehicles","Petrol","JEEP","GLADIATOR",0
"Passenger vehicles","Petrol","JEEP","GRAND CHEROKEE",38215
"Passenger vehicles","Petrol","JEEP","PATRIOT",9986
"Passenger vehicles","Petrol","JEEP","RENEGADE",2054
"Passenger vehicles","Petrol","JEEP","UNKNOWN",87
"Passenger vehicles","Petrol","JEEP","WILLYS",21
"Passenger vehicles","Petrol","JEEP","WRANGLER",30651
"Passenger vehicles","Petrol","JENSEN","INTERCEPTOR",90
"Passenger vehicles","Petrol","JENSEN","UNKNOWN",109
"Passenger vehicles","Petrol","JOWETT","UNKNOWN",27
"Passenger vehicles","Petrol","KARLMANN","UNKNOWN",3
"Passenger vehicles","Petrol","KIA","CARENS",46
"Passenger vehicles","Petrol","KIA","CARNIVAL",39217
"Passenger vehicles","Petrol","KIA","CERATO",181912
"Passenger vehicles","Petrol","KIA","K4",175
"Passenger vehicles","Petrol","KIA","MAGENTIS",922
"Passenger vehicles","Petrol","KIA","MENTOR",269
"Passenger vehicles","Petrol","KIA","NIRO",13
"Passenger vehicles","Petrol","KIA","OPTIMA",9894
"Passenger vehicles","Petrol","KIA","PICANTO",43951
"Passenger vehicles","Petrol","KIA","PREGIO",4
"Passenger vehicles","Petrol","KIA","PROCEED",662
"Passenger vehicles","Petrol","KIA","RIO",106340
"Passenger vehicles","Petrol","KIA","RONDO",2678
"Passenger vehicles","Petrol","KIA","SELTOS",47721
"Passenger vehicles","Petrol","KIA","SHUMA",27
"Passenger vehicles","Petrol","KIA","SORENTO",14195
"Passenger vehicles","Petrol","KIA","SOUL",2543
"Passenger vehicles","Petrol","KIA","SPECTRA",272
"Passenger vehicles","Petrol","KIA","SPORTAGE",111644
"Passenger vehicles","Petrol","KIA","STINGER",11133
"Passenger vehicles","Petrol","KIA","STONIC",29478
"Passenger vehicles","Petrol","KIA","UNKNOWN",23
"Passenger vehicles","Petrol","KILLER CARS","UNKNOWN",0
"Passenger vehicles","Petrol","KTM","UNKNOWN",3
"Passenger vehicles","Petrol","KTM","X-BOW",15
"Passenger vehicles","Petrol","LADA","NIVA",87
"Passenger vehicles","Petrol","LADA","UNKNOWN",17
"Passenger vehicles","Petrol","LAGONDA","UNKNOWN",13
"Passenger vehicles","Petrol","LAMBORGHINI","AVENTADOR",199
"Passenger vehicles","Petrol","LAMBORGHINI","COUNTACH",14
"Passenger vehicles","Petrol","LAMBORGHINI","DIABLO",52
"Passenger vehicles","Petrol","LAMBORGHINI","GALLARDO",434
"Passenger vehicles","Petrol","LAMBORGHINI","HURACAN",879
"Passenger vehicles","Petrol","LAMBORGHINI","MURCIELAGO",79
"Passenger vehicles","Petrol","LAMBORGHINI","UNKNOWN",39
"Passenger vehicles","Petrol","LAMBORGHINI","URUS",499
"Passenger vehicles","Petrol","LANCHESTER","UNKNOWN",0
"Passenger vehicles","Petrol","LANCIA","BETA",35
"Passenger vehicles","Petrol","LANCIA","DELTA",39
"Passenger vehicles","Petrol","LANCIA","FULVIA",45
"Passenger vehicles","Petrol","LANCIA","MONTECARLO",11
"Passenger vehicles","Petrol","LANCIA","UNKNOWN",118
"Passenger vehicles","Petrol","LAND ROVER","101",0
"Passenger vehicles","Petrol","LAND ROVER","109",8
"Passenger vehicles","Petrol","LAND ROVER","110",41
"Passenger vehicles","Petrol","LAND ROVER","2A",87
"Passenger vehicles","Petrol","LAND ROVER","3500",135
"Passenger vehicles","Petrol","LAND ROVER","416",11
"Passenger vehicles","Petrol","LAND ROVER","75",17
"Passenger vehicles","Petrol","LAND ROVER","80",3
"Passenger vehicles","Petrol","LAND ROVER","88",8
"Passenger vehicles","Petrol","LAND ROVER","APV",21
"Passenger vehicles","Petrol","LAND ROVER","CLASSIC",23
"Passenger vehicles","Petrol","LAND ROVER","COUNTY",19
"Passenger vehicles","Petrol","LAND ROVER","DEFENDER",4220
"Passenger vehicles","Petrol","LAND ROVER","DISCOVERY",9637
"Passenger vehicles","Petrol","LAND ROVER","FREELANDER",1377
"Passenger vehicles","Petrol","LAND ROVER","HIGHLINE",21
"Passenger vehicles","Petrol","LAND ROVER","MG F",64
"Passenger vehicles","Petrol","LAND ROVER","MINI",429
"Passenger vehicles","Petrol","LAND ROVER","PERENTIE",3
"Passenger vehicles","Petrol","LAND ROVER","RANGE ROVER",16092
"Passenger vehicles","Petrol","LAND ROVER","ROVER 75",517
"Passenger vehicles","Petrol","LAND ROVER","ROVER P3",23
"Passenger vehicles","Petrol","LAND ROVER","ROVER P4",21
"Passenger vehicles","Petrol","LAND ROVER","ROVER P5",44
"Passenger vehicles","Petrol","LAND ROVER","ROVER P6",16
"Passenger vehicles","Petrol","LAND ROVER","RV8",44
"Passenger vehicles","Petrol","LAND ROVER","SERIES 1",59
"Passenger vehicles","Petrol","LAND ROVER","SERIES 2",65
"Passenger vehicles","Petrol","LAND ROVER","SERIES 3",148
"Passenger vehicles","Petrol","LAND ROVER","UNKNOWN",1185
"Passenger vehicles","Petrol","LAND ROVER","VANDEN PLAS",18
"Passenger vehicles","Petrol","LASALLE","UNKNOWN",3
"Passenger vehicles","Petrol","LDV","D90",5898
"Passenger vehicles","Petrol","LDV","DELIVER 9",0
"Passenger vehicles","Petrol","LDV","G10",3698
"Passenger vehicles","Petrol","LDV","MIFA",920
"Passenger vehicles","Petrol","LDV","T60",0
"Passenger vehicles","Petrol","LDV","UNKNOWN",6
"Passenger vehicles","Petrol","LDV","V80",9
"Passenger vehicles","Petrol","LEA FRANCIS","UNKNOWN",0
"Passenger vehicles","Petrol","LEXUS","ES250",676
"Passenger vehicles","Petrol","LEXUS","ES300",2506
"Passenger vehicles","Petrol","LEXUS","ES350",744
"Passenger vehicles","Petrol","LEXUS","GS F",134
"Passenger vehicles","Petrol","LEXUS","GS200",88
"Passenger vehicles","Petrol","LEXUS","GS250",487
"Passenger vehicles","Petrol","LEXUS","GS300",2339
"Passenger vehicles","Petrol","LEXUS","GS350",714
"Passenger vehicles","Petrol","LEXUS","GS430",325
"Passenger vehicles","Petrol","LEXUS","GS460",137
"Passenger vehicles","Petrol","LEXUS","GX550",955
"Passenger vehicles","Petrol","LEXUS","IS F",605
"Passenger vehicles","Petrol","LEXUS","IS200",6050
"Passenger vehicles","Petrol","LEXUS","IS250",20943
"Passenger vehicles","Petrol","LEXUS","IS300",3236
"Passenger vehicles","Petrol","LEXUS","IS350",5228
"Passenger vehicles","Petrol","LEXUS","IS500",15
"Passenger vehicles","Petrol","LEXUS","LC500",398
"Passenger vehicles","Petrol","LEXUS","LS400",681
"Passenger vehicles","Petrol","LEXUS","LS430",738
"Passenger vehicles","Petrol","LEXUS","LS460",577
"Passenger vehicles","Petrol","LEXUS","LS500",153
"Passenger vehicles","Petrol","LEXUS","LX470",2165
"Passenger vehicles","Petrol","LEXUS","LX500",0
"Passenger vehicles","Petrol","LEXUS","LX570",2292
"Passenger vehicles","Petrol","LEXUS","LX600",929
"Passenger vehicles","Petrol","LEXUS","NX100",179
"Passenger vehicles","Petrol","LEXUS","NX200",5963
"Passenger vehicles","Petrol","LEXUS","NX250",4327
"Passenger vehicles","Petrol","LEXUS","NX300",10071
"Passenger vehicles","Petrol","LEXUS","NX350",2171
"Passenger vehicles","Petrol","LEXUS","RC F",342
"Passenger vehicles","Petrol","LEXUS","RC200",182
"Passenger vehicles","Petrol","LEXUS","RC300",162
"Passenger vehicles","Petrol","LEXUS","RC350",1676
"Passenger vehicles","Petrol","LEXUS","RX200",891
"Passenger vehicles","Petrol","LEXUS","RX270",1771
"Passenger vehicles","Petrol","LEXUS","RX300",1820
"Passenger vehicles","Petrol","LEXUS","RX330",4724
"Passenger vehicles","Petrol","LEXUS","RX350",19798
"Passenger vehicles","Petrol","LEXUS","RX450",44
"Passenger vehicles","Petrol","LEXUS","SC400",12
"Passenger vehicles","Petrol","LEXUS","SC430",606
"Passenger vehicles","Petrol","LEXUS","UNKNOWN",96
"Passenger vehicles","Petrol","LEXUS","UX200",4605
"Passenger vehicles","Petrol","LEYLAND","MARINA",11
"Passenger vehicles","Petrol","LEYLAND","MG B",66
"Passenger vehicles","Petrol","LEYLAND","MINI",1454
"Passenger vehicles","Petrol","LEYLAND","MINI CLUBMAN",27
"Passenger vehicles","Petrol","LEYLAND","MINI MOKE",790
"Passenger vehicles","Petrol","LEYLAND","MOKE CALIFORNIAN",8
"Passenger vehicles","Petrol","LEYLAND","P76",137
"Passenger vehicles","Petrol","LEYLAND","RANGE ROVER",103
"Passenger vehicles","Petrol","LEYLAND","UNKNOWN",388
"Passenger vehicles","Petrol","LIFAN","UNKNOWN",3
"Passenger vehicles","Petrol","LINCOLN","CONTINENTAL",115
"Passenger vehicles","Petrol","LINCOLN","CONTINENTAL MARK V",10
"Passenger vehicles","Petrol","LINCOLN","TOWN CAR",27
"Passenger vehicles","Petrol","LINCOLN","UNKNOWN",65
"Passenger vehicles","Petrol","LINCOLN CONTINENTAL","UNKNOWN",0
"Passenger vehicles","Petrol","LISTER","UNKNOWN",3
"Passenger vehicles","Petrol","LLOYD-HARTNETT","UNKNOWN",3
"Passenger vehicles","Petrol","LOCOMOBILE","UNKNOWN",0
"Passenger vehicles","Petrol","LOTUS","7",12
"Passenger vehicles","Petrol","LOTUS","ELAN",110
"Passenger vehicles","Petrol","LOTUS","ELISE",852
"Passenger vehicles","Petrol","LOTUS","ELITE",14
"Passenger vehicles","Petrol","LOTUS","EMIRA",315
"Passenger vehicles","Petrol","LOTUS","ESPRIT",103
"Passenger vehicles","Petrol","LOTUS","EUROPA",41
"Passenger vehicles","Petrol","LOTUS","EVORA",113
"Passenger vehicles","Petrol","LOTUS","EXCEL",17
"Passenger vehicles","Petrol","LOTUS","EXIGE",337
"Passenger vehicles","Petrol","LOTUS","SUPER 7",36
"Passenger vehicles","Petrol","LOTUS","UNKNOWN",130
"Passenger vehicles","Petrol","MACK","UNKNOWN",0
"Passenger vehicles","Petrol","MAHINDRA","UNKNOWN",3
"Passenger vehicles","Petrol","MAHINDRA","XUV 500",145
"Passenger vehicles","Petrol","MAHINDRA","XUV 700",4535
"Passenger vehicles","Petrol","MAHINDRA","XUV500",40
"Passenger vehicles","Petrol","MAHINDRA","XUV700",545
"Passenger vehicles","Petrol","MARCOS","UNKNOWN",3
"Passenger vehicles","Petrol","MARLENE","UNKNOWN",3
"Passenger vehicles","Petrol","MARMON","UNKNOWN",4
"Passenger vehicles","Petrol","MASERATI","3200 GT",111
"Passenger vehicles","Petrol","MASERATI","4200 GT",31
"Passenger vehicles","Petrol","MASERATI","BITURBO",18
"Passenger vehicles","Petrol","MASERATI","CAMBIOCORSA",18
"Passenger vehicles","Petrol","MASERATI","COUPE",204
"Passenger vehicles","Petrol","MASERATI","GHIBLI",1610
"Passenger vehicles","Petrol","MASERATI","GRANCABRIO",101
"Passenger vehicles","Petrol","MASERATI","GRANSPORT",64
"Passenger vehicles","Petrol","MASERATI","GRANTURISMO",886
"Passenger vehicles","Petrol","MASERATI","GRECALE",517
"Passenger vehicles","Petrol","MASERATI","LEVANTE",1546
"Passenger vehicles","Petrol","MASERATI","MC20",56
"Passenger vehicles","Petrol","MASERATI","QUATTROPORTE",707
"Passenger vehicles","Petrol","MASERATI","SPYDER",97
"Passenger vehicles","Petrol","MASERATI","UNKNOWN",154
"Passenger vehicles","Petrol","MATRA","UNKNOWN",0
"Passenger vehicles","Petrol","MAYBACH","UNKNOWN",8
"Passenger vehicles","Petrol","MAZDA","1000",0
"Passenger vehicles","Petrol","MAZDA","1200",21
"Passenger vehicles","Petrol","MAZDA","121",7464
"Passenger vehicles","Petrol","MAZDA","1300",152
"Passenger vehicles","Petrol","MAZDA","1500",11
"Passenger vehicles","Petrol","MAZDA","1600",34
"Passenger vehicles","Petrol","MAZDA","1800",14
"Passenger vehicles","Petrol","MAZDA","323",27053
"Passenger vehicles","Petrol","MAZDA","626",5485
"Passenger vehicles","Petrol","MAZDA","808",369
"Passenger vehicles","Petrol","MAZDA","929",338
"Passenger vehicles","Petrol","MAZDA","ATENZA",13
"Passenger vehicles","Petrol","MAZDA","AUTOZAM",9
"Passenger vehicles","Petrol","MAZDA","AXELA",25
"Passenger vehicles","Petrol","MAZDA","B1600",0
"Passenger vehicles","Petrol","MAZDA","B2200",3
"Passenger vehicles","Petrol","MAZDA","B2500",3
"Passenger vehicles","Petrol","MAZDA","B2600",36
"Passenger vehicles","Petrol","MAZDA","B3000",3
"Passenger vehicles","Petrol","MAZDA","B4000",0
"Passenger vehicles","Petrol","MAZDA","BONGO",3
"Passenger vehicles","Petrol","MAZDA","CAPELLA",159
"Passenger vehicles","Petrol","MAZDA","COSMO",32
"Passenger vehicles","Petrol","MAZDA","CX-3",147842
"Passenger vehicles","Petrol","MAZDA","CX-30",62246
"Passenger vehicles","Petrol","MAZDA","CX-5",262200
"Passenger vehicles","Petrol","MAZDA","CX-60",3
"Passenger vehicles","Petrol","MAZDA","CX-7",24509
"Passenger vehicles","Petrol","MAZDA","CX-8",18219
"Passenger vehicles","Petrol","MAZDA","CX-9",80470
"Passenger vehicles","Petrol","MAZDA","E1600",0
"Passenger vehicles","Petrol","MAZDA","E1800",26
"Passenger vehicles","Petrol","MAZDA","E2000",145
"Passenger vehicles","Petrol","MAZDA","E2200",0
"Passenger vehicles","Petrol","MAZDA","E2500",3
"Passenger vehicles","Petrol","MAZDA","EUNOS",34
"Passenger vehicles","Petrol","MAZDA","EUNOS 30X",127
"Passenger vehicles","Petrol","MAZDA","EUNOS 500",72
"Passenger vehicles","Petrol","MAZDA","EUNOS 800",32
"Passenger vehicles","Petrol","MAZDA","FAMILIA",41
"Passenger vehicles","Petrol","MAZDA","MAZDA 2",185794
"Passenger vehicles","Petrol","MAZDA","MAZDA 3",517661
"Passenger vehicles","Petrol","MAZDA","MAZDA 6",97295
"Passenger vehicles","Petrol","MAZDA","MPV",851
"Passenger vehicles","Petrol","MAZDA","MX-30",2263
"Passenger vehicles","Petrol","MAZDA","MX-5",20960
"Passenger vehicles","Petrol","MAZDA","MX-6",344
"Passenger vehicles","Petrol","MAZDA","PARKWAY",0
"Passenger vehicles","Petrol","MAZDA","PREMACY",758
"Passenger vehicles","Petrol","MAZDA","R100",73
"Passenger vehicles","Petrol","MAZDA","ROADSTER",11
"Passenger vehicles","Petrol","MAZDA","RX-2",172
"Passenger vehicles","Petrol","MAZDA","RX-3",328
"Passenger vehicles","Petrol","MAZDA","RX-4",179
"Passenger vehicles","Petrol","MAZDA","RX-5",17
"Passenger vehicles","Petrol","MAZDA","RX-7",2855
"Passenger vehicles","Petrol","MAZDA","RX-8",3119
"Passenger vehicles","Petrol","MAZDA","T3000",3
"Passenger vehicles","Petrol","MAZDA","TRIBUTE",10109
"Passenger vehicles","Petrol","MAZDA","UNKNOWN",805
"Passenger vehicles","Petrol","MCLAREN","540C",19
"Passenger vehicles","Petrol","MCLAREN","570S",77
"Passenger vehicles","Petrol","MCLAREN","600LT",15
"Passenger vehicles","Petrol","MCLAREN","650S",56
"Passenger vehicles","Petrol","MCLAREN","675LT",19
"Passenger vehicles","Petrol","MCLAREN","720S",250
"Passenger vehicles","Petrol","MCLAREN","765LT",20
"Passenger vehicles","Petrol","MCLAREN","GT",39
"Passenger vehicles","Petrol","MCLAREN","MA3",120
"Passenger vehicles","Petrol","MCLAREN","MP4",116
"Passenger vehicles","Petrol","MCLAREN","P1",10
"Passenger vehicles","Petrol","MCLAREN","P14",30
"Passenger vehicles","Petrol","MCLAREN","UNKNOWN",29
"Passenger vehicles","Petrol","MCRAE","UNKNOWN",0
"Passenger vehicles","Petrol","MERCEDES-BENZ","140",104
"Passenger vehicles","Petrol","MERCEDES-BENZ","170",9
"Passenger vehicles","Petrol","MERCEDES-BENZ","180",10
"Passenger vehicles","Petrol","MERCEDES-BENZ","180E",270
"Passenger vehicles","Petrol","MERCEDES-BENZ","190",142
"Passenger vehicles","Petrol","MERCEDES-BENZ","190D",0
"Passenger vehicles","Petrol","MERCEDES-BENZ","190E",443
"Passenger vehicles","Petrol","MERCEDES-BENZ","200GE",23
"Passenger vehicles","Petrol","MERCEDES-BENZ","220",219
"Passenger vehicles","Petrol","MERCEDES-BENZ","2222",3
"Passenger vehicles","Petrol","MERCEDES-BENZ","230",369
"Passenger vehicles","Petrol","MERCEDES-BENZ","230E",298
"Passenger vehicles","Petrol","MERCEDES-BENZ","240",13
"Passenger vehicles","Petrol","MERCEDES-BENZ","250",202
"Passenger vehicles","Petrol","MERCEDES-BENZ","260",91
"Passenger vehicles","Petrol","MERCEDES-BENZ","260E",74
"Passenger vehicles","Petrol","MERCEDES-BENZ","280",1125
"Passenger vehicles","Petrol","MERCEDES-BENZ","280CE",45
"Passenger vehicles","Petrol","MERCEDES-BENZ","280E",99
"Passenger vehicles","Petrol","MERCEDES-BENZ","290",3
"Passenger vehicles","Petrol","MERCEDES-BENZ","300",449
"Passenger vehicles","Petrol","MERCEDES-BENZ","300CE",290
"Passenger vehicles","Petrol","MERCEDES-BENZ","300E",354
"Passenger vehicles","Petrol","MERCEDES-BENZ","300SE",309
"Passenger vehicles","Petrol","MERCEDES-BENZ","300SEL",155
"Passenger vehicles","Petrol","MERCEDES-BENZ","300SL",25
"Passenger vehicles","Petrol","MERCEDES-BENZ","300TE",80
"Passenger vehicles","Petrol","MERCEDES-BENZ","320CE",26
"Passenger vehicles","Petrol","MERCEDES-BENZ","320E",35
"Passenger vehicles","Petrol","MERCEDES-BENZ","350",444
"Passenger vehicles","Petrol","MERCEDES-BENZ","380",125
"Passenger vehicles","Petrol","MERCEDES-BENZ","380SE",17
"Passenger vehicles","Petrol","MERCEDES-BENZ","380SEC",132
"Passenger vehicles","Petrol","MERCEDES-BENZ","380SEL",105
"Passenger vehicles","Petrol","MERCEDES-BENZ","380SL",232
"Passenger vehicles","Petrol","MERCEDES-BENZ","380SLC",11
"Passenger vehicles","Petrol","MERCEDES-BENZ","400SEL",24
"Passenger vehicles","Petrol","MERCEDES-BENZ","420",79
"Passenger vehicles","Petrol","MERCEDES-BENZ","420SEL",329
"Passenger vehicles","Petrol","MERCEDES-BENZ","450",448
"Passenger vehicles","Petrol","MERCEDES-BENZ","450SL",14
"Passenger vehicles","Petrol","MERCEDES-BENZ","450SLC",23
"Passenger vehicles","Petrol","MERCEDES-BENZ","500",64
"Passenger vehicles","Petrol","MERCEDES-BENZ","500SEC",95
"Passenger vehicles","Petrol","MERCEDES-BENZ","500SEL",43
"Passenger vehicles","Petrol","MERCEDES-BENZ","500SL",460
"Passenger vehicles","Petrol","MERCEDES-BENZ","560",33
"Passenger vehicles","Petrol","MERCEDES-BENZ","560SEC",144
"Passenger vehicles","Petrol","MERCEDES-BENZ","560SEL",120
"Passenger vehicles","Petrol","MERCEDES-BENZ","560SL",109
"Passenger vehicles","Petrol","MERCEDES-BENZ","A-CLASS",10
"Passenger vehicles","Petrol","MERCEDES-BENZ","A140",50
"Passenger vehicles","Petrol","MERCEDES-BENZ","A150",86
"Passenger vehicles","Petrol","MERCEDES-BENZ","A160",938
"Passenger vehicles","Petrol","MERCEDES-BENZ","A170",1844
"Passenger vehicles","Petrol","MERCEDES-BENZ","A180",11270
"Passenger vehicles","Petrol","MERCEDES-BENZ","A190",446
"Passenger vehicles","Petrol","MERCEDES-BENZ","A200",10256
"Passenger vehicles","Petrol","MERCEDES-BENZ","A250",13730
"Passenger vehicles","Petrol","MERCEDES-BENZ","A35",3212
"Passenger vehicles","Petrol","MERCEDES-BENZ","A45",3282
"Passenger vehicles","Petrol","MERCEDES-BENZ","A45S",1817
"Passenger vehicles","Petrol","MERCEDES-BENZ","B180",8104
"Passenger vehicles","Petrol","MERCEDES-BENZ","B200",7986
"Passenger vehicles","Petrol","MERCEDES-BENZ","B250",1833
"Passenger vehicles","Petrol","MERCEDES-BENZ","C-CLASS",217
"Passenger vehicles","Petrol","MERCEDES-BENZ","C124",85
"Passenger vehicles","Petrol","MERCEDES-BENZ","C180",11281
"Passenger vehicles","Petrol","MERCEDES-BENZ","C200",49493
"Passenger vehicles","Petrol","MERCEDES-BENZ","C220",209
"Passenger vehicles","Petrol","MERCEDES-BENZ","C230",323
"Passenger vehicles","Petrol","MERCEDES-BENZ","C240",1108
"Passenger vehicles","Petrol","MERCEDES-BENZ","C250",19109
"Passenger vehicles","Petrol","MERCEDES-BENZ","C280",1454
"Passenger vehicles","Petrol","MERCEDES-BENZ","C300",12980
"Passenger vehicles","Petrol","MERCEDES-BENZ","C32",137
"Passenger vehicles","Petrol","MERCEDES-BENZ","C320",426
"Passenger vehicles","Petrol","MERCEDES-BENZ","C350",330
"Passenger vehicles","Petrol","MERCEDES-BENZ","C360",37
"Passenger vehicles","Petrol","MERCEDES-BENZ","C43",4879
"Passenger vehicles","Petrol","MERCEDES-BENZ","C55",109
"Passenger vehicles","Petrol","MERCEDES-BENZ","C63",3244
"Passenger vehicles","Petrol","MERCEDES-BENZ","C63S",6654
"Passenger vehicles","Petrol","MERCEDES-BENZ","CL180",2188
"Passenger vehicles","Petrol","MERCEDES-BENZ","CL200",167
"Passenger vehicles","Petrol","MERCEDES-BENZ","CL200K",3370
"Passenger vehicles","Petrol","MERCEDES-BENZ","CL230",56
"Passenger vehicles","Petrol","MERCEDES-BENZ","CL230K",20
"Passenger vehicles","Petrol","MERCEDES-BENZ","CL500",358
"Passenger vehicles","Petrol","MERCEDES-BENZ","CL55",38
"Passenger vehicles","Petrol","MERCEDES-BENZ","CL600",44
"Passenger vehicles","Petrol","MERCEDES-BENZ","CL63",60
"Passenger vehicles","Petrol","MERCEDES-BENZ","CL65",23
"Passenger vehicles","Petrol","MERCEDES-BENZ","CLA-CLASS",15
"Passenger vehicles","Petrol","MERCEDES-BENZ","CLA180",443
"Passenger vehicles","Petrol","MERCEDES-BENZ","CLA200",9206
"Passenger vehicles","Petrol","MERCEDES-BENZ","CLA230",27
"Passenger vehicles","Petrol","MERCEDES-BENZ","CLA240",146
"Passenger vehicles","Petrol","MERCEDES-BENZ","CLA250",6916
"Passenger vehicles","Petrol","MERCEDES-BENZ","CLA280",633
"Passenger vehicles","Petrol","MERCEDES-BENZ","CLA320",45
"Passenger vehicles","Petrol","MERCEDES-BENZ","CLA35",1172
"Passenger vehicles","Petrol","MERCEDES-BENZ","CLA45",4112
"Passenger vehicles","Petrol","MERCEDES-BENZ","CLA45S",1357
"Passenger vehicles","Petrol","MERCEDES-BENZ","CLA500",48
"Passenger vehicles","Petrol","MERCEDES-BENZ","CLA63",55
"Passenger vehicles","Petrol","MERCEDES-BENZ","CLE-CLASS",20
"Passenger vehicles","Petrol","MERCEDES-BENZ","CLE200",171
"Passenger vehicles","Petrol","MERCEDES-BENZ","CLE300",354
"Passenger vehicles","Petrol","MERCEDES-BENZ","CLK-CLASS",28
"Passenger vehicles","Petrol","MERCEDES-BENZ","CLK200",579
"Passenger vehicles","Petrol","MERCEDES-BENZ","CLK230",404
"Passenger vehicles","Petrol","MERCEDES-BENZ","CLK240",527
"Passenger vehicles","Petrol","MERCEDES-BENZ","CLK280",825
"Passenger vehicles","Petrol","MERCEDES-BENZ","CLK320",3194
"Passenger vehicles","Petrol","MERCEDES-BENZ","CLK350",1462
"Passenger vehicles","Petrol","MERCEDES-BENZ","CLK430",273
"Passenger vehicles","Petrol","MERCEDES-BENZ","CLK500",853
"Passenger vehicles","Petrol","MERCEDES-BENZ","CLK55",214
"Passenger vehicles","Petrol","MERCEDES-BENZ","CLK63",74
"Passenger vehicles","Petrol","MERCEDES-BENZ","CLS320",0
"Passenger vehicles","Petrol","MERCEDES-BENZ","CLS350",1539
"Passenger vehicles","Petrol","MERCEDES-BENZ","CLS400",222
"Passenger vehicles","Petrol","MERCEDES-BENZ","CLS450",248
"Passenger vehicles","Petrol","MERCEDES-BENZ","CLS500",670
"Passenger vehicles","Petrol","MERCEDES-BENZ","CLS53",156
"Passenger vehicles","Petrol","MERCEDES-BENZ","CLS55",75
"Passenger vehicles","Petrol","MERCEDES-BENZ","CLS63",291
"Passenger vehicles","Petrol","MERCEDES-BENZ","E-CLASS",50
"Passenger vehicles","Petrol","MERCEDES-BENZ","E200",5953
"Passenger vehicles","Petrol","MERCEDES-BENZ","E220",416
"Passenger vehicles","Petrol","MERCEDES-BENZ","E230",370
"Passenger vehicles","Petrol","MERCEDES-BENZ","E240",2648
"Passenger vehicles","Petrol","MERCEDES-BENZ","E250",6026
"Passenger vehicles","Petrol","MERCEDES-BENZ","E270",24
"Passenger vehicles","Petrol","MERCEDES-BENZ","E280",1966
"Passenger vehicles","Petrol","MERCEDES-BENZ","E300",2470
"Passenger vehicles","Petrol","MERCEDES-BENZ","E320",3294
"Passenger vehicles","Petrol","MERCEDES-BENZ","E350",5497
"Passenger vehicles","Petrol","MERCEDES-BENZ","E400",2348
"Passenger vehicles","Petrol","MERCEDES-BENZ","E43",263
"Passenger vehicles","Petrol","MERCEDES-BENZ","E430",237
"Passenger vehicles","Petrol","MERCEDES-BENZ","E450",449
"Passenger vehicles","Petrol","MERCEDES-BENZ","E500",1461
"Passenger vehicles","Petrol","MERCEDES-BENZ","E53",538
"Passenger vehicles","Petrol","MERCEDES-BENZ","E55",453
"Passenger vehicles","Petrol","MERCEDES-BENZ","E63",536
"Passenger vehicles","Petrol","MERCEDES-BENZ","E63S",555
"Passenger vehicles","Petrol","MERCEDES-BENZ","G300",6
"Passenger vehicles","Petrol","MERCEDES-BENZ","G400",0
"Passenger vehicles","Petrol","MERCEDES-BENZ","G500",22
"Passenger vehicles","Petrol","MERCEDES-BENZ","G55",62
"Passenger vehicles","Petrol","MERCEDES-BENZ","G63",2581
"Passenger vehicles","Petrol","MERCEDES-BENZ","GL450",0
"Passenger vehicles","Petrol","MERCEDES-BENZ","GL500",614
"Passenger vehicles","Petrol","MERCEDES-BENZ","GL63",219
"Passenger vehicles","Petrol","MERCEDES-BENZ","GLA180",8008
"Passenger vehicles","Petrol","MERCEDES-BENZ","GLA200",5706
"Passenger vehicles","Petrol","MERCEDES-BENZ","GLA250",9955
"Passenger vehicles","Petrol","MERCEDES-BENZ","GLA35",1488
"Passenger vehicles","Petrol","MERCEDES-BENZ","GLA45",1726
"Passenger vehicles","Petrol","MERCEDES-BENZ","GLA45S",956
"Passenger vehicles","Petrol","MERCEDES-BENZ","GLB200",4173
"Passenger vehicles","Petrol","MERCEDES-BENZ","GLB250",3699
"Passenger vehicles","Petrol","MERCEDES-BENZ","GLB35",1275
"Passenger vehicles","Petrol","MERCEDES-BENZ","GLC200",6750
"Passenger vehicles","Petrol","MERCEDES-BENZ","GLC250",7401
"Passenger vehicles","Petrol","MERCEDES-BENZ","GLC300",16125
"Passenger vehicles","Petrol","MERCEDES-BENZ","GLC43",6364
"Passenger vehicles","Petrol","MERCEDES-BENZ","GLC63S",2670
"Passenger vehicles","Petrol","MERCEDES-BENZ","GLE300",45
"Passenger vehicles","Petrol","MERCEDES-BENZ","GLE350",0
"Passenger vehicles","Petrol","MERCEDES-BENZ","GLE400",140
"Passenger vehicles","Petrol","MERCEDES-BENZ","GLE43",1347
"Passenger vehicles","Petrol","MERCEDES-BENZ","GLE450",3907
"Passenger vehicles","Petrol","MERCEDES-BENZ","GLE500",78
"Passenger vehicles","Petrol","MERCEDES-BENZ","GLE53",1981
"Passenger vehicles","Petrol","MERCEDES-BENZ","GLE63S",2328
"Passenger vehicles","Petrol","MERCEDES-BENZ","GLS400",3
"Passenger vehicles","Petrol","MERCEDES-BENZ","GLS450",795
"Passenger vehicles","Petrol","MERCEDES-BENZ","GLS500",210
"Passenger vehicles","Petrol","MERCEDES-BENZ","GLS600",65
"Passenger vehicles","Petrol","MERCEDES-BENZ","GLS63",700
"Passenger vehicles","Petrol","MERCEDES-BENZ","GT",93
"Passenger vehicles","Petrol","MERCEDES-BENZ","GT 53",14
"Passenger vehicles","Petrol","MERCEDES-BENZ","GT 63",15
"Passenger vehicles","Petrol","MERCEDES-BENZ","GT 63S",120
"Passenger vehicles","Petrol","MERCEDES-BENZ","GT C",168
"Passenger vehicles","Petrol","MERCEDES-BENZ","GT R",130
"Passenger vehicles","Petrol","MERCEDES-BENZ","GT S",314
"Passenger vehicles","Petrol","MERCEDES-BENZ","M-AM",16
"Passenger vehicles","Petrol","MERCEDES-BENZ","MB100",13
"Passenger vehicles","Petrol","MERCEDES-BENZ","MB140",5
"Passenger vehicles","Petrol","MERCEDES-BENZ","ML270",66
"Passenger vehicles","Petrol","MERCEDES-BENZ","ML300",3
"Passenger vehicles","Petrol","MERCEDES-BENZ","ML320",1676
"Passenger vehicles","Petrol","MERCEDES-BENZ","ML350",3449
"Passenger vehicles","Petrol","MERCEDES-BENZ","ML400",373
"Passenger vehicles","Petrol","MERCEDES-BENZ","ML430",236
"Passenger vehicles","Petrol","MERCEDES-BENZ","ML500",1410
"Passenger vehicles","Petrol","MERCEDES-BENZ","ML55",146
"Passenger vehicles","Petrol","MERCEDES-BENZ","ML63",1412
"Passenger vehicles","Petrol","MERCEDES-BENZ","O500",15
"Passenger vehicles","Petrol","MERCEDES-BENZ","R129",46
"Passenger vehicles","Petrol","MERCEDES-BENZ","R300",33
"Passenger vehicles","Petrol","MERCEDES-BENZ","R350",197
"Passenger vehicles","Petrol","MERCEDES-BENZ","R500",51
"Passenger vehicles","Petrol","MERCEDES-BENZ","S-CLASS",14
"Passenger vehicles","Petrol","MERCEDES-BENZ","S320",636
"Passenger vehicles","Petrol","MERCEDES-BENZ","S350",1505
"Passenger vehicles","Petrol","MERCEDES-BENZ","S400",319
"Passenger vehicles","Petrol","MERCEDES-BENZ","S420",42
"Passenger vehicles","Petrol","MERCEDES-BENZ","S430",507
"Passenger vehicles","Petrol","MERCEDES-BENZ","S450",485
"Passenger vehicles","Petrol","MERCEDES-BENZ","S500",1231
"Passenger vehicles","Petrol","MERCEDES-BENZ","S55",10
"Passenger vehicles","Petrol","MERCEDES-BENZ","S560",156
"Passenger vehicles","Petrol","MERCEDES-BENZ","S580",61
"Passenger vehicles","Petrol","MERCEDES-BENZ","S600",156
"Passenger vehicles","Petrol","MERCEDES-BENZ","S63",411
"Passenger vehicles","Petrol","MERCEDES-BENZ","S65",47
"Passenger vehicles","Petrol","MERCEDES-BENZ","S650",22
"Passenger vehicles","Petrol","MERCEDES-BENZ","S680",27
"Passenger vehicles","Petrol","MERCEDES-BENZ","SL280",20
"Passenger vehicles","Petrol","MERCEDES-BENZ","SL320",71
"Passenger vehicles","Petrol","MERCEDES-BENZ","SL350",392
"Passenger vehicles","Petrol","MERCEDES-BENZ","SL400",140
"Passenger vehicles","Petrol","MERCEDES-BENZ","SL500",707
"Passenger vehicles","Petrol","MERCEDES-BENZ","SL55",223
"Passenger vehicles","Petrol","MERCEDES-BENZ","SL600",68
"Passenger vehicles","Petrol","MERCEDES-BENZ","SL63",242
"Passenger vehicles","Petrol","MERCEDES-BENZ","SL65",61
"Passenger vehicles","Petrol","MERCEDES-BENZ","SLC180",139
"Passenger vehicles","Petrol","MERCEDES-BENZ","SLC200",286
"Passenger vehicles","Petrol","MERCEDES-BENZ","SLC300",204
"Passenger vehicles","Petrol","MERCEDES-BENZ","SLC43",113
"Passenger vehicles","Petrol","MERCEDES-BENZ","SLK-CLASS",11
"Passenger vehicles","Petrol","MERCEDES-BENZ","SLK200",1965
"Passenger vehicles","Petrol","MERCEDES-BENZ","SLK230",1438
"Passenger vehicles","Petrol","MERCEDES-BENZ","SLK250",657
"Passenger vehicles","Petrol","MERCEDES-BENZ","SLK280",334
"Passenger vehicles","Petrol","MERCEDES-BENZ","SLK300",294
"Passenger vehicles","Petrol","MERCEDES-BENZ","SLK32",53
"Passenger vehicles","Petrol","MERCEDES-BENZ","SLK320",207
"Passenger vehicles","Petrol","MERCEDES-BENZ","SLK350",2020
"Passenger vehicles","Petrol","MERCEDES-BENZ","SLK55",381
"Passenger vehicles","Petrol","MERCEDES-BENZ","SLS AMG",110
"Passenger vehicles","Petrol","MERCEDES-BENZ","SPRINTER",8
"Passenger vehicles","Petrol","MERCEDES-BENZ","UNIMOG",3
"Passenger vehicles","Petrol","MERCEDES-BENZ","UNKNOWN",2687
"Passenger vehicles","Petrol","MERCEDES-BENZ","V167",0
"Passenger vehicles","Petrol","MERCEDES-BENZ","VALENTE",3
"Passenger vehicles","Petrol","MERCEDES-BENZ","VIANO",106
"Passenger vehicles","Petrol","MERCEDES-BENZ","VITO",82
"Passenger vehicles","Petrol","MERCEDES-BENZ","W203",145
"Passenger vehicles","Petrol","MERCEDES-BENZ","W213",13
"Passenger vehicles","Petrol","MERCEDES-BENZ","X167",8
"Passenger vehicles","Petrol","MERCEDES-BENZ","X254",49
"Passenger vehicles","Petrol","MERCURY","COMET",13
"Passenger vehicles","Petrol","MERCURY","COUGAR",36
"Passenger vehicles","Petrol","MERCURY","MONTEREY",15
"Passenger vehicles","Petrol","MERCURY","UNKNOWN",50
"Passenger vehicles","Petrol","MESSERSCHMITT","KR200",12
"Passenger vehicles","Petrol","MESSERSCHMITT","UNKNOWN",5
"Passenger vehicles","Petrol","MG","1600",24
"Passenger vehicles","Petrol","MG","AZS1",1102
"Passenger vehicles","Petrol","MG","GS",1522
"Passenger vehicles","Petrol","MG","GT",79
"Passenger vehicles","Petrol","MG","HS",27167
"Passenger vehicles","Petrol","MG","MAGNETTE",65
"Passenger vehicles","Petrol","MG","MG A",512
"Passenger vehicles","Petrol","MG","MG B",2840
"Passenger vehicles","Petrol","MG","MG C",45
"Passenger vehicles","Petrol","MG","MG F",1046
"Passenger vehicles","Petrol","MG","MG TF",482
"Passenger vehicles","Petrol","MG","MG Y",62
"Passenger vehicles","Petrol","MG","MG3",67661
"Passenger vehicles","Petrol","MG","MG4",3
"Passenger vehicles","Petrol","MG","MG5",6793
"Passenger vehicles","Petrol","MG","MG6",750
"Passenger vehicles","Petrol","MG","MIDGET",368
"Passenger vehicles","Petrol","MG","MK I",21
"Passenger vehicles","Petrol","MG","MK II",52
"Passenger vehicles","Petrol","MG","ROADSTER",107
"Passenger vehicles","Petrol","MG","RV8",130
"Passenger vehicles","Petrol","MG","TA",13
"Passenger vehicles","Petrol","MG","TC",205
"Passenger vehicles","Petrol","MG","TD",146
"Passenger vehicles","Petrol","MG","UNKNOWN",3275
"Passenger vehicles","Petrol","MG","ZR",22
"Passenger vehicles","Petrol","MG","ZS",73459
"Passenger vehicles","Petrol","MG","ZST",20377
"Passenger vehicles","Petrol","MG","ZT",133
"Passenger vehicles","Petrol","MG","ZTT",17
"Passenger vehicles","Petrol","MINERVA (AUTOMOBILE)","UNKNOWN",4
"Passenger vehicles","Petrol","MINI","CLUBMAN",3782
"Passenger vehicles","Petrol","MINI","CONVERTIBLE",3410
"Passenger vehicles","Petrol","MINI","COOPER",1834
"Passenger vehicles","Petrol","MINI","COUNTRYMAN",10842
"Passenger vehicles","Petrol","MINI","COUPE",113
"Passenger vehicles","Petrol","MINI","HATCH",29691
"Passenger vehicles","Petrol","MINI","JOHN COOPER WORKS",31
"Passenger vehicles","Petrol","MINI","MINI",18
"Passenger vehicles","Petrol","MINI","MINI MOKE",40
"Passenger vehicles","Petrol","MINI","MINOR",20
"Passenger vehicles","Petrol","MINI","ONE",17
"Passenger vehicles","Petrol","MINI","PACEMAN",168
"Passenger vehicles","Petrol","MINI","RAY",33
"Passenger vehicles","Petrol","MINI","ROADSTER",92
"Passenger vehicles","Petrol","MINI","UNKNOWN",56
"Passenger vehicles","Petrol","MITSUBISHI","3000GT",58
"Passenger vehicles","Petrol","MITSUBISHI","380",13112
"Passenger vehicles","Petrol","MITSUBISHI","AIRTREK",140
"Passenger vehicles","Petrol","MITSUBISHI","ASX",173352
"Passenger vehicles","Petrol","MITSUBISHI","CHALLENGER",4476
"Passenger vehicles","Petrol","MITSUBISHI","COLT",11301
"Passenger vehicles","Petrol","MITSUBISHI","CORDIA",66
"Passenger vehicles","Petrol","MITSUBISHI","DELICA",2997
"Passenger vehicles","Petrol","MITSUBISHI","ECLIPSE CROSS",42537
"Passenger vehicles","Petrol","MITSUBISHI","EXPRESS",308
"Passenger vehicles","Petrol","MITSUBISHI","FTO",268
"Passenger vehicles","Petrol","MITSUBISHI","GALANT",600
"Passenger vehicles","Petrol","MITSUBISHI","GRANDIS",1895
"Passenger vehicles","Petrol","MITSUBISHI","GTO",213
"Passenger vehicles","Petrol","MITSUBISHI","JEEP",3
"Passenger vehicles","Petrol","MITSUBISHI","L200 EXPRESS",3
"Passenger vehicles","Petrol","MITSUBISHI","L300 EXPRESS",37
"Passenger vehicles","Petrol","MITSUBISHI","LANCER",171207
"Passenger vehicles","Petrol","MITSUBISHI","LANCER EVOLUTION",5803
"Passenger vehicles","Petrol","MITSUBISHI","MAGNA",20380
"Passenger vehicles","Petrol","MITSUBISHI","MINICAB",4
"Passenger vehicles","Petrol","MITSUBISHI","MIRAGE",32987
"Passenger vehicles","Petrol","MITSUBISHI","NIMBUS",470
"Passenger vehicles","Petrol","MITSUBISHI","OUTLANDER",206103
"Passenger vehicles","Petrol","MITSUBISHI","PAJERO",26490
"Passenger vehicles","Petrol","MITSUBISHI","RVR",65
"Passenger vehicles","Petrol","MITSUBISHI","SCORPION",34
"Passenger vehicles","Petrol","MITSUBISHI","SIGMA",296
"Passenger vehicles","Petrol","MITSUBISHI","STARION",67
"Passenger vehicles","Petrol","MITSUBISHI","STARWAGON",1060
"Passenger vehicles","Petrol","MITSUBISHI","TRITON",42
"Passenger vehicles","Petrol","MITSUBISHI","UNKNOWN",455
"Passenger vehicles","Petrol","MITSUBISHI","VALIANT",24
"Passenger vehicles","Petrol","MITSUBISHI","VERADA",3607
"Passenger vehicles","Petrol","MITSUOKA","UNKNOWN",3
"Passenger vehicles","Petrol","MORGAN","""4/4""",22
"Passenger vehicles","Petrol","MORGAN","3 WHEELER",27
"Passenger vehicles","Petrol","MORGAN","AERO",22
"Passenger vehicles","Petrol","MORGAN","PLUS 4",156
"Passenger vehicles","Petrol","MORGAN","PLUS 8",80
"Passenger vehicles","Petrol","MORGAN","ROADSTER",18
"Passenger vehicles","Petrol","MORGAN","UNKNOWN",178
"Passenger vehicles","Petrol","MORRIS","10",11
"Passenger vehicles","Petrol","MORRIS","1100",92
"Passenger vehicles","Petrol","MORRIS","1300",20
"Passenger vehicles","Petrol","MORRIS","1500",14
"Passenger vehicles","Petrol","MORRIS","8",48
"Passenger vehicles","Petrol","MORRIS","850",67
"Passenger vehicles","Petrol","MORRIS","CLUBMAN",17
"Passenger vehicles","Petrol","MORRIS","COMMERCIAL J-TYPE",3
"Passenger vehicles","Petrol","MORRIS","COOPER",398
"Passenger vehicles","Petrol","MORRIS","COWLEY",26
"Passenger vehicles","Petrol","MORRIS","MAJOR",101
"Passenger vehicles","Petrol","MORRIS","MINI",1169
"Passenger vehicles","Petrol","MORRIS","MINI DELUXE",69
"Passenger vehicles","Petrol","MORRIS","MINI MATIC",9
"Passenger vehicles","Petrol","MORRIS","MINI MOKE",50
"Passenger vehicles","Petrol","MORRIS","MINOR",1424
"Passenger vehicles","Petrol","MORRIS","MINOR 1000",84
"Passenger vehicles","Petrol","MORRIS","OXFORD",82
"Passenger vehicles","Petrol","MORRIS","UNKNOWN",949
"Passenger vehicles","Petrol","NAPIER","UNKNOWN",3
"Passenger vehicles","Petrol","NASH","UNKNOWN",49
"Passenger vehicles","Petrol","NISSAN","1200",3
"Passenger vehicles","Petrol","NISSAN","180SX",1140
"Passenger vehicles","Petrol","NISSAN","200SX",3103
"Passenger vehicles","Petrol","NISSAN","260Z",11
"Passenger vehicles","Petrol","NISSAN","280",16
"Passenger vehicles","Petrol","NISSAN","280ZX",24
"Passenger vehicles","Petrol","NISSAN","300",10
"Passenger vehicles","Petrol","NISSAN","300ZX",1561
"Passenger vehicles","Petrol","NISSAN","350Z",3370
"Passenger vehicles","Petrol","NISSAN","370Z",4655
"Passenger vehicles","Petrol","NISSAN","720",4
"Passenger vehicles","Petrol","NISSAN","ALMERA",2499
"Passenger vehicles","Petrol","NISSAN","ALTIMA",3948
"Passenger vehicles","Petrol","NISSAN","ATLAS",0
"Passenger vehicles","Petrol","NISSAN","BLUEBIRD",523
"Passenger vehicles","Petrol","NISSAN","CABSTAR",0
"Passenger vehicles","Petrol","NISSAN","CARAVAN",4
"Passenger vehicles","Petrol","NISSAN","CEDRIC",31
"Passenger vehicles","Petrol","NISSAN","CEFIRO",68
"Passenger vehicles","Petrol","NISSAN","CIMA",42
"Passenger vehicles","Petrol","NISSAN","CUBE",3559
"Passenger vehicles","Petrol","NISSAN","DUALIS",44013
"Passenger vehicles","Petrol","NISSAN","E25",42
"Passenger vehicles","Petrol","NISSAN","ELGRAND",1949
"Passenger vehicles","Petrol","NISSAN","EXA",88
"Passenger vehicles","Petrol","NISSAN","FAIRLADY",20
"Passenger vehicles","Petrol","NISSAN","FIGARO",93
"Passenger vehicles","Petrol","NISSAN","FUGA",32
"Passenger vehicles","Petrol","NISSAN","GAZELLE",36
"Passenger vehicles","Petrol","NISSAN","GLORIA",27
"Passenger vehicles","Petrol","NISSAN","GT-R",1537
"Passenger vehicles","Petrol","NISSAN","HOMY",4
"Passenger vehicles","Petrol","NISSAN","INFINITI",21
"Passenger vehicles","Petrol","NISSAN","JUKE",17261
"Passenger vehicles","Petrol","NISSAN","LAUREL",61
"Passenger vehicles","Petrol","NISSAN","MARCH",14
"Passenger vehicles","Petrol","NISSAN","MAXIMA",13167
"Passenger vehicles","Petrol","NISSAN","MICRA",36684
"Passenger vehicles","Petrol","NISSAN","MURANO",12038
"Passenger vehicles","Petrol","NISSAN","NAVARA",102
"Passenger vehicles","Petrol","NISSAN","NOMAD",46
"Passenger vehicles","Petrol","NISSAN","NOTE",170
"Passenger vehicles","Petrol","NISSAN","NV200",121
"Passenger vehicles","Petrol","NISSAN","NV350",61
"Passenger vehicles","Petrol","NISSAN","NX",164
"Passenger vehicles","Petrol","NISSAN","PATHFINDER",38783
"Passenger vehicles","Petrol","NISSAN","PATROL",50356
"Passenger vehicles","Petrol","NISSAN","PINTARA",418
"Passenger vehicles","Petrol","NISSAN","PULSAR",74980
"Passenger vehicles","Petrol","NISSAN","QASHQAI",84686
"Passenger vehicles","Petrol","NISSAN","S-CARGO",14
"Passenger vehicles","Petrol","NISSAN","SAFARI",0
"Passenger vehicles","Petrol","NISSAN","SERENA",272
"Passenger vehicles","Petrol","NISSAN","SILVIA",1898
"Passenger vehicles","Petrol","NISSAN","SKYLINE",15414
"Passenger vehicles","Petrol","NISSAN","STAGEA",1100
"Passenger vehicles","Petrol","NISSAN","SUNNY",5
"Passenger vehicles","Petrol","NISSAN","TERRANO",90
"Passenger vehicles","Petrol","NISSAN","TIIDA",35899
"Passenger vehicles","Petrol","NISSAN","UNKNOWN",1032
"Passenger vehicles","Petrol","NISSAN","URVAN",140
"Passenger vehicles","Petrol","NISSAN","VANETTE",19
"Passenger vehicles","Petrol","NISSAN","X-TRAIL",237783
"Passenger vehicles","Petrol","NISSAN","Z",892
"Passenger vehicles","Petrol","NORTON","UNKNOWN",0
"Passenger vehicles","Petrol","NSU","UNKNOWN",8
"Passenger vehicles","Petrol","OAKLAND","UNKNOWN",22
"Passenger vehicles","Petrol","OLDSMOBILE","88",15
"Passenger vehicles","Petrol","OLDSMOBILE","98",34
"Passenger vehicles","Petrol","OLDSMOBILE","CUTLASS",61
"Passenger vehicles","Petrol","OLDSMOBILE","DELTA 88",24
"Passenger vehicles","Petrol","OLDSMOBILE","SUPER 88",15
"Passenger vehicles","Petrol","OLDSMOBILE","TORONADO",18
"Passenger vehicles","Petrol","OLDSMOBILE","UNKNOWN",220
"Passenger vehicles","Petrol","OPEL","ASTRA",1363
"Passenger vehicles","Petrol","OPEL","CORSA",268
"Passenger vehicles","Petrol","OPEL","INSIGNIA",245
"Passenger vehicles","Petrol","OPEL","UNKNOWN",25
"Passenger vehicles","Petrol","OPEL","ZAFIRA",25
"Passenger vehicles","Petrol","ORA","ES11",11
"Passenger vehicles","Petrol","OVERLAND","UNKNOWN",33
"Passenger vehicles","Petrol","PACKARD","120",9
"Passenger vehicles","Petrol","PACKARD","CLIPPER",14
"Passenger vehicles","Petrol","PACKARD","SIX",11
"Passenger vehicles","Petrol","PACKARD","UNKNOWN",89
"Passenger vehicles","Petrol","PAGANI","UNKNOWN",5
"Passenger vehicles","Petrol","PERENTTI","UNKNOWN",9
"Passenger vehicles","Petrol","PERODUA","UNKNOWN",0
"Passenger vehicles","Petrol","PEUGEOT","2008",3388
"Passenger vehicles","Petrol","PEUGEOT","203",29
"Passenger vehicles","Petrol","PEUGEOT","205",179
"Passenger vehicles","Petrol","PEUGEOT","206",2528
"Passenger vehicles","Petrol","PEUGEOT","207",3919
"Passenger vehicles","Petrol","PEUGEOT","208",3518
"Passenger vehicles","Petrol","PEUGEOT","3008",6325
"Passenger vehicles","Petrol","PEUGEOT","306",856
"Passenger vehicles","Petrol","PEUGEOT","307",4042
"Passenger vehicles","Petrol","PEUGEOT","308",6862
"Passenger vehicles","Petrol","PEUGEOT","4007",0
"Passenger vehicles","Petrol","PEUGEOT","4008",3840
"Passenger vehicles","Petrol","PEUGEOT","403",19
"Passenger vehicles","Petrol","PEUGEOT","404",56
"Passenger vehicles","Petrol","PEUGEOT","405",131
"Passenger vehicles","Petrol","PEUGEOT","406",393
"Passenger vehicles","Petrol","PEUGEOT","407",488
"Passenger vehicles","Petrol","PEUGEOT","408",7
"Passenger vehicles","Petrol","PEUGEOT","5008",1390
"Passenger vehicles","Petrol","PEUGEOT","504",85
"Passenger vehicles","Petrol","PEUGEOT","505",90
"Passenger vehicles","Petrol","PEUGEOT","508",1155
"Passenger vehicles","Petrol","PEUGEOT","607",53
"Passenger vehicles","Petrol","PEUGEOT","PARTNER",0
"Passenger vehicles","Petrol","PEUGEOT","RCZ",780
"Passenger vehicles","Petrol","PEUGEOT","UNKNOWN",178
"Passenger vehicles","Petrol","PGO","UNKNOWN",7
"Passenger vehicles","Petrol","PIERCE ARROW","UNKNOWN",0
"Passenger vehicles","Petrol","PININFARINA","UNKNOWN",0
"Passenger vehicles","Petrol","PLYMOUTH","BARRACUDA",164
"Passenger vehicles","Petrol","PLYMOUTH","BELVEDERE",68
"Passenger vehicles","Petrol","PLYMOUTH","CRANBROOK",22
"Passenger vehicles","Petrol","PLYMOUTH","DELUXE",12
"Passenger vehicles","Petrol","PLYMOUTH","DUSTER",37
"Passenger vehicles","Petrol","PLYMOUTH","FURY",54
"Passenger vehicles","Petrol","PLYMOUTH","GTX",12
"Passenger vehicles","Petrol","PLYMOUTH","PROWLER",16
"Passenger vehicles","Petrol","PLYMOUTH","ROADRUNNER",37
"Passenger vehicles","Petrol","PLYMOUTH","SATELLITE",33
"Passenger vehicles","Petrol","PLYMOUTH","UNKNOWN",231
"Passenger vehicles","Petrol","PLYMOUTH","VALIANT",24
"Passenger vehicles","Petrol","PONTIAC","BONNEVILLE",63
"Passenger vehicles","Petrol","PONTIAC","CATALINA",27
"Passenger vehicles","Petrol","PONTIAC","CHIEFTAIN",36
"Passenger vehicles","Petrol","PONTIAC","FIERO",34
"Passenger vehicles","Petrol","PONTIAC","FIREBIRD",504
"Passenger vehicles","Petrol","PONTIAC","GRAND PRIX",24
"Passenger vehicles","Petrol","PONTIAC","GTO",133
"Passenger vehicles","Petrol","PONTIAC","LAURENTIAN",54
"Passenger vehicles","Petrol","PONTIAC","LE MANS",36
"Passenger vehicles","Petrol","PONTIAC","PARISIENNE",209
"Passenger vehicles","Petrol","PONTIAC","SILVER STREAK",24
"Passenger vehicles","Petrol","PONTIAC","STAR CHIEF",15
"Passenger vehicles","Petrol","PONTIAC","TOURER",14
"Passenger vehicles","Petrol","PONTIAC","TRANS AM",484
"Passenger vehicles","Petrol","PONTIAC","UNKNOWN",836
"Passenger vehicles","Petrol","PORSCHE","356",250
"Passenger vehicles","Petrol","PORSCHE","718",1053
"Passenger vehicles","Petrol","PORSCHE","911",13654
"Passenger vehicles","Petrol","PORSCHE","912",59
"Passenger vehicles","Petrol","PORSCHE","914",28
"Passenger vehicles","Petrol","PORSCHE","924",102
"Passenger vehicles","Petrol","PORSCHE","928",579
"Passenger vehicles","Petrol","PORSCHE","930",151
"Passenger vehicles","Petrol","PORSCHE","944",519
"Passenger vehicles","Petrol","PORSCHE","968",90
"Passenger vehicles","Petrol","PORSCHE","981",781
"Passenger vehicles","Petrol","PORSCHE","982",1234
"Passenger vehicles","Petrol","PORSCHE","986",957
"Passenger vehicles","Petrol","PORSCHE","987",520
"Passenger vehicles","Petrol","PORSCHE","BOXSTER",2490
"Passenger vehicles","Petrol","PORSCHE","CAYENNE",12743
"Passenger vehicles","Petrol","PORSCHE","CAYMAN",1600
"Passenger vehicles","Petrol","PORSCHE","MACAN",21134
"Passenger vehicles","Petrol","PORSCHE","PANAMERA",845
"Passenger vehicles","Petrol","PORSCHE","SPYDER",11
"Passenger vehicles","Petrol","PORSCHE","UNKNOWN",822
"Passenger vehicles","Petrol","PRB","CLUBMAN",68
"Passenger vehicles","Petrol","PRB","UNKNOWN",9
"Passenger vehicles","Petrol","PRINCE","UNKNOWN",6
"Passenger vehicles","Petrol","PROTON","EXORA",94
"Passenger vehicles","Petrol","PROTON","GEN.2",516
"Passenger vehicles","Petrol","PROTON","M21",13
"Passenger vehicles","Petrol","PROTON","PERSONA",539
"Passenger vehicles","Petrol","PROTON","PREVE",588
"Passenger vehicles","Petrol","PROTON","S16",849
"Passenger vehicles","Petrol","PROTON","SATRIA",373
"Passenger vehicles","Petrol","PROTON","SAVVY",194
"Passenger vehicles","Petrol","PROTON","SUPRIMAS",110
"Passenger vehicles","Petrol","PROTON","UNKNOWN",3
"Passenger vehicles","Petrol","PROTON","WAJA",14
"Passenger vehicles","Petrol","PROTON","WIRA",33
"Passenger vehicles","Petrol","PUMA","UNKNOWN",3
"Passenger vehicles","Petrol","PURVIS","UNKNOWN",18
"Passenger vehicles","Petrol","QUANTUM","UNKNOWN",3
"Passenger vehicles","Petrol","QUANTUM SPORTS CARS","UNKNOWN",0
"Passenger vehicles","Petrol","RAILTON","UNKNOWN",3
"Passenger vehicles","Petrol","RAM","1500",6
"Passenger vehicles","Petrol","RAMBLER","AMBASSADOR",12
"Passenger vehicles","Petrol","RAMBLER","AMERICAN",25
"Passenger vehicles","Petrol","RAMBLER","CLASSIC",40
"Passenger vehicles","Petrol","RAMBLER","HORNET",41
"Passenger vehicles","Petrol","RAMBLER","JAVELIN",31
"Passenger vehicles","Petrol","RAMBLER","MATADOR",34
"Passenger vehicles","Petrol","RAMBLER","REBEL",32
"Passenger vehicles","Petrol","RAMBLER","UNKNOWN",156
"Passenger vehicles","Petrol","RCM","UNKNOWN",0
"Passenger vehicles","Petrol","REGAL","UNKNOWN",3
"Passenger vehicles","Petrol","RELIANT","UNKNOWN",23
"Passenger vehicles","Petrol","RENAULT","10",21
"Passenger vehicles","Petrol","RENAULT","16",11
"Passenger vehicles","Petrol","RENAULT","4",15
"Passenger vehicles","Petrol","RENAULT","4CV",19
"Passenger vehicles","Petrol","RENAULT","8",13
"Passenger vehicles","Petrol","RENAULT","ARKANA",3669
"Passenger vehicles","Petrol","RENAULT","AX",12
"Passenger vehicles","Petrol","RENAULT","CAPTUR",6336
"Passenger vehicles","Petrol","RENAULT","CARAVELLE",10
"Passenger vehicles","Petrol","RENAULT","CLIO",10615
"Passenger vehicles","Petrol","RENAULT","FLUENCE",956
"Passenger vehicles","Petrol","RENAULT","FUEGO",10
"Passenger vehicles","Petrol","RENAULT","KADJAR",609
"Passenger vehicles","Petrol","RENAULT","KANGOO",170
"Passenger vehicles","Petrol","RENAULT","KOLEOS",25054
"Passenger vehicles","Petrol","RENAULT","LAGUNA",119
"Passenger vehicles","Petrol","RENAULT","LATITUDE",253
"Passenger vehicles","Petrol","RENAULT","MASTER",3
"Passenger vehicles","Petrol","RENAULT","MEGANE",12770
"Passenger vehicles","Petrol","RENAULT","SCENIC",804
"Passenger vehicles","Petrol","RENAULT","TRAFIC",0
"Passenger vehicles","Petrol","RENAULT","UNKNOWN",226
"Passenger vehicles","Petrol","REO","UNKNOWN",32
"Passenger vehicles","Petrol","RICKMAN","UNKNOWN",0
"Passenger vehicles","Petrol","RILEY","ELF",18
"Passenger vehicles","Petrol","RILEY","RMA",17
"Passenger vehicles","Petrol","RILEY","RMB",52
"Passenger vehicles","Petrol","RILEY","RME",10
"Passenger vehicles","Petrol","RILEY","UNKNOWN",254
"Passenger vehicles","Petrol","ROBNELL","UNKNOWN",27
"Passenger vehicles","Petrol","ROLLIN","UNKNOWN",0
"Passenger vehicles","Petrol","ROLLS-ROYCE","20/25",22
"Passenger vehicles","Petrol","ROLLS-ROYCE","20HP",13
"Passenger vehicles","Petrol","ROLLS-ROYCE","CORNICHE",54
"Passenger vehicles","Petrol","ROLLS-ROYCE","CULLINAN",151
"Passenger vehicles","Petrol","ROLLS-ROYCE","DAWN",30
"Passenger vehicles","Petrol","ROLLS-ROYCE","GHOST",280
"Passenger vehicles","Petrol","ROLLS-ROYCE","PHANTOM",175
"Passenger vehicles","Petrol","ROLLS-ROYCE","SILVER CLOUD",85
"Passenger vehicles","Petrol","ROLLS-ROYCE","SILVER DAWN",26
"Passenger vehicles","Petrol","ROLLS-ROYCE","SILVER SERAPH",19
"Passenger vehicles","Petrol","ROLLS-ROYCE","SILVER SHADOW",292
"Passenger vehicles","Petrol","ROLLS-ROYCE","SILVER SPIRIT",314
"Passenger vehicles","Petrol","ROLLS-ROYCE","SILVER SPUR",116
"Passenger vehicles","Petrol","ROLLS-ROYCE","UNKNOWN",605
"Passenger vehicles","Petrol","ROLLS-ROYCE","WRAITH",89
"Passenger vehicles","Petrol","ROLLS ROYCE","UNKNOWN",0
"Passenger vehicles","Petrol","ROVER","UNKNOWN",0
"Passenger vehicles","Petrol","ROYALE","UNKNOWN",3
"Passenger vehicles","Petrol","RUGBY","UNKNOWN",36
"Passenger vehicles","Petrol","SAAB","900",855
"Passenger vehicles","Petrol","SAAB","9000",280
"Passenger vehicles","Petrol","SAAB","AERO",44
"Passenger vehicles","Petrol","SAAB","NINE-FIVE",974
"Passenger vehicles","Petrol","SAAB","NINE-THREE",4770
"Passenger vehicles","Petrol","SAAB","UNKNOWN",1123
"Passenger vehicles","Petrol","SEAT","CORDOBA",11
"Passenger vehicles","Petrol","SEAT","IBIZA",12
"Passenger vehicles","Petrol","SEAT","UNKNOWN",10
"Passenger vehicles","Petrol","SECMA","UNKNOWN",3
"Passenger vehicles","Petrol","SHELBY","UNKNOWN",10
"Passenger vehicles","Petrol","SIMCA","UNKNOWN",27
"Passenger vehicles","Petrol","SINGER","NINE ROADSTER",23
"Passenger vehicles","Petrol","SINGER","UNKNOWN",60
"Passenger vehicles","Petrol","SKODA","FABIA",7875
"Passenger vehicles","Petrol","SKODA","KAMIQ",7380
"Passenger vehicles","Petrol","SKODA","KAROQ",7561
"Passenger vehicles","Petrol","SKODA","KODIAQ",10439
"Passenger vehicles","Petrol","SKODA","OCTAVIA",19861
"Passenger vehicles","Petrol","SKODA","RAPID",2368
"Passenger vehicles","Petrol","SKODA","ROOMSTER",211
"Passenger vehicles","Petrol","SKODA","SCALA",2581
"Passenger vehicles","Petrol","SKODA","SUPERB",5876
"Passenger vehicles","Petrol","SKODA","UNKNOWN",12
"Passenger vehicles","Petrol","SKODA","YETI",3114
"Passenger vehicles","Petrol","SKYLINE","UNKNOWN",0
"Passenger vehicles","Petrol","SMART","FORFOUR",171
"Passenger vehicles","Petrol","SMART","FORTWO",2082
"Passenger vehicles","Petrol","SMART","ROADSTER",179
"Passenger vehicles","Petrol","SMART","UNKNOWN",29
"Passenger vehicles","Petrol","SMC","UNKNOWN",3
"Passenger vehicles","Petrol","SNAKEPIT","UNKNOWN",8
"Passenger vehicles","Petrol","SPARTAN","UNKNOWN",3
"Passenger vehicles","Petrol","SPIRE SPORTS CARS","UNKNOWN",0
"Passenger vehicles","Petrol","SSANGYONG","ACTYON",42
"Passenger vehicles","Petrol","SSANGYONG","CHAIRMAN",36
"Passenger vehicles","Petrol","SSANGYONG","KORANDO",2649
"Passenger vehicles","Petrol","SSANGYONG","KYRON",21
"Passenger vehicles","Petrol","SSANGYONG","MUSSO",76
"Passenger vehicles","Petrol","SSANGYONG","REXTON",105
"Passenger vehicles","Petrol","SSANGYONG","STAVIC",52
"Passenger vehicles","Petrol","SSANGYONG","TIVOLI",133
"Passenger vehicles","Petrol","SSANGYONG","TORRES",193
"Passenger vehicles","Petrol","STANDARD","UNKNOWN",47
"Passenger vehicles","Petrol","STANDARD","VANGUARD",25
"Passenger vehicles","Petrol","STEYR","UNKNOWN",3
"Passenger vehicles","Petrol","STEYR-PUCH","UNKNOWN",0
"Passenger vehicles","Petrol","STONEY CREEK CAMPERS","UNKNOWN",7
"Passenger vehicles","Petrol","STUDEBAKER","AVANTI",11
"Passenger vehicles","Petrol","STUDEBAKER","CHAMPION",25
"Passenger vehicles","Petrol","STUDEBAKER","COMMANDER",20
"Passenger vehicles","Petrol","STUDEBAKER","CRUISER",18
"Passenger vehicles","Petrol","STUDEBAKER","GRAN TURISMO",13
"Passenger vehicles","Petrol","STUDEBAKER","HAWK SERIES",55
"Passenger vehicles","Petrol","STUDEBAKER","LARK",39
"Passenger vehicles","Petrol","STUDEBAKER","PRESIDENT",12
"Passenger vehicles","Petrol","STUDEBAKER","UNKNOWN",221
"Passenger vehicles","Petrol","STUTZ","UNKNOWN",7
"Passenger vehicles","Petrol","SUBARU","1800",57
"Passenger vehicles","Petrol","SUBARU","BRUMBY",16
"Passenger vehicles","Petrol","SUBARU","BRZ",9186
"Passenger vehicles","Petrol","SUBARU","CROSSTREK",20260
"Passenger vehicles","Petrol","SUBARU","FIORI",12
"Passenger vehicles","Petrol","SUBARU","FORESTER",247525
"Passenger vehicles","Petrol","SUBARU","G",2165
"Passenger vehicles","Petrol","SUBARU","IMPREZA",141738
"Passenger vehicles","Petrol","SUBARU","L SERIES",104
"Passenger vehicles","Petrol","SUBARU","LEGACY",408
"Passenger vehicles","Petrol","SUBARU","LEONE",241
"Passenger vehicles","Petrol","SUBARU","LEVORG",3860
"Passenger vehicles","Petrol","SUBARU","LIBERTY",62250
"Passenger vehicles","Petrol","SUBARU","OUTBACK",134926
"Passenger vehicles","Petrol","SUBARU","REX",3
"Passenger vehicles","Petrol","SUBARU","RX",12
"Passenger vehicles","Petrol","SUBARU","SAMBAR",8
"Passenger vehicles","Petrol","SUBARU","SHERPA",10
"Passenger vehicles","Petrol","SUBARU","SPORTSWAGON",27
"Passenger vehicles","Petrol","SUBARU","SVX",62
"Passenger vehicles","Petrol","SUBARU","TOURING WAGON",16
"Passenger vehicles","Petrol","SUBARU","TRIBECA",7026
"Passenger vehicles","Petrol","SUBARU","UNKNOWN",597
"Passenger vehicles","Petrol","SUBARU","WRX",25395
"Passenger vehicles","Petrol","SUBARU","XV",103311
"Passenger vehicles","Petrol","SUNBEAM","ALPINE",96
"Passenger vehicles","Petrol","SUNBEAM","RAPIER",23
"Passenger vehicles","Petrol","SUNBEAM","TALBOT",24
"Passenger vehicles","Petrol","SUNBEAM","TIGER",29
"Passenger vehicles","Petrol","SUNBEAM","UNKNOWN",102
"Passenger vehicles","Petrol","SUNNY BROOK","UNKNOWN",3
"Passenger vehicles","Petrol","SUZUKI","A100",0
"Passenger vehicles","Petrol","SUZUKI","ALTO",12930
"Passenger vehicles","Petrol","SUZUKI","APV",139
"Passenger vehicles","Petrol","SUZUKI","BALENO",21176
"Passenger vehicles","Petrol","SUZUKI","CAPPUCCINO",68
"Passenger vehicles","Petrol","SUZUKI","CARRY",68
"Passenger vehicles","Petrol","SUZUKI","CELERIO",1909
"Passenger vehicles","Petrol","SUZUKI","ESCUDO",15
"Passenger vehicles","Petrol","SUZUKI","EVERY",114
"Passenger vehicles","Petrol","SUZUKI","GRAND VITARA",34242
"Passenger vehicles","Petrol","SUZUKI","HATCH",23
"Passenger vehicles","Petrol","SUZUKI","HUSTLER",15
"Passenger vehicles","Petrol","SUZUKI","IGNIS",15601
"Passenger vehicles","Petrol","SUZUKI","JIMNY",38155
"Passenger vehicles","Petrol","SUZUKI","KIZASHI",4010
"Passenger vehicles","Petrol","SUZUKI","LIANA",2864
"Passenger vehicles","Petrol","SUZUKI","LJ50",17
"Passenger vehicles","Petrol","SUZUKI","MIGHTY BOY",3
"Passenger vehicles","Petrol","SUZUKI","SIERRA",2576
"Passenger vehicles","Petrol","SUZUKI","SIERRA STOCKMAN",3
"Passenger vehicles","Petrol","SUZUKI","SOLIO",5
"Passenger vehicles","Petrol","SUZUKI","SPACIA",9
"Passenger vehicles","Petrol","SUZUKI","SUPER CARRY",7
"Passenger vehicles","Petrol","SUZUKI","SWIFT",143465
"Passenger vehicles","Petrol","SUZUKI","SX4",20581
"Passenger vehicles","Petrol","SUZUKI","UNKNOWN",153
"Passenger vehicles","Petrol","SUZUKI","VITARA",40821
"Passenger vehicles","Petrol","SUZUKI","WAGON R+",90
"Passenger vehicles","Petrol","SUZUKI","X-90",145
"Passenger vehicles","Petrol","SWALLOW","UNKNOWN",3
"Passenger vehicles","Petrol","TALBOT","UNKNOWN",18
"Passenger vehicles","Petrol","TANK","300",5144
"Passenger vehicles","Petrol","TANK","500",327
"Passenger vehicles","Petrol","TATRA","UNKNOWN",0
"Passenger vehicles","Petrol","TD 2000","ROADSTER",22
"Passenger vehicles","Petrol","TD 2000","UNKNOWN",74
"Passenger vehicles","Petrol","TD CARS","UNKNOWN",0
"Passenger vehicles","Petrol","THE LONDON TAXI","TX4",0
"Passenger vehicles","Petrol","TIGER","UNKNOWN",3
"Passenger vehicles","Petrol","TOYOTA","20 SERIES WELCAB",88
"Passenger vehicles","Petrol","TOYOTA","4 RUNNER",1567
"Passenger vehicles","Petrol","TOYOTA","70 SERIES WELCAB",43
"Passenger vehicles","Petrol","TOYOTA","80 SERIES WELCAB",38
"Passenger vehicles","Petrol","TOYOTA","86",18951
"Passenger vehicles","Petrol","TOYOTA","ALPHARD",3258
"Passenger vehicles","Petrol","TOYOTA","ALTEZZA",319
"Passenger vehicles","Petrol","TOYOTA","AQUA",9
"Passenger vehicles","Petrol","TOYOTA","ARISTO",447
"Passenger vehicles","Petrol","TOYOTA","AURION",86078
"Passenger vehicles","Petrol","TOYOTA","AVALON",13695
"Passenger vehicles","Petrol","TOYOTA","AVENSIS",5955
"Passenger vehicles","Petrol","TOYOTA","BB",85
"Passenger vehicles","Petrol","TOYOTA","BLADE",221
"Passenger vehicles","Petrol","TOYOTA","BLIZZARD",3
"Passenger vehicles","Petrol","TOYOTA","C-HR",40001
"Passenger vehicles","Petrol","TOYOTA","CALDINA",401
"Passenger vehicles","Petrol","TOYOTA","CAMROAD",0
"Passenger vehicles","Petrol","TOYOTA","CAMRY",339198
"Passenger vehicles","Petrol","TOYOTA","CARINA",10
"Passenger vehicles","Petrol","TOYOTA","CELICA",7831
"Passenger vehicles","Petrol","TOYOTA","CELSIOR",124
"Passenger vehicles","Petrol","TOYOTA","CENTURY",248
"Passenger vehicles","Petrol","TOYOTA","CHASER",607
"Passenger vehicles","Petrol","TOYOTA","COMMODORE",3
"Passenger vehicles","Petrol","TOYOTA","COMMUTER",1441
"Passenger vehicles","Petrol","TOYOTA","CONQUEST",16
"Passenger vehicles","Petrol","TOYOTA","COROLLA",674569
"Passenger vehicles","Petrol","TOYOTA","COROLLA CROSS",3888
"Passenger vehicles","Petrol","TOYOTA","CORONA",880
"Passenger vehicles","Petrol","TOYOTA","CRESSIDA",1185
"Passenger vehicles","Petrol","TOYOTA","CRESTA",43
"Passenger vehicles","Petrol","TOYOTA","CROWN",4029
"Passenger vehicles","Petrol","TOYOTA","CRUISER",0
"Passenger vehicles","Petrol","TOYOTA","DYNA",0
"Passenger vehicles","Petrol","TOYOTA","ECHO",39593
"Passenger vehicles","Petrol","TOYOTA","ESQUIRE",70
"Passenger vehicles","Petrol","TOYOTA","ESTIMA",3524
"Passenger vehicles","Petrol","TOYOTA","FJ CRUISER",11369
"Passenger vehicles","Petrol","TOYOTA","FORTUNER",3
"Passenger vehicles","Petrol","TOYOTA","GR86",1948
"Passenger vehicles","Petrol","TOYOTA","GRANVIA",8
"Passenger vehicles","Petrol","TOYOTA","HARRIER",64
"Passenger vehicles","Petrol","TOYOTA","HIACE",3902
"Passenger vehicles","Petrol","TOYOTA","HILUX",142
"Passenger vehicles","Petrol","TOYOTA","IPSUM",11
"Passenger vehicles","Petrol","TOYOTA","IQ",39
"Passenger vehicles","Petrol","TOYOTA","JZX",272
"Passenger vehicles","Petrol","TOYOTA","KLUGER",182273
"Passenger vehicles","Petrol","TOYOTA","LANDCRUISER",51702
"Passenger vehicles","Petrol","TOYOTA","LANDCRUISER PRADO",62261
"Passenger vehicles","Petrol","TOYOTA","LANDCRUISER SAHARA",10
"Passenger vehicles","Petrol","TOYOTA","LEXCEN",702
"Passenger vehicles","Petrol","TOYOTA","LEXUS",18
"Passenger vehicles","Petrol","TOYOTA","LITEACE",97
"Passenger vehicles","Petrol","TOYOTA","LX90",3
"Passenger vehicles","Petrol","TOYOTA","MARK",8
"Passenger vehicles","Petrol","TOYOTA","MARK I",8
"Passenger vehicles","Petrol","TOYOTA","MARK II",431
"Passenger vehicles","Petrol","TOYOTA","MARK X",273
"Passenger vehicles","Petrol","TOYOTA","MR-S",10
"Passenger vehicles","Petrol","TOYOTA","MR2",1832
"Passenger vehicles","Petrol","TOYOTA","NOAH",958
"Passenger vehicles","Petrol","TOYOTA","PASEO",427
"Passenger vehicles","Petrol","TOYOTA","PORTE",310
"Passenger vehicles","Petrol","TOYOTA","PORTE, SPADE",14
"Passenger vehicles","Petrol","TOYOTA","RACTIS",208
"Passenger vehicles","Petrol","TOYOTA","RAV4",279676
"Passenger vehicles","Petrol","TOYOTA","REGIUS",43
"Passenger vehicles","Petrol","TOYOTA","RUKUS",3494
"Passenger vehicles","Petrol","TOYOTA","SAI",47
"Passenger vehicles","Petrol","TOYOTA","SERA",57
"Passenger vehicles","Petrol","TOYOTA","SIENTA",35
"Passenger vehicles","Petrol","TOYOTA","SOARER",1223
"Passenger vehicles","Petrol","TOYOTA","SPACIA",1011
"Passenger vehicles","Petrol","TOYOTA","SPADE",62
"Passenger vehicles","Petrol","TOYOTA","SPRINTER",264
"Passenger vehicles","Petrol","TOYOTA","STARLET",4668
"Passenger vehicles","Petrol","TOYOTA","STOUT",3
"Passenger vehicles","Petrol","TOYOTA","SUPRA",3757
"Passenger vehicles","Petrol","TOYOTA","SURF",208
"Passenger vehicles","Petrol","TOYOTA","TARAGO",28380
"Passenger vehicles","Petrol","TOYOTA","TERCEL",35
"Passenger vehicles","Petrol","TOYOTA","TOWNACE",377
"Passenger vehicles","Petrol","TOYOTA","TOYOACE",3
"Passenger vehicles","Petrol","TOYOTA","TROOP CARRIER",5
"Passenger vehicles","Petrol","TOYOTA","TRUENO",18
"Passenger vehicles","Petrol","TOYOTA","UNKNOWN",2612
"Passenger vehicles","Petrol","TOYOTA","VANGUARD",11
"Passenger vehicles","Petrol","TOYOTA","VELLFIRE",1250
"Passenger vehicles","Petrol","TOYOTA","VEROSSA",21
"Passenger vehicles","Petrol","TOYOTA","VIENTA",981
"Passenger vehicles","Petrol","TOYOTA","VITZ",28
"Passenger vehicles","Petrol","TOYOTA","VOXY",676
"Passenger vehicles","Petrol","TOYOTA","YARIS",216288
"Passenger vehicles","Petrol","TOYOTA","YARIS CROSS",7513
"Passenger vehicles","Petrol","TRIKETEC","UNKNOWN",3
"Passenger vehicles","Petrol","TRIUMPH","2.5 PI",10
"Passenger vehicles","Petrol","TRIUMPH","2000",11
"Passenger vehicles","Petrol","TRIUMPH","2500",64
"Passenger vehicles","Petrol","TRIUMPH","DOLOMITE",66
"Passenger vehicles","Petrol","TRIUMPH","GT6",39
"Passenger vehicles","Petrol","TRIUMPH","HERALD",65
"Passenger vehicles","Petrol","TRIUMPH","SPITFIRE",151
"Passenger vehicles","Petrol","TRIUMPH","STAG",465
"Passenger vehicles","Petrol","TRIUMPH","TIGER",3
"Passenger vehicles","Petrol","TRIUMPH","TIGER 750",3
"Passenger vehicles","Petrol","TRIUMPH","TR SERIES",135
"Passenger vehicles","Petrol","TRIUMPH","TR2",18
"Passenger vehicles","Petrol","TRIUMPH","TR3",95
"Passenger vehicles","Petrol","TRIUMPH","TR4",121
"Passenger vehicles","Petrol","TRIUMPH","TR5",25
"Passenger vehicles","Petrol","TRIUMPH","TR6",183
"Passenger vehicles","Petrol","TRIUMPH","TR7",89
"Passenger vehicles","Petrol","TRIUMPH","TR8",22
"Passenger vehicles","Petrol","TRIUMPH","TROPHY",3
"Passenger vehicles","Petrol","TRIUMPH","UNKNOWN",1067
"Passenger vehicles","Petrol","TRIUMPH","VITESSE",10
"Passenger vehicles","Petrol","TVR","CHIMAERA",26
"Passenger vehicles","Petrol","TVR","GRIFFITH",15
"Passenger vehicles","Petrol","TVR","SPORTS CAR",13
"Passenger vehicles","Petrol","TVR","TUSCAN",12
"Passenger vehicles","Petrol","TVR","UNKNOWN",60
"Passenger vehicles","Petrol","ULTIMA","UNKNOWN",4
"Passenger vehicles","Petrol","UNICARRIERS","UNKNOWN",3
"Passenger vehicles","Petrol","UNKNOWN","CLUBMAN",61
"Passenger vehicles","Petrol","UNKNOWN","COBRA",98
"Passenger vehicles","Petrol","UNKNOWN","CONTINENTAL",15
"Passenger vehicles","Petrol","UNKNOWN","ROADSTER",11
"Passenger vehicles","Petrol","UNKNOWN","STINGRAY",17
"Passenger vehicles","Petrol","UNKNOWN","UNKNOWN",1468
"Passenger vehicles","Petrol","VALIANT","CHARGER",35
"Passenger vehicles","Petrol","VALIANT","REGAL",50
"Passenger vehicles","Petrol","VALIANT","UNKNOWN",156
"Passenger vehicles","Petrol","VALIANT","VG SERIES",20
"Passenger vehicles","Petrol","VANDEN PLAS","PRINCESS",14
"Passenger vehicles","Petrol","VANDEN PLAS","UNKNOWN",6
"Passenger vehicles","Petrol","VANGUARD","UNKNOWN",6
"Passenger vehicles","Petrol","VAUXHALL","ASTRA",12
"Passenger vehicles","Petrol","VAUXHALL","CRESTA",61
"Passenger vehicles","Petrol","VAUXHALL","LIGHT SIX",12
"Passenger vehicles","Petrol","VAUXHALL","UNKNOWN",278
"Passenger vehicles","Petrol","VAUXHALL","VELOX",97
"Passenger vehicles","Petrol","VAUXHALL","VICTOR",37
"Passenger vehicles","Petrol","VAUXHALL","VIVA",31
"Passenger vehicles","Petrol","VAUXHALL","WYVERN",31
"Passenger vehicles","Petrol","VOLKSWAGEN","ARTEON",2627
"Passenger vehicles","Petrol","VOLKSWAGEN","BEACH BUGGY",13
"Passenger vehicles","Petrol","VOLKSWAGEN","BEETLE",9907
"Passenger vehicles","Petrol","VOLKSWAGEN","BORA",677
"Passenger vehicles","Petrol","VOLKSWAGEN","CADDY",1386
"Passenger vehicles","Petrol","VOLKSWAGEN","CAMPERVAN",4
"Passenger vehicles","Petrol","VOLKSWAGEN","CARAVELLE",346
"Passenger vehicles","Petrol","VOLKSWAGEN","CITIVAN",3
"Passenger vehicles","Petrol","VOLKSWAGEN","CONTAINER VAN",6
"Passenger vehicles","Petrol","VOLKSWAGEN","CORRADO",10
"Passenger vehicles","Petrol","VOLKSWAGEN","COUNTRY BUGGY",33
"Passenger vehicles","Petrol","VOLKSWAGEN","EOS",3667
"Passenger vehicles","Petrol","VOLKSWAGEN","FASTBACK",28
"Passenger vehicles","Petrol","VOLKSWAGEN","GOLF",194926
"Passenger vehicles","Petrol","VOLKSWAGEN","JETTA",13050
"Passenger vehicles","Petrol","VOLKSWAGEN","KALITA",19
"Passenger vehicles","Petrol","VOLKSWAGEN","KARMANN GHIA",309
"Passenger vehicles","Petrol","VOLKSWAGEN","KOMBI",1409
"Passenger vehicles","Petrol","VOLKSWAGEN","MEYERS MANX",193
"Passenger vehicles","Petrol","VOLKSWAGEN","MICROBUS",98
"Passenger vehicles","Petrol","VOLKSWAGEN","MULTIVAN",102
"Passenger vehicles","Petrol","VOLKSWAGEN","PASSAT",20710
"Passenger vehicles","Petrol","VOLKSWAGEN","POLO",68659
"Passenger vehicles","Petrol","VOLKSWAGEN","SAFARI",20
"Passenger vehicles","Petrol","VOLKSWAGEN","SCIROCCO",1939
"Passenger vehicles","Petrol","VOLKSWAGEN","SPEEDSTER",13
"Passenger vehicles","Petrol","VOLKSWAGEN","SUPERBUG",232
"Passenger vehicles","Petrol","VOLKSWAGEN","T-CROSS",21497
"Passenger vehicles","Petrol","VOLKSWAGEN","T-ROC",26747
"Passenger vehicles","Petrol","VOLKSWAGEN","T3",4
"Passenger vehicles","Petrol","VOLKSWAGEN","TIGUAN",98256
"Passenger vehicles","Petrol","VOLKSWAGEN","TOUAREG",824
"Passenger vehicles","Petrol","VOLKSWAGEN","TOURAN",6
"Passenger vehicles","Petrol","VOLKSWAGEN","TRANSPORTER",913
"Passenger vehicles","Petrol","VOLKSWAGEN","TYPE 1",13
"Passenger vehicles","Petrol","VOLKSWAGEN","TYPE 2",19
"Passenger vehicles","Petrol","VOLKSWAGEN","TYPE 3",184
"Passenger vehicles","Petrol","VOLKSWAGEN","TYPE70C",44
"Passenger vehicles","Petrol","VOLKSWAGEN","UNKNOWN",3194
"Passenger vehicles","Petrol","VOLKSWAGEN","UP!",1881
"Passenger vehicles","Petrol","VOLVO","122",55
"Passenger vehicles","Petrol","VOLVO","123",11
"Passenger vehicles","Petrol","VOLVO","142",13
"Passenger vehicles","Petrol","VOLVO","144",25
"Passenger vehicles","Petrol","VOLVO","164",23
"Passenger vehicles","Petrol","VOLVO","200",75
"Passenger vehicles","Petrol","VOLVO","240",760
"Passenger vehicles","Petrol","VOLVO","242",54
"Passenger vehicles","Petrol","VOLVO","244",127
"Passenger vehicles","Petrol","VOLVO","245",50
"Passenger vehicles","Petrol","VOLVO","264",14
"Passenger vehicles","Petrol","VOLVO","360",15
"Passenger vehicles","Petrol","VOLVO","440",49
"Passenger vehicles","Petrol","VOLVO","70 SERIES",14
"Passenger vehicles","Petrol","VOLVO","700",10
"Passenger vehicles","Petrol","VOLVO","740",234
"Passenger vehicles","Petrol","VOLVO","760",16
"Passenger vehicles","Petrol","VOLVO","850",793
"Passenger vehicles","Petrol","VOLVO","900",118
"Passenger vehicles","Petrol","VOLVO","940",299
"Passenger vehicles","Petrol","VOLVO","960",75
"Passenger vehicles","Petrol","VOLVO","C30",2180
"Passenger vehicles","Petrol","VOLVO","C70",1563
"Passenger vehicles","Petrol","VOLVO","P1800",119
"Passenger vehicles","Petrol","VOLVO","S40",2947
"Passenger vehicles","Petrol","VOLVO","S60",5597
"Passenger vehicles","Petrol","VOLVO","S70",275
"Passenger vehicles","Petrol","VOLVO","S80",594
"Passenger vehicles","Petrol","VOLVO","S90",163
"Passenger vehicles","Petrol","VOLVO","UNKNOWN",854
"Passenger vehicles","Petrol","VOLVO","V40",5052
"Passenger vehicles","Petrol","VOLVO","V50",1542
"Passenger vehicles","Petrol","VOLVO","V60",2174
"Passenger vehicles","Petrol","VOLVO","V70",1007
"Passenger vehicles","Petrol","VOLVO","V90",0
"Passenger vehicles","Petrol","VOLVO","XC40",19280
"Passenger vehicles","Petrol","VOLVO","XC60",19882
"Passenger vehicles","Petrol","VOLVO","XC70",2517
"Passenger vehicles","Petrol","VOLVO","XC90",9881
"Passenger vehicles","Petrol","WANDERER","UNKNOWN",0
"Passenger vehicles","Petrol","WESTFIELD","SEI",14
"Passenger vehicles","Petrol","WESTFIELD","UNKNOWN",39
"Passenger vehicles","Petrol","WHIPPET","UNKNOWN",22
"Passenger vehicles","Petrol","WHITE","UNKNOWN",3
"Passenger vehicles","Petrol","WILLYS","77",8
"Passenger vehicles","Petrol","WILLYS","JEEP",192
"Passenger vehicles","Petrol","WILLYS","KNIGHT",12
"Passenger vehicles","Petrol","WILLYS","OVERLAND",44
"Passenger vehicles","Petrol","WILLYS","UNKNOWN",174
"Passenger vehicles","Petrol","WILLYS","WHIPPET",31
"Passenger vehicles","Petrol","WOLSELEY","""18-85""",13
"Passenger vehicles","Petrol","WOLSELEY","""24-80""",31
"Passenger vehicles","Petrol","WOLSELEY","""6-80""",10
"Passenger vehicles","Petrol","WOLSELEY","1500",20
"Passenger vehicles","Petrol","WOLSELEY","HORNET",14
"Passenger vehicles","Petrol","WOLSELEY","UNKNOWN",158
"Passenger vehicles","Petrol","ZASTAVA","UNKNOWN",3
"Passenger vehicles","Petrol","ZAZ","UNKNOWN",0
"Passenger vehicles","Petrol","ZETA","UNKNOWN",3
"Passenger vehicles","Petrol","ZIMMER","UNKNOWN",3
"Passenger vehicles","Diesel","ALFA ROMEO","147",156
"Passenger vehicles","Diesel","ALFA ROMEO","159",975
"Passenger vehicles","Diesel","ALFA ROMEO","BRERA",3
"Passenger vehicles","Diesel","ALFA ROMEO","GIULIA",56
"Passenger vehicles","Diesel","ALFA ROMEO","GIULIETTA",788
"Passenger vehicles","Diesel","ALFA ROMEO","MITO",3
"Passenger vehicles","Diesel","ALFA ROMEO","SPIDER",0
"Passenger vehicles","Diesel","ALFA ROMEO","STELVIO",595
"Passenger vehicles","Diesel","AM GENERAL","UNKNOWN",7
"Passenger vehicles","Diesel","ASIA MOTORS","COMBI",3
"Passenger vehicles","Diesel","ASIA MOTORS","ROCSTA",9
"Passenger vehicles","Diesel","ASIA MOTORS","UNKNOWN",0
"Passenger vehicles","Diesel","AUDI","100",3
"Passenger vehicles","Diesel","AUDI","A1",306
"Passenger vehicles","Diesel","AUDI","A3",2426
"Passenger vehicles","Diesel","AUDI","A4",5832
"Passenger vehicles","Diesel","AUDI","A5",2786
"Passenger vehicles","Diesel","AUDI","A6",3137
"Passenger vehicles","Diesel","AUDI","A7",550
"Passenger vehicles","Diesel","AUDI","A8",451
"Passenger vehicles","Diesel","AUDI","ALLROAD",15
"Passenger vehicles","Diesel","AUDI","Q2",545
"Passenger vehicles","Diesel","AUDI","Q3",4442
"Passenger vehicles","Diesel","AUDI","Q5",24183
"Passenger vehicles","Diesel","AUDI","Q7",21735
"Passenger vehicles","Diesel","AUDI","Q8",509
"Passenger vehicles","Diesel","AUDI","RS3",0
"Passenger vehicles","Diesel","AUDI","RS4",3
"Passenger vehicles","Diesel","AUDI","RS6",6
"Passenger vehicles","Diesel","AUDI","RSQ3",0
"Passenger vehicles","Diesel","AUDI","RSQ8",29
"Passenger vehicles","Diesel","AUDI","S3",0
"Passenger vehicles","Diesel","AUDI","S4",0
"Passenger vehicles","Diesel","AUDI","S5",0
"Passenger vehicles","Diesel","AUDI","S6",4
"Passenger vehicles","Diesel","AUDI","SQ5",3572
"Passenger vehicles","Diesel","AUDI","SQ7",1488
"Passenger vehicles","Diesel","AUDI","SQ8",204
"Passenger vehicles","Diesel","AUDI","TT",74
"Passenger vehicles","Diesel","AUDI","UNKNOWN",3
"Passenger vehicles","Diesel","AUSTIN","7",0
"Passenger vehicles","Diesel","AUSTIN","LONDON TAXI",6
"Passenger vehicles","Diesel","AUSTIN","UNKNOWN",5
"Passenger vehicles","Diesel","BENTLEY","BENTAYGA",94
"Passenger vehicles","Diesel","BMW","116",3
"Passenger vehicles","Diesel","BMW","118",3442
"Passenger vehicles","Diesel","BMW","120",864
"Passenger vehicles","Diesel","BMW","123",943
"Passenger vehicles","Diesel","BMW","125",9
"Passenger vehicles","Diesel","BMW","135",0
"Passenger vehicles","Diesel","BMW","218",946
"Passenger vehicles","Diesel","BMW","220",485
"Passenger vehicles","Diesel","BMW","225",3
"Passenger vehicles","Diesel","BMW","228",0
"Passenger vehicles","Diesel","BMW","230",0
"Passenger vehicles","Diesel","BMW","3 SERIES",4
"Passenger vehicles","Diesel","BMW","316",3
"Passenger vehicles","Diesel","BMW","318",638
"Passenger vehicles","Diesel","BMW","320",10784
"Passenger vehicles","Diesel","BMW","323",5
"Passenger vehicles","Diesel","BMW","325",10
"Passenger vehicles","Diesel","BMW","328",18
"Passenger vehicles","Diesel","BMW","330",715
"Passenger vehicles","Diesel","BMW","335",13
"Passenger vehicles","Diesel","BMW","420",1029
"Passenger vehicles","Diesel","BMW","428",5
"Passenger vehicles","Diesel","BMW","430",3
"Passenger vehicles","Diesel","BMW","435",0
"Passenger vehicles","Diesel","BMW","440",0
"Passenger vehicles","Diesel","BMW","5 SERIES",0
"Passenger vehicles","Diesel","BMW","520",4157
"Passenger vehicles","Diesel","BMW","523",0
"Passenger vehicles","Diesel","BMW","525",20
"Passenger vehicles","Diesel","BMW","528",8
"Passenger vehicles","Diesel","BMW","530",2358
"Passenger vehicles","Diesel","BMW","535",519
"Passenger vehicles","Diesel","BMW","540",30
"Passenger vehicles","Diesel","BMW","620",97
"Passenger vehicles","Diesel","BMW","635",3
"Passenger vehicles","Diesel","BMW","640",130
"Passenger vehicles","Diesel","BMW","730",544
"Passenger vehicles","Diesel","BMW","740",3
"Passenger vehicles","Diesel","BMW","745",0
"Passenger vehicles","Diesel","BMW","840",3
"Passenger vehicles","Diesel","BMW","ALPINA",63
"Passenger vehicles","Diesel","BMW","M1",3
"Passenger vehicles","Diesel","BMW","M135",0
"Passenger vehicles","Diesel","BMW","M140",0
"Passenger vehicles","Diesel","BMW","M235",0
"Passenger vehicles","Diesel","BMW","M240",0
"Passenger vehicles","Diesel","BMW","M3",6
"Passenger vehicles","Diesel","BMW","M340",0
"Passenger vehicles","Diesel","BMW","M4",0
"Passenger vehicles","Diesel","BMW","M5",0
"Passenger vehicles","Diesel","BMW","MINI",41
"Passenger vehicles","Diesel","BMW","UNKNOWN",25
"Passenger vehicles","Diesel","BMW","X1",11370
"Passenger vehicles","Diesel","BMW","X2",508
"Passenger vehicles","Diesel","BMW","X3",21824
"Passenger vehicles","Diesel","BMW","X4",3945
"Passenger vehicles","Diesel","BMW","X5",48606
"Passenger vehicles","Diesel","BMW","X6",4933
"Passenger vehicles","Diesel","BMW","X7",3884
"Passenger vehicles","Diesel","BUICK","SUPER",3
"Passenger vehicles","Diesel","BUICK","UNKNOWN",0
"Passenger vehicles","Diesel","CADILLAC","DEVILLE",3
"Passenger vehicles","Diesel","CADILLAC","FLEETWOOD",3
"Passenger vehicles","Diesel","CADILLAC","UNKNOWN",3
"Passenger vehicles","Diesel","CHERY","OMODA",3
"Passenger vehicles","Diesel","CHERY","OMODA 5",3
"Passenger vehicles","Diesel","CHEVROLET","BEL AIR",0
"Passenger vehicles","Diesel","CHEVROLET","CAPRICE",3
"Passenger vehicles","Diesel","CHEVROLET","CORVETTE",0
"Passenger vehicles","Diesel","CHEVROLET","G20",0
"Passenger vehicles","Diesel","CHEVROLET","K2500",0
"Passenger vehicles","Diesel","CHEVROLET","SILVERADO",0
"Passenger vehicles","Diesel","CHEVROLET","SUBURBAN",0
"Passenger vehicles","Diesel","CHEVROLET","UNKNOWN",4
"Passenger vehicles","Diesel","CHRYSLER","300",1488
"Passenger vehicles","Diesel","CHRYSLER","GRAND VOYAGER",5
"Passenger vehicles","Diesel","CHRYSLER","PT CRUISER",0
"Passenger vehicles","Diesel","CHRYSLER","SEBRING",5
"Passenger vehicles","Diesel","CHRYSLER","UNKNOWN",3
"Passenger vehicles","Diesel","CHRYSLER","VOYAGER",524
"Passenger vehicles","Diesel","CITROEN","BERLINGO",17
"Passenger vehicles","Diesel","CITROEN","C3",140
"Passenger vehicles","Diesel","CITROEN","C4",2674
"Passenger vehicles","Diesel","CITROEN","C5",1792
"Passenger vehicles","Diesel","CITROEN","C6",68
"Passenger vehicles","Diesel","CITROEN","CX",0
"Passenger vehicles","Diesel","CITROEN","DISPATCH",0
"Passenger vehicles","Diesel","CITROEN","DS3",3
"Passenger vehicles","Diesel","CITROEN","DS4",129
"Passenger vehicles","Diesel","CITROEN","DS5",196
"Passenger vehicles","Diesel","CITROEN","UNKNOWN",3
"Passenger vehicles","Diesel","CITROEN","XANTIA",5
"Passenger vehicles","Diesel","CITROEN","XSARA",0
"Passenger vehicles","Diesel","CUSTOM MADE","UNKNOWN",3
"Passenger vehicles","Diesel","DACIA","UNKNOWN",3
"Passenger vehicles","Diesel","DAIHATSU","CHARADE",0
"Passenger vehicles","Diesel","DAIHATSU","DELTA",3
"Passenger vehicles","Diesel","DAIHATSU","FEROZA",14
"Passenger vehicles","Diesel","DAIHATSU","ROCKY",389
"Passenger vehicles","Diesel","DAIHATSU","SCAT",4
"Passenger vehicles","Diesel","DAIHATSU","SIRION",3
"Passenger vehicles","Diesel","DAIHATSU","TAFT",9
"Passenger vehicles","Diesel","DAIHATSU","TERIOS",3
"Passenger vehicles","Diesel","DAIHATSU","UNKNOWN",18
"Passenger vehicles","Diesel","DAIMLER","250",0
"Passenger vehicles","Diesel","DAIMLER","SP250",0
"Passenger vehicles","Diesel","DATSUN","280ZX",3
"Passenger vehicles","Diesel","DATSUN","720",0
"Passenger vehicles","Diesel","DATSUN","PATROL",28
"Passenger vehicles","Diesel","DATSUN","UNKNOWN",17
"Passenger vehicles","Diesel","DATSUN","URVAN",0
"Passenger vehicles","Diesel","DODGE","AT4",3
"Passenger vehicles","Diesel","DODGE","AVENGER",14
"Passenger vehicles","Diesel","DODGE","CALIBER",108
"Passenger vehicles","Diesel","DODGE","JOURNEY",22
"Passenger vehicles","Diesel","DODGE","NITRO",503
"Passenger vehicles","Diesel","DODGE","UNKNOWN",3
"Passenger vehicles","Diesel","FERRARI","328",0
"Passenger vehicles","Diesel","FIAT","500",124
"Passenger vehicles","Diesel","FIAT","DOBLO",0
"Passenger vehicles","Diesel","FIAT","DUCATO",275
"Passenger vehicles","Diesel","FIAT","FREEMONT",176
"Passenger vehicles","Diesel","FIAT","PANDA",42
"Passenger vehicles","Diesel","FIAT","PUNTO",182
"Passenger vehicles","Diesel","FIAT","RITMO",44
"Passenger vehicles","Diesel","FIAT","SCUDO",5
"Passenger vehicles","Diesel","FIAT","UNKNOWN",4
"Passenger vehicles","Diesel","FORD","BLITZ",0
"Passenger vehicles","Diesel","FORD","BRONCO",7
"Passenger vehicles","Diesel","FORD","CAPRI",3
"Passenger vehicles","Diesel","FORD","COURIER",6
"Passenger vehicles","Diesel","FORD","ECONOVAN",7
"Passenger vehicles","Diesel","FORD","ECOSPORT",4
"Passenger vehicles","Diesel","FORD","ENDURA",3228
"Passenger vehicles","Diesel","FORD","ESCAPE",3221
"Passenger vehicles","Diesel","FORD","EVEREST",86825
"Passenger vehicles","Diesel","FORD","EXPLORER",3
"Passenger vehicles","Diesel","FORD","F100",0
"Passenger vehicles","Diesel","FORD","FAIRLANE",16
"Passenger vehicles","Diesel","FORD","FAIRMONT",10
"Passenger vehicles","Diesel","FORD","FALCON",113
"Passenger vehicles","Diesel","FORD","FESTIVA",0
"Passenger vehicles","Diesel","FORD","FIESTA",1938
"Passenger vehicles","Diesel","FORD","FOCUS",5741
"Passenger vehicles","Diesel","FORD","FUTURA",9
"Passenger vehicles","Diesel","FORD","GALAXY",0
"Passenger vehicles","Diesel","FORD","KUGA",5080
"Passenger vehicles","Diesel","FORD","LANDAU",0
"Passenger vehicles","Diesel","FORD","LASER",6
"Passenger vehicles","Diesel","FORD","LTD",11
"Passenger vehicles","Diesel","FORD","MAVERICK",1785
"Passenger vehicles","Diesel","FORD","MONDEO",18243
"Passenger vehicles","Diesel","FORD","MUSTANG",26
"Passenger vehicles","Diesel","FORD","PUMA",20
"Passenger vehicles","Diesel","FORD","RAIDER",3
"Passenger vehicles","Diesel","FORD","TELSTAR",0
"Passenger vehicles","Diesel","FORD","TERRITORY",43107
"Passenger vehicles","Diesel","FORD","TORINO",3
"Passenger vehicles","Diesel","FORD","TOURNEO",78
"Passenger vehicles","Diesel","FORD","TRADER",6
"Passenger vehicles","Diesel","FORD","TRANSIT",292
"Passenger vehicles","Diesel","FORD","UNKNOWN",68
"Passenger vehicles","Diesel","FOTON","SAUVANA",38
"Passenger vehicles","Diesel","FOTON","VIEW",3
"Passenger vehicles","Diesel","GENESIS","G80",5
"Passenger vehicles","Diesel","GENESIS","GV70",133
"Passenger vehicles","Diesel","GENESIS","GV80",332
"Passenger vehicles","Diesel","GMC","C3500",3
"Passenger vehicles","Diesel","GMC","SIERRA",3
"Passenger vehicles","Diesel","GMC","SUBURBAN",0
"Passenger vehicles","Diesel","GMC","YUKON",4
"Passenger vehicles","Diesel","GREAT WALL","UNKNOWN",3
"Passenger vehicles","Diesel","GREAT WALL","X200",2211
"Passenger vehicles","Diesel","GREAT WALL","X240",6
"Passenger vehicles","Diesel","HAVAL","H2",0
"Passenger vehicles","Diesel","HAVAL","H6",35
"Passenger vehicles","Diesel","HAVAL","H9",0
"Passenger vehicles","Diesel","HAVAL","JOLION",12
"Passenger vehicles","Diesel","HILLMAN","MINX",0
"Passenger vehicles","Diesel","HINO","300 SERIES",3
"Passenger vehicles","Diesel","HINO","DUTRO",0
"Passenger vehicles","Diesel","HOLDEN","48-215",3
"Passenger vehicles","Diesel","HOLDEN","ACADIA",9
"Passenger vehicles","Diesel","HOLDEN","ADVENTRA",3
"Passenger vehicles","Diesel","HOLDEN","ASTRA",1594
"Passenger vehicles","Diesel","HOLDEN","BARINA",10
"Passenger vehicles","Diesel","HOLDEN","BERLINA",8
"Passenger vehicles","Diesel","HOLDEN","CALAIS",96
"Passenger vehicles","Diesel","HOLDEN","CAPRICE",6
"Passenger vehicles","Diesel","HOLDEN","CAPTIVA",39446
"Passenger vehicles","Diesel","HOLDEN","CASCADA",0
"Passenger vehicles","Diesel","HOLDEN","CLUBSPORT",0
"Passenger vehicles","Diesel","HOLDEN","COLORADO",8326
"Passenger vehicles","Diesel","HOLDEN","COMMODORE",377
"Passenger vehicles","Diesel","HOLDEN","CRUZE",10713
"Passenger vehicles","Diesel","HOLDEN","EH SERIES",3
"Passenger vehicles","Diesel","HOLDEN","EPICA",1133
"Passenger vehicles","Diesel","HOLDEN","EQUINOX",921
"Passenger vehicles","Diesel","HOLDEN","FC SERIES",3
"Passenger vehicles","Diesel","HOLDEN","FE SERIES",3
"Passenger vehicles","Diesel","HOLDEN","FJ SERIES",3
"Passenger vehicles","Diesel","HOLDEN","GEMINI",36
"Passenger vehicles","Diesel","HOLDEN","HJ SERIES",3
"Passenger vehicles","Diesel","HOLDEN","HZ SERIES",3
"Passenger vehicles","Diesel","HOLDEN","JACKAROO",1264
"Passenger vehicles","Diesel","HOLDEN","KINGSWOOD",0
"Passenger vehicles","Diesel","HOLDEN","MALIBU",406
"Passenger vehicles","Diesel","HOLDEN","MONARO",0
"Passenger vehicles","Diesel","HOLDEN","RODEO",56
"Passenger vehicles","Diesel","HOLDEN","STATESMAN",10
"Passenger vehicles","Diesel","HOLDEN","SUBURBAN",141
"Passenger vehicles","Diesel","HOLDEN","TORANA",3
"Passenger vehicles","Diesel","HOLDEN","TRAILBLAZER",10642
"Passenger vehicles","Diesel","HOLDEN","TRAX",23
"Passenger vehicles","Diesel","HOLDEN","UNKNOWN",20
"Passenger vehicles","Diesel","HOLDEN","VECTRA",19
"Passenger vehicles","Diesel","HONDA","ACCORD",20
"Passenger vehicles","Diesel","HONDA","CIVIC",410
"Passenger vehicles","Diesel","HONDA","CR-V",1441
"Passenger vehicles","Diesel","HONDA","HR-V",0
"Passenger vehicles","Diesel","HONDA","INTEGRA",3
"Passenger vehicles","Diesel","HONDA","JAZZ",10
"Passenger vehicles","Diesel","HONDA","ODYSSEY",5
"Passenger vehicles","Diesel","HUMMER","H1",3
"Passenger vehicles","Diesel","HUMMER","H3",5
"Passenger vehicles","Diesel","HUMMER","UNKNOWN",3
"Passenger vehicles","Diesel","HYUNDAI","ACCENT",660
"Passenger vehicles","Diesel","HYUNDAI","ELANTRA",12
"Passenger vehicles","Diesel","HYUNDAI","EXCEL",0
"Passenger vehicles","Diesel","HYUNDAI","GETZ",19
"Passenger vehicles","Diesel","HYUNDAI","GRANDEUR",34
"Passenger vehicles","Diesel","HYUNDAI","H-1",6
"Passenger vehicles","Diesel","HYUNDAI","I20",26
"Passenger vehicles","Diesel","HYUNDAI","I30",36831
"Passenger vehicles","Diesel","HYUNDAI","I40",4967
"Passenger vehicles","Diesel","HYUNDAI","I45",7
"Passenger vehicles","Diesel","HYUNDAI","IMAX",8265
"Passenger vehicles","Diesel","HYUNDAI","IX35",18141
"Passenger vehicles","Diesel","HYUNDAI","KONA",22
"Passenger vehicles","Diesel","HYUNDAI","PALISADE",12151
"Passenger vehicles","Diesel","HYUNDAI","SANTA FE",71985
"Passenger vehicles","Diesel","HYUNDAI","SONATA",318
"Passenger vehicles","Diesel","HYUNDAI","STARIA",2985
"Passenger vehicles","Diesel","HYUNDAI","TERRACAN",2599
"Passenger vehicles","Diesel","HYUNDAI","TUCSON",38241
"Passenger vehicles","Diesel","HYUNDAI","UNKNOWN",19
"Passenger vehicles","Diesel","HYUNDAI","VELOSTER",4
"Passenger vehicles","Diesel","HYUNDAI","VENUE",3
"Passenger vehicles","Diesel","INEOS","GRENADIER",957
"Passenger vehicles","Diesel","INEOS","UNKNOWN",3
"Passenger vehicles","Diesel","INFINITI","FX30D",264
"Passenger vehicles","Diesel","INFINITI","M",26
"Passenger vehicles","Diesel","INFINITI","Q30",47
"Passenger vehicles","Diesel","INFINITI","Q50",221
"Passenger vehicles","Diesel","INFINITI","Q70",8
"Passenger vehicles","Diesel","INFINITI","QX30",3
"Passenger vehicles","Diesel","INFINITI","QX70",3
"Passenger vehicles","Diesel","INFINITI","QX80",0
"Passenger vehicles","Diesel","INFINITI","UNKNOWN",3
"Passenger vehicles","Diesel","INTERNATIONAL","SCOUT",3
"Passenger vehicles","Diesel","INTERNATIONAL","UNKNOWN",3
"Passenger vehicles","Diesel","ISUZU","BIGHORN",9
"Passenger vehicles","Diesel","ISUZU","ELF",3
"Passenger vehicles","Diesel","ISUZU","GEMINI",0
"Passenger vehicles","Diesel","ISUZU","MU-X",103059
"Passenger vehicles","Diesel","ISUZU","NKR",0
"Passenger vehicles","Diesel","ISUZU","NPR",0
"Passenger vehicles","Diesel","ISUZU","UNKNOWN",13
"Passenger vehicles","Diesel","IVECO","DAILY",3
"Passenger vehicles","Diesel","IVECO","UNKNOWN",3
"Passenger vehicles","Diesel","JAGUAR","E-PACE",1202
"Passenger vehicles","Diesel","JAGUAR","F-PACE",2747
"Passenger vehicles","Diesel","JAGUAR","F-TYPE",3
"Passenger vehicles","Diesel","JAGUAR","S-TYPE",63
"Passenger vehicles","Diesel","JAGUAR","UNKNOWN",3
"Passenger vehicles","Diesel","JAGUAR","X-TYPE",107
"Passenger vehicles","Diesel","JAGUAR","XE",966
"Passenger vehicles","Diesel","JAGUAR","XF",2483
"Passenger vehicles","Diesel","JAGUAR","XJ",261
"Passenger vehicles","Diesel","JAGUAR","XJ6",5
"Passenger vehicles","Diesel","JAGUAR","XK",3
"Passenger vehicles","Diesel","JEEP","CHEROKEE",2800
"Passenger vehicles","Diesel","JEEP","CJ-7",0
"Passenger vehicles","Diesel","JEEP","COMMANDER",644
"Passenger vehicles","Diesel","JEEP","COMPASS",1295
"Passenger vehicles","Diesel","JEEP","GRAND CHEROKEE",40317
"Passenger vehicles","Diesel","JEEP","PATRIOT",160
"Passenger vehicles","Diesel","JEEP","RENEGADE",3
"Passenger vehicles","Diesel","JEEP","UNKNOWN",0
"Passenger vehicles","Diesel","JEEP","WRANGLER",3000
"Passenger vehicles","Diesel","KIA","CARENS",0
"Passenger vehicles","Diesel","KIA","CARNIVAL",45027
"Passenger vehicles","Diesel","KIA","CERATO",78
"Passenger vehicles","Diesel","KIA","MAGENTIS",3
"Passenger vehicles","Diesel","KIA","OPTIMA",3
"Passenger vehicles","Diesel","KIA","PICANTO",4
"Passenger vehicles","Diesel","KIA","PREGIO",58
"Passenger vehicles","Diesel","KIA","RIO",35
"Passenger vehicles","Diesel","KIA","RONDO",308
"Passenger vehicles","Diesel","KIA","SELTOS",12
"Passenger vehicles","Diesel","KIA","SORENTO",54273
"Passenger vehicles","Diesel","KIA","SOUL",167
"Passenger vehicles","Diesel","KIA","SPORTAGE",43208
"Passenger vehicles","Diesel","KIA","STINGER",10
"Passenger vehicles","Diesel","KIA","STONIC",10
"Passenger vehicles","Diesel","KIA","UNKNOWN",3
"Passenger vehicles","Diesel","LADA","NIVA",0
"Passenger vehicles","Diesel","LAMBORGHINI","UNKNOWN",0
"Passenger vehicles","Diesel","LAND ROVER","109",3
"Passenger vehicles","Diesel","LAND ROVER","110",187
"Passenger vehicles","Diesel","LAND ROVER","2A",4
"Passenger vehicles","Diesel","LAND ROVER","80",0
"Passenger vehicles","Diesel","LAND ROVER","88",0
"Passenger vehicles","Diesel","LAND ROVER","COUNTY",19
"Passenger vehicles","Diesel","LAND ROVER","DEFENDER",13288
"Passenger vehicles","Diesel","LAND ROVER","DISCOVERY",46707
"Passenger vehicles","Diesel","LAND ROVER","FREELANDER",5750
"Passenger vehicles","Diesel","LAND ROVER","HIGHLINE",3
"Passenger vehicles","Diesel","LAND ROVER","MILITARY",0
"Passenger vehicles","Diesel","LAND ROVER","PERENTIE",34
"Passenger vehicles","Diesel","LAND ROVER","RANGE ROVER",50793
"Passenger vehicles","Diesel","LAND ROVER","ROVER 75",49
"Passenger vehicles","Diesel","LAND ROVER","SERIES 1",3
"Passenger vehicles","Diesel","LAND ROVER","SERIES 2",11
"Passenger vehicles","Diesel","LAND ROVER","SERIES 3",29
"Passenger vehicles","Diesel","LAND ROVER","UNKNOWN",259
"Passenger vehicles","Diesel","LDV","D90",5708
"Passenger vehicles","Diesel","LDV","DELIVER 9",56
"Passenger vehicles","Diesel","LDV","G10",578
"Passenger vehicles","Diesel","LDV","MIFA",10
"Passenger vehicles","Diesel","LDV","T60",6
"Passenger vehicles","Diesel","LDV","UNKNOWN",7
"Passenger vehicles","Diesel","LDV","V80",34
"Passenger vehicles","Diesel","LEXUS","ES350",0
"Passenger vehicles","Diesel","LEXUS","GS350",0
"Passenger vehicles","Diesel","LEXUS","IS200",0
"Passenger vehicles","Diesel","LEXUS","IS300",3
"Passenger vehicles","Diesel","LEXUS","LX450",466
"Passenger vehicles","Diesel","LEXUS","LX470",6
"Passenger vehicles","Diesel","LEXUS","LX500",763
"Passenger vehicles","Diesel","LEXUS","LX570",7
"Passenger vehicles","Diesel","LEXUS","LX600",5
"Passenger vehicles","Diesel","LEXUS","NX200",5
"Passenger vehicles","Diesel","LEXUS","NX250",3
"Passenger vehicles","Diesel","LEXUS","NX300",9
"Passenger vehicles","Diesel","LEXUS","NX350",0
"Passenger vehicles","Diesel","LEXUS","RX200",0
"Passenger vehicles","Diesel","LEXUS","RX300",3
"Passenger vehicles","Diesel","LEXUS","RX350",6
"Passenger vehicles","Diesel","LEXUS","UNKNOWN",3
"Passenger vehicles","Diesel","LEYLAND","P76",0
"Passenger vehicles","Diesel","LEYLAND","RANGE ROVER",10
"Passenger vehicles","Diesel","LEYLAND","TIGER",0
"Passenger vehicles","Diesel","LEYLAND","UNKNOWN",4
"Passenger vehicles","Diesel","MACK","R SERIES",3
"Passenger vehicles","Diesel","MAHINDRA","PIKUP",0
"Passenger vehicles","Diesel","MAHINDRA","S5",0
"Passenger vehicles","Diesel","MAHINDRA","SCORPIO",654
"Passenger vehicles","Diesel","MAHINDRA","SCORPIO-N",25
"Passenger vehicles","Diesel","MAHINDRA","SCORPION",27
"Passenger vehicles","Diesel","MAHINDRA","UNKNOWN",8
"Passenger vehicles","Diesel","MAHINDRA","XUV 500",419
"Passenger vehicles","Diesel","MAHINDRA","XUV500",72
"Passenger vehicles","Diesel","MASERATI","GHIBLI",115
"Passenger vehicles","Diesel","MASERATI","LEVANTE",600
"Passenger vehicles","Diesel","MASERATI","QUATTROPORTE",30
"Passenger vehicles","Diesel","MAZDA","121",3
"Passenger vehicles","Diesel","MAZDA","323",3
"Passenger vehicles","Diesel","MAZDA","626",15
"Passenger vehicles","Diesel","MAZDA","ATENZA",0
"Passenger vehicles","Diesel","MAZDA","AXELA",0
"Passenger vehicles","Diesel","MAZDA","B2200",3
"Passenger vehicles","Diesel","MAZDA","B2500",8
"Passenger vehicles","Diesel","MAZDA","B2600",0
"Passenger vehicles","Diesel","MAZDA","B3000",10
"Passenger vehicles","Diesel","MAZDA","BONGO",3
"Passenger vehicles","Diesel","MAZDA","CAPELLA",3
"Passenger vehicles","Diesel","MAZDA","CX-3",1809
"Passenger vehicles","Diesel","MAZDA","CX-30",15
"Passenger vehicles","Diesel","MAZDA","CX-5",35294
"Passenger vehicles","Diesel","MAZDA","CX-60",3
"Passenger vehicles","Diesel","MAZDA","CX-7",1147
"Passenger vehicles","Diesel","MAZDA","CX-8",9318
"Passenger vehicles","Diesel","MAZDA","CX-9",48
"Passenger vehicles","Diesel","MAZDA","E2200",11
"Passenger vehicles","Diesel","MAZDA","E2500",10
"Passenger vehicles","Diesel","MAZDA","MAZDA 2",12
"Passenger vehicles","Diesel","MAZDA","MAZDA 3",2622
"Passenger vehicles","Diesel","MAZDA","MAZDA 6",6463
"Passenger vehicles","Diesel","MAZDA","MX-5",8
"Passenger vehicles","Diesel","MAZDA","PARKWAY",4
"Passenger vehicles","Diesel","MAZDA","RX-7",3
"Passenger vehicles","Diesel","MAZDA","RX-8",3
"Passenger vehicles","Diesel","MAZDA","T3000",15
"Passenger vehicles","Diesel","MAZDA","T3500",9
"Passenger vehicles","Diesel","MAZDA","T4000",0
"Passenger vehicles","Diesel","MAZDA","TITAN",0
"Passenger vehicles","Diesel","MAZDA","TRIBUTE",0
"Passenger vehicles","Diesel","MAZDA","UNKNOWN",24
"Passenger vehicles","Diesel","MERCEDES-BENZ","1621",0
"Passenger vehicles","Diesel","MERCEDES-BENZ","170",11
"Passenger vehicles","Diesel","MERCEDES-BENZ","180",3
"Passenger vehicles","Diesel","MERCEDES-BENZ","190",16
"Passenger vehicles","Diesel","MERCEDES-BENZ","190D",27
"Passenger vehicles","Diesel","MERCEDES-BENZ","190E",0
"Passenger vehicles","Diesel","MERCEDES-BENZ","200GE",0
"Passenger vehicles","Diesel","MERCEDES-BENZ","220",0
"Passenger vehicles","Diesel","MERCEDES-BENZ","230",3
"Passenger vehicles","Diesel","MERCEDES-BENZ","230E",3
"Passenger vehicles","Diesel","MERCEDES-BENZ","240",82
"Passenger vehicles","Diesel","MERCEDES-BENZ","250",3
"Passenger vehicles","Diesel","MERCEDES-BENZ","280",6
"Passenger vehicles","Diesel","MERCEDES-BENZ","300",442
"Passenger vehicles","Diesel","MERCEDES-BENZ","300CE",3
"Passenger vehicles","Diesel","MERCEDES-BENZ","300SEL",3
"Passenger vehicles","Diesel","MERCEDES-BENZ","300TE",0
"Passenger vehicles","Diesel","MERCEDES-BENZ","350",3
"Passenger vehicles","Diesel","MERCEDES-BENZ","380",0
"Passenger vehicles","Diesel","MERCEDES-BENZ","420",0
"Passenger vehicles","Diesel","MERCEDES-BENZ","A-CLASS",3
"Passenger vehicles","Diesel","MERCEDES-BENZ","A160",4
"Passenger vehicles","Diesel","MERCEDES-BENZ","A170",4
"Passenger vehicles","Diesel","MERCEDES-BENZ","A180",132
"Passenger vehicles","Diesel","MERCEDES-BENZ","A190",0
"Passenger vehicles","Diesel","MERCEDES-BENZ","A200",1629
"Passenger vehicles","Diesel","MERCEDES-BENZ","A250",14
"Passenger vehicles","Diesel","MERCEDES-BENZ","A35",3
"Passenger vehicles","Diesel","MERCEDES-BENZ","A45",0
"Passenger vehicles","Diesel","MERCEDES-BENZ","A45S",3
"Passenger vehicles","Diesel","MERCEDES-BENZ","B180",1330
"Passenger vehicles","Diesel","MERCEDES-BENZ","B200",2654
"Passenger vehicles","Diesel","MERCEDES-BENZ","B250",3
"Passenger vehicles","Diesel","MERCEDES-BENZ","C-CLASS",3
"Passenger vehicles","Diesel","MERCEDES-BENZ","C180",10
"Passenger vehicles","Diesel","MERCEDES-BENZ","C200",2100
"Passenger vehicles","Diesel","MERCEDES-BENZ","C220",3886
"Passenger vehicles","Diesel","MERCEDES-BENZ","C250",9226
"Passenger vehicles","Diesel","MERCEDES-BENZ","C280",3
"Passenger vehicles","Diesel","MERCEDES-BENZ","C300",11
"Passenger vehicles","Diesel","MERCEDES-BENZ","C320",384
"Passenger vehicles","Diesel","MERCEDES-BENZ","C350",212
"Passenger vehicles","Diesel","MERCEDES-BENZ","C43",0
"Passenger vehicles","Diesel","MERCEDES-BENZ","C63",0
"Passenger vehicles","Diesel","MERCEDES-BENZ","C63S",3
"Passenger vehicles","Diesel","MERCEDES-BENZ","CL180",3
"Passenger vehicles","Diesel","MERCEDES-BENZ","CL200K",0
"Passenger vehicles","Diesel","MERCEDES-BENZ","CL500",0
"Passenger vehicles","Diesel","MERCEDES-BENZ","CLA200",607
"Passenger vehicles","Diesel","MERCEDES-BENZ","CLA220",397
"Passenger vehicles","Diesel","MERCEDES-BENZ","CLA250",7
"Passenger vehicles","Diesel","MERCEDES-BENZ","CLA45",4
"Passenger vehicles","Diesel","MERCEDES-BENZ","CLK230",3
"Passenger vehicles","Diesel","MERCEDES-BENZ","CLK280",3
"Passenger vehicles","Diesel","MERCEDES-BENZ","CLK320",3
"Passenger vehicles","Diesel","MERCEDES-BENZ","CLK350",0
"Passenger vehicles","Diesel","MERCEDES-BENZ","CLK500",3
"Passenger vehicles","Diesel","MERCEDES-BENZ","CLS250",1030
"Passenger vehicles","Diesel","MERCEDES-BENZ","CLS320",9
"Passenger vehicles","Diesel","MERCEDES-BENZ","CLS350",230
"Passenger vehicles","Diesel","MERCEDES-BENZ","CLS400",3
"Passenger vehicles","Diesel","MERCEDES-BENZ","E-CLASS",3
"Passenger vehicles","Diesel","MERCEDES-BENZ","E200",12
"Passenger vehicles","Diesel","MERCEDES-BENZ","E220",2138
"Passenger vehicles","Diesel","MERCEDES-BENZ","E240",3
"Passenger vehicles","Diesel","MERCEDES-BENZ","E250",2854
"Passenger vehicles","Diesel","MERCEDES-BENZ","E270",402
"Passenger vehicles","Diesel","MERCEDES-BENZ","E280",876
"Passenger vehicles","Diesel","MERCEDES-BENZ","E300",78
"Passenger vehicles","Diesel","MERCEDES-BENZ","E320",24
"Passenger vehicles","Diesel","MERCEDES-BENZ","E350",884
"Passenger vehicles","Diesel","MERCEDES-BENZ","E400",66
"Passenger vehicles","Diesel","MERCEDES-BENZ","E43",3
"Passenger vehicles","Diesel","MERCEDES-BENZ","E450",0
"Passenger vehicles","Diesel","MERCEDES-BENZ","E63",0
"Passenger vehicles","Diesel","MERCEDES-BENZ","E63S",0
"Passenger vehicles","Diesel","MERCEDES-BENZ","G300",361
"Passenger vehicles","Diesel","MERCEDES-BENZ","G350",184
"Passenger vehicles","Diesel","MERCEDES-BENZ","G400",64
"Passenger vehicles","Diesel","MERCEDES-BENZ","G55",0
"Passenger vehicles","Diesel","MERCEDES-BENZ","G63",3
"Passenger vehicles","Diesel","MERCEDES-BENZ","GL320",693
"Passenger vehicles","Diesel","MERCEDES-BENZ","GL350",2092
"Passenger vehicles","Diesel","MERCEDES-BENZ","GL450",172
"Passenger vehicles","Diesel","MERCEDES-BENZ","GL500",5
"Passenger vehicles","Diesel","MERCEDES-BENZ","GL63",0
"Passenger vehicles","Diesel","MERCEDES-BENZ","GLA180",12
"Passenger vehicles","Diesel","MERCEDES-BENZ","GLA200",1937
"Passenger vehicles","Diesel","MERCEDES-BENZ","GLA220",1228
"Passenger vehicles","Diesel","MERCEDES-BENZ","GLA250",9
"Passenger vehicles","Diesel","MERCEDES-BENZ","GLA35",0
"Passenger vehicles","Diesel","MERCEDES-BENZ","GLA45",3
"Passenger vehicles","Diesel","MERCEDES-BENZ","GLA45S",0
"Passenger vehicles","Diesel","MERCEDES-BENZ","GLB200",3
"Passenger vehicles","Diesel","MERCEDES-BENZ","GLB250",5
"Passenger vehicles","Diesel","MERCEDES-BENZ","GLC200",13
"Passenger vehicles","Diesel","MERCEDES-BENZ","GLC220",1406
"Passenger vehicles","Diesel","MERCEDES-BENZ","GLC250",6632
"Passenger vehicles","Diesel","MERCEDES-BENZ","GLC300",19
"Passenger vehicles","Diesel","MERCEDES-BENZ","GLC350",742
"Passenger vehicles","Diesel","MERCEDES-BENZ","GLC43",9
"Passenger vehicles","Diesel","MERCEDES-BENZ","GLC63S",7
"Passenger vehicles","Diesel","MERCEDES-BENZ","GLE250",2873
"Passenger vehicles","Diesel","MERCEDES-BENZ","GLE30",27
"Passenger vehicles","Diesel","MERCEDES-BENZ","GLE300",6670
"Passenger vehicles","Diesel","MERCEDES-BENZ","GLE350",4314
"Passenger vehicles","Diesel","MERCEDES-BENZ","GLE400",3791
"Passenger vehicles","Diesel","MERCEDES-BENZ","GLE43",7
"Passenger vehicles","Diesel","MERCEDES-BENZ","GLE450",436
"Passenger vehicles","Diesel","MERCEDES-BENZ","GLE500",0
"Passenger vehicles","Diesel","MERCEDES-BENZ","GLE53",7
"Passenger vehicles","Diesel","MERCEDES-BENZ","GLE63S",7
"Passenger vehicles","Diesel","MERCEDES-BENZ","GLS350",2364
"Passenger vehicles","Diesel","MERCEDES-BENZ","GLS400",1794
"Passenger vehicles","Diesel","MERCEDES-BENZ","GLS450",460
"Passenger vehicles","Diesel","MERCEDES-BENZ","GLS500",0
"Passenger vehicles","Diesel","MERCEDES-BENZ","GLS63",3
"Passenger vehicles","Diesel","MERCEDES-BENZ","GT",3
"Passenger vehicles","Diesel","MERCEDES-BENZ","GT C",3
"Passenger vehicles","Diesel","MERCEDES-BENZ","MARCO POLO ACTIVITY",67
"Passenger vehicles","Diesel","MERCEDES-BENZ","MB100",22
"Passenger vehicles","Diesel","MERCEDES-BENZ","MB140",24
"Passenger vehicles","Diesel","MERCEDES-BENZ","ML250",3734
"Passenger vehicles","Diesel","MERCEDES-BENZ","ML270",989
"Passenger vehicles","Diesel","MERCEDES-BENZ","ML280",777
"Passenger vehicles","Diesel","MERCEDES-BENZ","ML300",1736
"Passenger vehicles","Diesel","MERCEDES-BENZ","ML320",2527
"Passenger vehicles","Diesel","MERCEDES-BENZ","ML350",5479
"Passenger vehicles","Diesel","MERCEDES-BENZ","ML400",4
"Passenger vehicles","Diesel","MERCEDES-BENZ","ML500",0
"Passenger vehicles","Diesel","MERCEDES-BENZ","ML63",0
"Passenger vehicles","Diesel","MERCEDES-BENZ","R280",96
"Passenger vehicles","Diesel","MERCEDES-BENZ","R300",280
"Passenger vehicles","Diesel","MERCEDES-BENZ","R320",218
"Passenger vehicles","Diesel","MERCEDES-BENZ","R350",286
"Passenger vehicles","Diesel","MERCEDES-BENZ","S-CLASS",6
"Passenger vehicles","Diesel","MERCEDES-BENZ","S320",72
"Passenger vehicles","Diesel","MERCEDES-BENZ","S350",938
"Passenger vehicles","Diesel","MERCEDES-BENZ","S400",53
"Passenger vehicles","Diesel","MERCEDES-BENZ","S450",0
"Passenger vehicles","Diesel","MERCEDES-BENZ","SLK200",0
"Passenger vehicles","Diesel","MERCEDES-BENZ","SLK250",0
"Passenger vehicles","Diesel","MERCEDES-BENZ","SLK55",0
"Passenger vehicles","Diesel","MERCEDES-BENZ","SPRINTER",341
"Passenger vehicles","Diesel","MERCEDES-BENZ","UNIMOG",0
"Passenger vehicles","Diesel","MERCEDES-BENZ","UNKNOWN",211
"Passenger vehicles","Diesel","MERCEDES-BENZ","V-CLASS",3294
"Passenger vehicles","Diesel","MERCEDES-BENZ","V167",145
"Passenger vehicles","Diesel","MERCEDES-BENZ","VALENTE",280
"Passenger vehicles","Diesel","MERCEDES-BENZ","VIANO",1139
"Passenger vehicles","Diesel","MERCEDES-BENZ","VITO",3558
"Passenger vehicles","Diesel","MERCEDES-BENZ","W203",3
"Passenger vehicles","Diesel","MERCEDES-BENZ","W213",3
"Passenger vehicles","Diesel","MERCEDES-BENZ","X167",5
"Passenger vehicles","Diesel","MG","GS",4
"Passenger vehicles","Diesel","MG","HS",12
"Passenger vehicles","Diesel","MG","MG A",0
"Passenger vehicles","Diesel","MG","MG3",3
"Passenger vehicles","Diesel","MG","UNKNOWN",0
"Passenger vehicles","Diesel","MG","ZS",12
"Passenger vehicles","Diesel","MG","ZST",3
"Passenger vehicles","Diesel","MG","ZT",0
"Passenger vehicles","Diesel","MINI","CONVERTIBLE",0
"Passenger vehicles","Diesel","MINI","COOPER",112
"Passenger vehicles","Diesel","MINI","COUNTRYMAN",1185
"Passenger vehicles","Diesel","MINI","COUPE",0
"Passenger vehicles","Diesel","MINI","HATCH",1392
"Passenger vehicles","Diesel","MINI","MINI",3
"Passenger vehicles","Diesel","MINI","ONE",0
"Passenger vehicles","Diesel","MITSUBISHI","380",4
"Passenger vehicles","Diesel","MITSUBISHI","AIRTREK",3
"Passenger vehicles","Diesel","MITSUBISHI","ASX",7685
"Passenger vehicles","Diesel","MITSUBISHI","CANTER",3
"Passenger vehicles","Diesel","MITSUBISHI","CHALLENGER",12369
"Passenger vehicles","Diesel","MITSUBISHI","COLT",3
"Passenger vehicles","Diesel","MITSUBISHI","DELICA",2778
"Passenger vehicles","Diesel","MITSUBISHI","ECLIPSE CROSS",36
"Passenger vehicles","Diesel","MITSUBISHI","EXPRESS",12
"Passenger vehicles","Diesel","MITSUBISHI","GRANDIS",0
"Passenger vehicles","Diesel","MITSUBISHI","JEEP",16
"Passenger vehicles","Diesel","MITSUBISHI","LANCER",22
"Passenger vehicles","Diesel","MITSUBISHI","LANCER EVOLUTION",0
"Passenger vehicles","Diesel","MITSUBISHI","MAGNA",8
"Passenger vehicles","Diesel","MITSUBISHI","MIRAGE",3
"Passenger vehicles","Diesel","MITSUBISHI","OUTLANDER",10362
"Passenger vehicles","Diesel","MITSUBISHI","PAJERO",137965
"Passenger vehicles","Diesel","MITSUBISHI","RVR",0
"Passenger vehicles","Diesel","MITSUBISHI","STARWAGON",6
"Passenger vehicles","Diesel","MITSUBISHI","TRITON",5
"Passenger vehicles","Diesel","MITSUBISHI","UNKNOWN",55
"Passenger vehicles","Diesel","MORGAN","ROADSTER",0
"Passenger vehicles","Diesel","MORRIS","MAJOR",3
"Passenger vehicles","Diesel","NISSAN","300ZX",0
"Passenger vehicles","Diesel","NISSAN","350Z",3
"Passenger vehicles","Diesel","NISSAN","720",3
"Passenger vehicles","Diesel","NISSAN","ALMERA",3
"Passenger vehicles","Diesel","NISSAN","ATLAS",3
"Passenger vehicles","Diesel","NISSAN","BLUEBIRD",3
"Passenger vehicles","Diesel","NISSAN","CABSTAR",0
"Passenger vehicles","Diesel","NISSAN","CARAVAN",14
"Passenger vehicles","Diesel","NISSAN","CIVILIAN",3
"Passenger vehicles","Diesel","NISSAN","DUALIS",895
"Passenger vehicles","Diesel","NISSAN","E25",5
"Passenger vehicles","Diesel","NISSAN","ELGRAND",0
"Passenger vehicles","Diesel","NISSAN","HOMY",12
"Passenger vehicles","Diesel","NISSAN","JUKE",19
"Passenger vehicles","Diesel","NISSAN","LAUREL",3
"Passenger vehicles","Diesel","NISSAN","MAXIMA",4
"Passenger vehicles","Diesel","NISSAN","MICRA",3
"Passenger vehicles","Diesel","NISSAN","MURANO",8
"Passenger vehicles","Diesel","NISSAN","NAVARA",81
"Passenger vehicles","Diesel","NISSAN","NV350",20
"Passenger vehicles","Diesel","NISSAN","PATHFINDER",12720
"Passenger vehicles","Diesel","NISSAN","PATROL",68512
"Passenger vehicles","Diesel","NISSAN","PULSAR",18
"Passenger vehicles","Diesel","NISSAN","QASHQAI",3719
"Passenger vehicles","Diesel","NISSAN","S-CARGO",0
"Passenger vehicles","Diesel","NISSAN","SAFARI",9
"Passenger vehicles","Diesel","NISSAN","SERENA",0
"Passenger vehicles","Diesel","NISSAN","SKYLINE",9
"Passenger vehicles","Diesel","NISSAN","TERRANO",505
"Passenger vehicles","Diesel","NISSAN","TIIDA",6
"Passenger vehicles","Diesel","NISSAN","UNKNOWN",274
"Passenger vehicles","Diesel","NISSAN","URVAN",26
"Passenger vehicles","Diesel","NISSAN","X-TRAIL",13674
"Passenger vehicles","Diesel","OKA","UNKNOWN",0
"Passenger vehicles","Diesel","OLDSMOBILE","UNKNOWN",5
"Passenger vehicles","Diesel","OPEL","ASTRA",289
"Passenger vehicles","Diesel","OPEL","INSIGNIA",179
"Passenger vehicles","Diesel","OPEL","UNKNOWN",3
"Passenger vehicles","Diesel","OPEL","ZAFIRA",30
"Passenger vehicles","Diesel","ORA","ES11",3
"Passenger vehicles","Diesel","PERENTTI","UNKNOWN",3
"Passenger vehicles","Diesel","PEUGEOT","2008",219
"Passenger vehicles","Diesel","PEUGEOT","205",3
"Passenger vehicles","Diesel","PEUGEOT","207",685
"Passenger vehicles","Diesel","PEUGEOT","208",4
"Passenger vehicles","Diesel","PEUGEOT","3008",1675
"Passenger vehicles","Diesel","PEUGEOT","306",82
"Passenger vehicles","Diesel","PEUGEOT","307",2880
"Passenger vehicles","Diesel","PEUGEOT","308",6453
"Passenger vehicles","Diesel","PEUGEOT","4007",1257
"Passenger vehicles","Diesel","PEUGEOT","405",94
"Passenger vehicles","Diesel","PEUGEOT","406",314
"Passenger vehicles","Diesel","PEUGEOT","407",1812
"Passenger vehicles","Diesel","PEUGEOT","5008",594
"Passenger vehicles","Diesel","PEUGEOT","504",10
"Passenger vehicles","Diesel","PEUGEOT","505",16
"Passenger vehicles","Diesel","PEUGEOT","508",2051
"Passenger vehicles","Diesel","PEUGEOT","607",3
"Passenger vehicles","Diesel","PEUGEOT","PARTNER",3
"Passenger vehicles","Diesel","PEUGEOT","RCZ",56
"Passenger vehicles","Diesel","PEUGEOT","UNKNOWN",9
"Passenger vehicles","Diesel","PONTIAC","UNKNOWN",3
"Passenger vehicles","Diesel","PORSCHE","911",0
"Passenger vehicles","Diesel","PORSCHE","BOXSTER",3
"Passenger vehicles","Diesel","PORSCHE","CAYENNE",5899
"Passenger vehicles","Diesel","PORSCHE","CAYMAN",3
"Passenger vehicles","Diesel","PORSCHE","MACAN",3325
"Passenger vehicles","Diesel","PORSCHE","PANAMERA",194
"Passenger vehicles","Diesel","PROTON","SATRIA",3
"Passenger vehicles","Diesel","RAM","3500",0
"Passenger vehicles","Diesel","RENAULT","ARKANA",0
"Passenger vehicles","Diesel","RENAULT","CAPTUR",3
"Passenger vehicles","Diesel","RENAULT","CLIO",0
"Passenger vehicles","Diesel","RENAULT","KADJAR",0
"Passenger vehicles","Diesel","RENAULT","KANGOO",3
"Passenger vehicles","Diesel","RENAULT","KOLEOS",1672
"Passenger vehicles","Diesel","RENAULT","LAGUNA",177
"Passenger vehicles","Diesel","RENAULT","LATITUDE",572
"Passenger vehicles","Diesel","RENAULT","MASTER",45
"Passenger vehicles","Diesel","RENAULT","MEGANE",1213
"Passenger vehicles","Diesel","RENAULT","SCENIC",29
"Passenger vehicles","Diesel","RENAULT","TRAFIC",50
"Passenger vehicles","Diesel","RENAULT","UNKNOWN",3
"Passenger vehicles","Diesel","SAAB","NINE-FIVE",36
"Passenger vehicles","Diesel","SAAB","NINE-THREE",607
"Passenger vehicles","Diesel","SAAB","UNKNOWN",24
"Passenger vehicles","Diesel","SEAT","UNKNOWN",4
"Passenger vehicles","Diesel","SKODA","FABIA",9
"Passenger vehicles","Diesel","SKODA","KAROQ",3
"Passenger vehicles","Diesel","SKODA","KODIAQ",1185
"Passenger vehicles","Diesel","SKODA","OCTAVIA",3345
"Passenger vehicles","Diesel","SKODA","RAPID",0
"Passenger vehicles","Diesel","SKODA","ROOMSTER",71
"Passenger vehicles","Diesel","SKODA","SUPERB",1646
"Passenger vehicles","Diesel","SKODA","YETI",1404
"Passenger vehicles","Diesel","SMART","FORTWO",3
"Passenger vehicles","Diesel","SSANGYONG","ACTYON",72
"Passenger vehicles","Diesel","SSANGYONG","KORANDO",1700
"Passenger vehicles","Diesel","SSANGYONG","KYRON",390
"Passenger vehicles","Diesel","SSANGYONG","MUSSO",48
"Passenger vehicles","Diesel","SSANGYONG","REXTON",7517
"Passenger vehicles","Diesel","SSANGYONG","STAVIC",1416
"Passenger vehicles","Diesel","SSANGYONG","TIVOLI",183
"Passenger vehicles","Diesel","SSANGYONG","TORRES",0
"Passenger vehicles","Diesel","STUDEBAKER","UNKNOWN",0
"Passenger vehicles","Diesel","SUBARU","CROSSTREK",0
"Passenger vehicles","Diesel","SUBARU","FORESTER",10426
"Passenger vehicles","Diesel","SUBARU","G",3
"Passenger vehicles","Diesel","SUBARU","IMPREZA",26
"Passenger vehicles","Diesel","SUBARU","LEVORG",5
"Passenger vehicles","Diesel","SUBARU","LIBERTY",15
"Passenger vehicles","Diesel","SUBARU","OUTBACK",12102
"Passenger vehicles","Diesel","SUBARU","TRIBECA",4
"Passenger vehicles","Diesel","SUBARU","WRX",3
"Passenger vehicles","Diesel","SUBARU","XV",18
"Passenger vehicles","Diesel","SUZUKI","ALTO",39
"Passenger vehicles","Diesel","SUZUKI","BALENO",6
"Passenger vehicles","Diesel","SUZUKI","GRAND VITARA",1338
"Passenger vehicles","Diesel","SUZUKI","IGNIS",3
"Passenger vehicles","Diesel","SUZUKI","JIMNY",10
"Passenger vehicles","Diesel","SUZUKI","KIZASHI",0
"Passenger vehicles","Diesel","SUZUKI","SIERRA",4
"Passenger vehicles","Diesel","SUZUKI","SWIFT",22
"Passenger vehicles","Diesel","SUZUKI","SX4",26
"Passenger vehicles","Diesel","SUZUKI","VITARA",230
"Passenger vehicles","Diesel","TANK","300",20
"Passenger vehicles","Diesel","TATA","UNKNOWN",4
"Passenger vehicles","Diesel","THE LONDON TAXI","TX4",23
"Passenger vehicles","Diesel","THE LONDON TAXI","UNKNOWN",8
"Passenger vehicles","Diesel","TOYOTA","4 RUNNER",1015
"Passenger vehicles","Diesel","TOYOTA","86",4
"Passenger vehicles","Diesel","TOYOTA","ALPHARD",3
"Passenger vehicles","Diesel","TOYOTA","AURION",0
"Passenger vehicles","Diesel","TOYOTA","AVALON",10
"Passenger vehicles","Diesel","TOYOTA","AVENSIS",0
"Passenger vehicles","Diesel","TOYOTA","BB",0
"Passenger vehicles","Diesel","TOYOTA","BLIZZARD",5
"Passenger vehicles","Diesel","TOYOTA","C-HR",23
"Passenger vehicles","Diesel","TOYOTA","CALDINA",0
"Passenger vehicles","Diesel","TOYOTA","CAMROAD",8
"Passenger vehicles","Diesel","TOYOTA","CAMRY",78
"Passenger vehicles","Diesel","TOYOTA","CELICA",3
"Passenger vehicles","Diesel","TOYOTA","CHASER",6
"Passenger vehicles","Diesel","TOYOTA","COMMODORE",0
"Passenger vehicles","Diesel","TOYOTA","COMMUTER",1658
"Passenger vehicles","Diesel","TOYOTA","COROLLA",136
"Passenger vehicles","Diesel","TOYOTA","COROLLA CROSS",3
"Passenger vehicles","Diesel","TOYOTA","CORONA",0
"Passenger vehicles","Diesel","TOYOTA","CRESSIDA",7
"Passenger vehicles","Diesel","TOYOTA","CRESTA",12
"Passenger vehicles","Diesel","TOYOTA","CROWN",6
"Passenger vehicles","Diesel","TOYOTA","CRUISER",10
"Passenger vehicles","Diesel","TOYOTA","DYNA",3
"Passenger vehicles","Diesel","TOYOTA","ECHO",0
"Passenger vehicles","Diesel","TOYOTA","ESTIMA",28
"Passenger vehicles","Diesel","TOYOTA","FJ CRUISER",7
"Passenger vehicles","Diesel","TOYOTA","FORTUNER",31968
"Passenger vehicles","Diesel","TOYOTA","GRANVIA",980
"Passenger vehicles","Diesel","TOYOTA","HIACE",3589
"Passenger vehicles","Diesel","TOYOTA","HILUX",226
"Passenger vehicles","Diesel","TOYOTA","KLUGER",71
"Passenger vehicles","Diesel","TOYOTA","LANDCRUISER",263056
"Passenger vehicles","Diesel","TOYOTA","LANDCRUISER PRADO",287687
"Passenger vehicles","Diesel","TOYOTA","LANDCRUISER SAHARA",10
"Passenger vehicles","Diesel","TOYOTA","LITEACE",13
"Passenger vehicles","Diesel","TOYOTA","LX90",7
"Passenger vehicles","Diesel","TOYOTA","MARK",0
"Passenger vehicles","Diesel","TOYOTA","MARK I",0
"Passenger vehicles","Diesel","TOYOTA","MARK II",6
"Passenger vehicles","Diesel","TOYOTA","MR2",3
"Passenger vehicles","Diesel","TOYOTA","NOAH",0
"Passenger vehicles","Diesel","TOYOTA","RAV4",13486
"Passenger vehicles","Diesel","TOYOTA","REGIUS",11
"Passenger vehicles","Diesel","TOYOTA","SPRINTER",3
"Passenger vehicles","Diesel","TOYOTA","STARLET",0
"Passenger vehicles","Diesel","TOYOTA","SURF",1680
"Passenger vehicles","Diesel","TOYOTA","TARAGO",13
"Passenger vehicles","Diesel","TOYOTA","TOWNACE",36
"Passenger vehicles","Diesel","TOYOTA","TROOP CARRIER",17
"Passenger vehicles","Diesel","TOYOTA","UNKNOWN",1571
"Passenger vehicles","Diesel","TOYOTA","VIENTA",0
"Passenger vehicles","Diesel","TOYOTA","YARIS",45
"Passenger vehicles","Diesel","TOYOTA","YARIS CROSS",3
"Passenger vehicles","Diesel","UNKNOWN","UNKNOWN",10
"Passenger vehicles","Diesel","VAUXHALL","ASTRA",0
"Passenger vehicles","Diesel","VAUXHALL","UNKNOWN",8
"Passenger vehicles","Diesel","VOLKSWAGEN","ARTEON",3
"Passenger vehicles","Diesel","VOLKSWAGEN","BEETLE",291
"Passenger vehicles","Diesel","VOLKSWAGEN","BORA",3
"Passenger vehicles","Diesel","VOLKSWAGEN","CADDY",2438
"Passenger vehicles","Diesel","VOLKSWAGEN","CALIFORNIA",370
"Passenger vehicles","Diesel","VOLKSWAGEN","CARAVELLE",1442
"Passenger vehicles","Diesel","VOLKSWAGEN","CRAFTER",4
"Passenger vehicles","Diesel","VOLKSWAGEN","EOS",2130
"Passenger vehicles","Diesel","VOLKSWAGEN","GOLF",33052
"Passenger vehicles","Diesel","VOLKSWAGEN","JETTA",6370
"Passenger vehicles","Diesel","VOLKSWAGEN","KOMBI",125
"Passenger vehicles","Diesel","VOLKSWAGEN","LT",13
"Passenger vehicles","Diesel","VOLKSWAGEN","LT35",9
"Passenger vehicles","Diesel","VOLKSWAGEN","MICROBUS",0
"Passenger vehicles","Diesel","VOLKSWAGEN","MULTIVAN",10860
"Passenger vehicles","Diesel","VOLKSWAGEN","PASSAT",21096
"Passenger vehicles","Diesel","VOLKSWAGEN","POLO",3845
"Passenger vehicles","Diesel","VOLKSWAGEN","SCIROCCO",4
"Passenger vehicles","Diesel","VOLKSWAGEN","T-CROSS",7
"Passenger vehicles","Diesel","VOLKSWAGEN","T-ROC",5
"Passenger vehicles","Diesel","VOLKSWAGEN","TIGUAN",22669
"Passenger vehicles","Diesel","VOLKSWAGEN","TOUAREG",21528
"Passenger vehicles","Diesel","VOLKSWAGEN","TOURAN",12
"Passenger vehicles","Diesel","VOLKSWAGEN","TRANSPORTER",691
"Passenger vehicles","Diesel","VOLKSWAGEN","TYPE70C",3
"Passenger vehicles","Diesel","VOLKSWAGEN","UNKNOWN",35
"Passenger vehicles","Diesel","VOLVO","C30",186
"Passenger vehicles","Diesel","VOLVO","C70",5
"Passenger vehicles","Diesel","VOLVO","S40",95
"Passenger vehicles","Diesel","VOLVO","S60",458
"Passenger vehicles","Diesel","VOLVO","S80",104
"Passenger vehicles","Diesel","VOLVO","S90",71
"Passenger vehicles","Diesel","VOLVO","UNKNOWN",3
"Passenger vehicles","Diesel","VOLVO","V40",2336
"Passenger vehicles","Diesel","VOLVO","V50",132
"Passenger vehicles","Diesel","VOLVO","V60",485
"Passenger vehicles","Diesel","VOLVO","V70",7
"Passenger vehicles","Diesel","VOLVO","V90",245
"Passenger vehicles","Diesel","VOLVO","XC40",175
"Passenger vehicles","Diesel","VOLVO","XC60",12231
"Passenger vehicles","Diesel","VOLVO","XC70",1378
"Passenger vehicles","Diesel","VOLVO","XC90",8741
"Passenger vehicles","Diesel","WILLYS","JEEP",0
"Passenger vehicles","Diesel","WILLYS","UNKNOWN",0
"Passenger vehicles","Diesel","WOLSELEY","UNKNOWN",3
"Passenger vehicles","Dual fuel","ALFA ROMEO","147",0
"Passenger vehicles","Dual fuel","ALFA ROMEO","159",0
"Passenger vehicles","Dual fuel","ALFA ROMEO","BRERA",3
"Passenger vehicles","Dual fuel","ALFA ROMEO","GTV",3
"Passenger vehicles","Dual fuel","ALFA ROMEO","MITO",3
"Passenger vehicles","Dual fuel","AUDI","A1",3
"Passenger vehicles","Dual fuel","AUDI","A3",0
"Passenger vehicles","Dual fuel","AUDI","A4",3
"Passenger vehicles","Dual fuel","AUDI","A5",0
"Passenger vehicles","Dual fuel","AUDI","A6",0
"Passenger vehicles","Dual fuel","AUDI","A8",0
"Passenger vehicles","Dual fuel","AUDI","Q3",4
"Passenger vehicles","Dual fuel","AUDI","Q5",4
"Passenger vehicles","Dual fuel","AUDI","Q7",7
"Passenger vehicles","Dual fuel","AUDI","Q8",12
"Passenger vehicles","Dual fuel","AUDI","RS6",3
"Passenger vehicles","Dual fuel","AUDI","RSQ8",0
"Passenger vehicles","Dual fuel","AUDI","TT",3
"Passenger vehicles","Dual fuel","AUSTIN","3000",0
"Passenger vehicles","Dual fuel","AUSTIN","UNKNOWN",3
"Passenger vehicles","Dual fuel","BEDFORD","CF",4
"Passenger vehicles","Dual fuel","BEDFORD","UNKNOWN",0
"Passenger vehicles","Dual fuel","BENTLEY","BENTAYGA",6
"Passenger vehicles","Dual fuel","BENTLEY","CONTINENTAL",0
"Passenger vehicles","Dual fuel","BENTLEY","TURBO R",0
"Passenger vehicles","Dual fuel","BMW","118",3
"Passenger vehicles","Dual fuel","BMW","120",3
"Passenger vehicles","Dual fuel","BMW","130",0
"Passenger vehicles","Dual fuel","BMW","220",0
"Passenger vehicles","Dual fuel","BMW","318",5
"Passenger vehicles","Dual fuel","BMW","320",13
"Passenger vehicles","Dual fuel","BMW","323",4
"Passenger vehicles","Dual fuel","BMW","328",3
"Passenger vehicles","Dual fuel","BMW","330",0
"Passenger vehicles","Dual fuel","BMW","335",3
"Passenger vehicles","Dual fuel","BMW","420",0
"Passenger vehicles","Dual fuel","BMW","520",3
"Passenger vehicles","Dual fuel","BMW","525",0
"Passenger vehicles","Dual fuel","BMW","528",0
"Passenger vehicles","Dual fuel","BMW","530",3
"Passenger vehicles","Dual fuel","BMW","535",3
"Passenger vehicles","Dual fuel","BMW","540",0
"Passenger vehicles","Dual fuel","BMW","735",3
"Passenger vehicles","Dual fuel","BMW","740",3
"Passenger vehicles","Dual fuel","BMW","M1",0
"Passenger vehicles","Dual fuel","BMW","M140",3
"Passenger vehicles","Dual fuel","BMW","M2",0
"Passenger vehicles","Dual fuel","BMW","M3",3
"Passenger vehicles","Dual fuel","BMW","UNKNOWN",3
"Passenger vehicles","Dual fuel","BMW","X1",6
"Passenger vehicles","Dual fuel","BMW","X3",7
"Passenger vehicles","Dual fuel","BMW","X4",3
"Passenger vehicles","Dual fuel","BMW","X5",11
"Passenger vehicles","Dual fuel","BUICK","LESABRE",0
"Passenger vehicles","Dual fuel","BUICK","RIVIERA",0
"Passenger vehicles","Dual fuel","BUICK","SPECIAL",0
"Passenger vehicles","Dual fuel","BUICK","UNKNOWN",7
"Passenger vehicles","Dual fuel","CADILLAC","BROUGHAM",0
"Passenger vehicles","Dual fuel","CADILLAC","DEVILLE",6
"Passenger vehicles","Dual fuel","CADILLAC","ELDORADO",3
"Passenger vehicles","Dual fuel","CADILLAC","ESCALADE",3
"Passenger vehicles","Dual fuel","CADILLAC","FLEETWOOD",5
"Passenger vehicles","Dual fuel","CADILLAC","SEVILLE",3
"Passenger vehicles","Dual fuel","CADILLAC","UNKNOWN",14
"Passenger vehicles","Dual fuel","CHERY","OMODA 5",4
"Passenger vehicles","Dual fuel","CHEVROLET","210",8
"Passenger vehicles","Dual fuel","CHEVROLET","BEL AIR",23
"Passenger vehicles","Dual fuel","CHEVROLET","BISCAYNE",0
"Passenger vehicles","Dual fuel","CHEVROLET","BLAZER",3
"Passenger vehicles","Dual fuel","CHEVROLET","CAMARO",0
"Passenger vehicles","Dual fuel","CHEVROLET","CAPRICE",4
"Passenger vehicles","Dual fuel","CHEVROLET","CORVETTE",0
"Passenger vehicles","Dual fuel","CHEVROLET","G20",0
"Passenger vehicles","Dual fuel","CHEVROLET","IMPALA",19
"Passenger vehicles","Dual fuel","CHEVROLET","MONTE CARLO",3
"Passenger vehicles","Dual fuel","CHEVROLET","NOVA",0
"Passenger vehicles","Dual fuel","CHEVROLET","STANDARD",0
"Passenger vehicles","Dual fuel","CHEVROLET","SUBURBAN",4
"Passenger vehicles","Dual fuel","CHEVROLET","TAHOE",0
"Passenger vehicles","Dual fuel","CHEVROLET","UNKNOWN",69
"Passenger vehicles","Dual fuel","CHRYSLER","300",32
"Passenger vehicles","Dual fuel","CHRYSLER","CENTURA",0
"Passenger vehicles","Dual fuel","CHRYSLER","CHRYSLER",3
"Passenger vehicles","Dual fuel","CHRYSLER","CROSSFIRE",3
"Passenger vehicles","Dual fuel","CHRYSLER","GALANT",0
"Passenger vehicles","Dual fuel","CHRYSLER","ROYAL",3
"Passenger vehicles","Dual fuel","CHRYSLER","SEBRING",0
"Passenger vehicles","Dual fuel","CHRYSLER","UNKNOWN",59
"Passenger vehicles","Dual fuel","CHRYSLER","VALIANT",140
"Passenger vehicles","Dual fuel","CHRYSLER","VALIANT CHARGER",12
"Passenger vehicles","Dual fuel","CHRYSLER","VOYAGER",4
"Passenger vehicles","Dual fuel","CITROEN","C4",4
"Passenger vehicles","Dual fuel","CITROEN","C5",3
"Passenger vehicles","Dual fuel","CITROEN","DS23",0
"Passenger vehicles","Dual fuel","CITROEN","UNKNOWN",3
"Passenger vehicles","Dual fuel","CUSTOM MADE","COBRA",4
"Passenger vehicles","Dual fuel","CUSTOM MADE","UNKNOWN",22
"Passenger vehicles","Dual fuel","DAEWOO","LANOS",0
"Passenger vehicles","Dual fuel","DAEWOO","MATIZ",0
"Passenger vehicles","Dual fuel","DAEWOO","TACUMA",3
"Passenger vehicles","Dual fuel","DAIHATSU","APPLAUSE",0
"Passenger vehicles","Dual fuel","DAIHATSU","CHARADE",0
"Passenger vehicles","Dual fuel","DAIHATSU","COPEN",0
"Passenger vehicles","Dual fuel","DAIHATSU","PYZAR",0
"Passenger vehicles","Dual fuel","DAIHATSU","SIRION",3
"Passenger vehicles","Dual fuel","DAIHATSU","TERIOS",6
"Passenger vehicles","Dual fuel","DAIMLER","DS420",0
"Passenger vehicles","Dual fuel","DAIMLER","UNKNOWN",7
"Passenger vehicles","Dual fuel","DATSUN","1200",3
"Passenger vehicles","Dual fuel","DATSUN","1600",3
"Passenger vehicles","Dual fuel","DATSUN","240K",0
"Passenger vehicles","Dual fuel","DATSUN","PATROL",3
"Passenger vehicles","Dual fuel","DATSUN","UNKNOWN",3
"Passenger vehicles","Dual fuel","DODGE","D8",0
"Passenger vehicles","Dual fuel","DODGE","JOURNEY",3
"Passenger vehicles","Dual fuel","DODGE","NITRO",6
"Passenger vehicles","Dual fuel","DODGE","PHOENIX",11
"Passenger vehicles","Dual fuel","DODGE","UNKNOWN",16
"Passenger vehicles","Dual fuel","DRB","UNKNOWN",0
"Passenger vehicles","Dual fuel","FERRARI","PUROSANGUE",0
"Passenger vehicles","Dual fuel","FIAT","500",3
"Passenger vehicles","Dual fuel","FIAT","DUCATO",3
"Passenger vehicles","Dual fuel","FORD","5 WINDOW",3
"Passenger vehicles","Dual fuel","FORD","AC COBRA",3
"Passenger vehicles","Dual fuel","FORD","ANGLIA",0
"Passenger vehicles","Dual fuel","FORD","BRONCO",101
"Passenger vehicles","Dual fuel","FORD","CAPRI",3
"Passenger vehicles","Dual fuel","FORD","CORTINA",10
"Passenger vehicles","Dual fuel","FORD","COUPE",3
"Passenger vehicles","Dual fuel","FORD","COURIER",11
"Passenger vehicles","Dual fuel","FORD","CUSTOM",9
"Passenger vehicles","Dual fuel","FORD","CUSTOMLINE",4
"Passenger vehicles","Dual fuel","FORD","ECONOVAN",13
"Passenger vehicles","Dual fuel","FORD","ENDURA",3
"Passenger vehicles","Dual fuel","FORD","ESCAPE",35
"Passenger vehicles","Dual fuel","FORD","ESCORT",3
"Passenger vehicles","Dual fuel","FORD","EVEREST",9
"Passenger vehicles","Dual fuel","FORD","EXPEDITION",0
"Passenger vehicles","Dual fuel","FORD","EXPLORER",58
"Passenger vehicles","Dual fuel","FORD","F100",9
"Passenger vehicles","Dual fuel","FORD","F150",7
"Passenger vehicles","Dual fuel","FORD","FAIRLANE",1338
"Passenger vehicles","Dual fuel","FORD","FAIRMONT",749
"Passenger vehicles","Dual fuel","FORD","FALCON",11346
"Passenger vehicles","Dual fuel","FORD","FESTIVA",3
"Passenger vehicles","Dual fuel","FORD","FIESTA",14
"Passenger vehicles","Dual fuel","FORD","FOCUS",18
"Passenger vehicles","Dual fuel","FORD","FUTURA",408
"Passenger vehicles","Dual fuel","FORD","GALAXIE",16
"Passenger vehicles","Dual fuel","FORD","GALAXY",6
"Passenger vehicles","Dual fuel","FORD","GT",3
"Passenger vehicles","Dual fuel","FORD","JAILBAR",3
"Passenger vehicles","Dual fuel","FORD","KUGA",4
"Passenger vehicles","Dual fuel","FORD","LANDAU",3
"Passenger vehicles","Dual fuel","FORD","LASER",22
"Passenger vehicles","Dual fuel","FORD","LINCOLN CONTINENTAL",0
"Passenger vehicles","Dual fuel","FORD","LTD",185
"Passenger vehicles","Dual fuel","FORD","MAVERICK",383
"Passenger vehicles","Dual fuel","FORD","MERCURY",3
"Passenger vehicles","Dual fuel","FORD","MODEL A",4
"Passenger vehicles","Dual fuel","FORD","MODEL B",3
"Passenger vehicles","Dual fuel","FORD","MONDEO",0
"Passenger vehicles","Dual fuel","FORD","MUSTANG",25
"Passenger vehicles","Dual fuel","FORD","RAIDER",5
"Passenger vehicles","Dual fuel","FORD","SPECTRON",3
"Passenger vehicles","Dual fuel","FORD","TELSTAR",3
"Passenger vehicles","Dual fuel","FORD","TERRITORY",2336
"Passenger vehicles","Dual fuel","FORD","THUNDERBIRD",3
"Passenger vehicles","Dual fuel","FORD","TOURER",0
"Passenger vehicles","Dual fuel","FORD","TRANSIT",6
"Passenger vehicles","Dual fuel","FORD","TUDOR",0
"Passenger vehicles","Dual fuel","FORD","UNKNOWN",218
"Passenger vehicles","Dual fuel","FORD","ZEPHYR",0
"Passenger vehicles","Dual fuel","GMC","UNKNOWN",3
"Passenger vehicles","Dual fuel","GMC","YUKON",4
"Passenger vehicles","Dual fuel","GREAT WALL","X200",3
"Passenger vehicles","Dual fuel","GREAT WALL","X240",3
"Passenger vehicles","Dual fuel","HAVAL","H2",3
"Passenger vehicles","Dual fuel","HAVAL","H6",3
"Passenger vehicles","Dual fuel","HAVAL","JOLION",3
"Passenger vehicles","Dual fuel","HILLMAN","UNKNOWN",3
"Passenger vehicles","Dual fuel","HOLDEN","ACADIA",0
"Passenger vehicles","Dual fuel","HOLDEN","ADVENTRA",157
"Passenger vehicles","Dual fuel","HOLDEN","APOLLO",6
"Passenger vehicles","Dual fuel","HOLDEN","ASTRA",34
"Passenger vehicles","Dual fuel","HOLDEN","BARINA",27
"Passenger vehicles","Dual fuel","HOLDEN","BELMONT",0
"Passenger vehicles","Dual fuel","HOLDEN","BERLINA",849
"Passenger vehicles","Dual fuel","HOLDEN","BROUGHAM",5
"Passenger vehicles","Dual fuel","HOLDEN","CALAIS",517
"Passenger vehicles","Dual fuel","HOLDEN","CAPRICE",418
"Passenger vehicles","Dual fuel","HOLDEN","CAPTIVA",16
"Passenger vehicles","Dual fuel","HOLDEN","CLUBSPORT",3
"Passenger vehicles","Dual fuel","HOLDEN","COLORADO",3
"Passenger vehicles","Dual fuel","HOLDEN","COMMODORE",8743
"Passenger vehicles","Dual fuel","HOLDEN","CREWMAN",0
"Passenger vehicles","Dual fuel","HOLDEN","CRUZE",18
"Passenger vehicles","Dual fuel","HOLDEN","DE VILLE",5
"Passenger vehicles","Dual fuel","HOLDEN","EH SERIES",20
"Passenger vehicles","Dual fuel","HOLDEN","EJ SERIES",0
"Passenger vehicles","Dual fuel","HOLDEN","EK SERIES",4
"Passenger vehicles","Dual fuel","HOLDEN","EPICA",8
"Passenger vehicles","Dual fuel","HOLDEN","FB SERIES",3
"Passenger vehicles","Dual fuel","HOLDEN","FC SERIES",3
"Passenger vehicles","Dual fuel","HOLDEN","FRONTERA",33
"Passenger vehicles","Dual fuel","HOLDEN","FX SERIES",0
"Passenger vehicles","Dual fuel","HOLDEN","GEMINI",0
"Passenger vehicles","Dual fuel","HOLDEN","HG SERIES",12
"Passenger vehicles","Dual fuel","HOLDEN","HJ SERIES",20
"Passenger vehicles","Dual fuel","HOLDEN","HK SERIES",6
"Passenger vehicles","Dual fuel","HOLDEN","HQ SERIES",36
"Passenger vehicles","Dual fuel","HOLDEN","HR SERIES",14
"Passenger vehicles","Dual fuel","HOLDEN","HT SERIES",3
"Passenger vehicles","Dual fuel","HOLDEN","HX SERIES",20
"Passenger vehicles","Dual fuel","HOLDEN","HZ SERIES",57
"Passenger vehicles","Dual fuel","HOLDEN","JACKAROO",144
"Passenger vehicles","Dual fuel","HOLDEN","KINGSWOOD",77
"Passenger vehicles","Dual fuel","HOLDEN","MALIBU",0
"Passenger vehicles","Dual fuel","HOLDEN","MONARO",62
"Passenger vehicles","Dual fuel","HOLDEN","NOVA",0
"Passenger vehicles","Dual fuel","HOLDEN","PREMIER",42
"Passenger vehicles","Dual fuel","HOLDEN","RODEO",21
"Passenger vehicles","Dual fuel","HOLDEN","SANDMAN",0
"Passenger vehicles","Dual fuel","HOLDEN","STATESMAN",923
"Passenger vehicles","Dual fuel","HOLDEN","SUBURBAN",24
"Passenger vehicles","Dual fuel","HOLDEN","TIGRA",7
"Passenger vehicles","Dual fuel","HOLDEN","TORANA",37
"Passenger vehicles","Dual fuel","HOLDEN","TRAX",0
"Passenger vehicles","Dual fuel","HOLDEN","UNKNOWN",334
"Passenger vehicles","Dual fuel","HOLDEN","VECTRA",9
"Passenger vehicles","Dual fuel","HOLDEN","WB SERIES",15
"Passenger vehicles","Dual fuel","HOME MADE","AC COBRA REPLICA",0
"Passenger vehicles","Dual fuel","HOME MADE","COBRA",0
"Passenger vehicles","Dual fuel","HONDA","ACCORD",48
"Passenger vehicles","Dual fuel","HONDA","CIVIC",20
"Passenger vehicles","Dual fuel","HONDA","CR-V",80
"Passenger vehicles","Dual fuel","HONDA","GRACE",48
"Passenger vehicles","Dual fuel","HONDA","HR-V",14
"Passenger vehicles","Dual fuel","HONDA","INTEGRA",3
"Passenger vehicles","Dual fuel","HONDA","JAZZ",23
"Passenger vehicles","Dual fuel","HONDA","LEGEND",3
"Passenger vehicles","Dual fuel","HONDA","MDX",3
"Passenger vehicles","Dual fuel","HONDA","N-BOX",0
"Passenger vehicles","Dual fuel","HONDA","ODYSSEY",13
"Passenger vehicles","Dual fuel","HONDA","PRELUDE",3
"Passenger vehicles","Dual fuel","HONDA","S2000",0
"Passenger vehicles","Dual fuel","HONDA","UNKNOWN",0
"Passenger vehicles","Dual fuel","HONDA","VEZEL",16
"Passenger vehicles","Dual fuel","HONDA","ZR-V",3
"Passenger vehicles","Dual fuel","HUDSON","UNKNOWN",3
"Passenger vehicles","Dual fuel","HUMBER","SUPER SNIPE",3
"Passenger vehicles","Dual fuel","HUMMER","H2",0
"Passenger vehicles","Dual fuel","HUMMER","H3",9
"Passenger vehicles","Dual fuel","HYUNDAI","ACCENT",20
"Passenger vehicles","Dual fuel","HYUNDAI","ELANTRA",34
"Passenger vehicles","Dual fuel","HYUNDAI","EXCEL",18
"Passenger vehicles","Dual fuel","HYUNDAI","GETZ",83
"Passenger vehicles","Dual fuel","HYUNDAI","GRANDEUR",0
"Passenger vehicles","Dual fuel","HYUNDAI","I20",0
"Passenger vehicles","Dual fuel","HYUNDAI","I30",179
"Passenger vehicles","Dual fuel","HYUNDAI","IMAX",8
"Passenger vehicles","Dual fuel","HYUNDAI","IX35",4
"Passenger vehicles","Dual fuel","HYUNDAI","KONA",3
"Passenger vehicles","Dual fuel","HYUNDAI","LANTRA",6
"Passenger vehicles","Dual fuel","HYUNDAI","SANTA FE",25
"Passenger vehicles","Dual fuel","HYUNDAI","SONATA",9
"Passenger vehicles","Dual fuel","HYUNDAI","TERRACAN",38
"Passenger vehicles","Dual fuel","HYUNDAI","TRAJET",3
"Passenger vehicles","Dual fuel","HYUNDAI","TUCSON",29
"Passenger vehicles","Dual fuel","INDEPENDENT CONSTRUCTOR","UNKNOWN",3
"Passenger vehicles","Dual fuel","INEOS","GRENADIER",0
"Passenger vehicles","Dual fuel","INFINITI","G LINE",0
"Passenger vehicles","Dual fuel","INFINITI","Q50",7
"Passenger vehicles","Dual fuel","INTERNATIONAL","SCOUT",5
"Passenger vehicles","Dual fuel","INTERNATIONAL","UNKNOWN",3
"Passenger vehicles","Dual fuel","ISUZU","MU-X",10
"Passenger vehicles","Dual fuel","JAGUAR","420",3
"Passenger vehicles","Dual fuel","JAGUAR","F-PACE",0
"Passenger vehicles","Dual fuel","JAGUAR","S-TYPE",7
"Passenger vehicles","Dual fuel","JAGUAR","SOVEREIGN",6
"Passenger vehicles","Dual fuel","JAGUAR","UNKNOWN",23
"Passenger vehicles","Dual fuel","JAGUAR","VANDEN PLAS",3
"Passenger vehicles","Dual fuel","JAGUAR","X-TYPE",4
"Passenger vehicles","Dual fuel","JAGUAR","XJ",5
"Passenger vehicles","Dual fuel","JAGUAR","XJ6",19
"Passenger vehicles","Dual fuel","JAGUAR","XJS",7
"Passenger vehicles","Dual fuel","JAGUAR","XK",0
"Passenger vehicles","Dual fuel","JEEP","CHEROKEE",174
"Passenger vehicles","Dual fuel","JEEP","CJ-7",3
"Passenger vehicles","Dual fuel","JEEP","CJ-8",3
"Passenger vehicles","Dual fuel","JEEP","COMMANDER",0
"Passenger vehicles","Dual fuel","JEEP","COMPASS",11
"Passenger vehicles","Dual fuel","JEEP","GRAND CHEROKEE",117
"Passenger vehicles","Dual fuel","JEEP","PATRIOT",3
"Passenger vehicles","Dual fuel","JEEP","RENEGADE",0
"Passenger vehicles","Dual fuel","JEEP","UNKNOWN",16
"Passenger vehicles","Dual fuel","JEEP","WRANGLER",50
"Passenger vehicles","Dual fuel","KIA","CARNIVAL",50
"Passenger vehicles","Dual fuel","KIA","CERATO",35
"Passenger vehicles","Dual fuel","KIA","MAGENTIS",3
"Passenger vehicles","Dual fuel","KIA","NIRO",3
"Passenger vehicles","Dual fuel","KIA","OPTIMA",8
"Passenger vehicles","Dual fuel","KIA","PROCEED",3
"Passenger vehicles","Dual fuel","KIA","RIO",9
"Passenger vehicles","Dual fuel","KIA","SELTOS",3
"Passenger vehicles","Dual fuel","KIA","SORENTO",48
"Passenger vehicles","Dual fuel","KIA","SPORTAGE",37
"Passenger vehicles","Dual fuel","KIA","STINGER",3
"Passenger vehicles","Dual fuel","LADA","NIVA",3
"Passenger vehicles","Dual fuel","LAMBORGHINI","URUS",3
"Passenger vehicles","Dual fuel","LANCIA","BETA",3
"Passenger vehicles","Dual fuel","LANCIA","FULVIA",3
"Passenger vehicles","Dual fuel","LAND ROVER","110",3
"Passenger vehicles","Dual fuel","LAND ROVER","2A",3
"Passenger vehicles","Dual fuel","LAND ROVER","3500",0
"Passenger vehicles","Dual fuel","LAND ROVER","CLASSIC",0
"Passenger vehicles","Dual fuel","LAND ROVER","COUNTY",3
"Passenger vehicles","Dual fuel","LAND ROVER","DEFENDER",75
"Passenger vehicles","Dual fuel","LAND ROVER","DISCOVERY",398
"Passenger vehicles","Dual fuel","LAND ROVER","FREELANDER",0
"Passenger vehicles","Dual fuel","LAND ROVER","HIGHLINE",3
"Passenger vehicles","Dual fuel","LAND ROVER","RANGE ROVER",281
"Passenger vehicles","Dual fuel","LAND ROVER","ROVER 75",0
"Passenger vehicles","Dual fuel","LAND ROVER","SERIES 3",4
"Passenger vehicles","Dual fuel","LAND ROVER","UNKNOWN",74
"Passenger vehicles","Dual fuel","LDV","D90",3
"Passenger vehicles","Dual fuel","LDV","G10",3
"Passenger vehicles","Dual fuel","LEXUS","ES250",3
"Passenger vehicles","Dual fuel","LEXUS","ES300",9
"Passenger vehicles","Dual fuel","LEXUS","ES350",0
"Passenger vehicles","Dual fuel","LEXUS","GS300",5
"Passenger vehicles","Dual fuel","LEXUS","GS430",0
"Passenger vehicles","Dual fuel","LEXUS","IS200",3
"Passenger vehicles","Dual fuel","LEXUS","IS250",3
"Passenger vehicles","Dual fuel","LEXUS","IS350",3
"Passenger vehicles","Dual fuel","LEXUS","LC500",0
"Passenger vehicles","Dual fuel","LEXUS","LS400",0
"Passenger vehicles","Dual fuel","LEXUS","LS430",0
"Passenger vehicles","Dual fuel","LEXUS","LS500",0
"Passenger vehicles","Dual fuel","LEXUS","LX470",148
"Passenger vehicles","Dual fuel","LEXUS","LX570",3
"Passenger vehicles","Dual fuel","LEXUS","NX200",0
"Passenger vehicles","Dual fuel","LEXUS","NX250",0
"Passenger vehicles","Dual fuel","LEXUS","NX300",4
"Passenger vehicles","Dual fuel","LEXUS","NX350",5
"Passenger vehicles","Dual fuel","LEXUS","RC300",3
"Passenger vehicles","Dual fuel","LEXUS","RX270",0
"Passenger vehicles","Dual fuel","LEXUS","RX300",0
"Passenger vehicles","Dual fuel","LEXUS","RX330",13
"Passenger vehicles","Dual fuel","LEXUS","RX350",10
"Passenger vehicles","Dual fuel","LEXUS","UNKNOWN",0
"Passenger vehicles","Dual fuel","LEXUS","UX200",3
"Passenger vehicles","Dual fuel","LEYLAND","MINI",3
"Passenger vehicles","Dual fuel","LEYLAND","MINI MOKE",0
"Passenger vehicles","Dual fuel","LEYLAND","P76",6
"Passenger vehicles","Dual fuel","LEYLAND","RANGE ROVER",7
"Passenger vehicles","Dual fuel","LEYLAND","UNKNOWN",7
"Passenger vehicles","Dual fuel","LINCOLN","CONTINENTAL",3
"Passenger vehicles","Dual fuel","LINCOLN","TOWN CAR",0
"Passenger vehicles","Dual fuel","LINCOLN","UNKNOWN",3
"Passenger vehicles","Dual fuel","LOTUS","ELISE",3
"Passenger vehicles","Dual fuel","MASERATI","GHIBLI",0
"Passenger vehicles","Dual fuel","MASERATI","GRECALE",3
"Passenger vehicles","Dual fuel","MASERATI","LEVANTE",0
"Passenger vehicles","Dual fuel","MASERATI","QUATTROPORTE",0
"Passenger vehicles","Dual fuel","MAZDA","121",18
"Passenger vehicles","Dual fuel","MAZDA","323",45
"Passenger vehicles","Dual fuel","MAZDA","626",15
"Passenger vehicles","Dual fuel","MAZDA","929",3
"Passenger vehicles","Dual fuel","MAZDA","AXELA",10
"Passenger vehicles","Dual fuel","MAZDA","B2600",13
"Passenger vehicles","Dual fuel","MAZDA","CX-3",4
"Passenger vehicles","Dual fuel","MAZDA","CX-30",85
"Passenger vehicles","Dual fuel","MAZDA","CX-5",7
"Passenger vehicles","Dual fuel","MAZDA","CX-7",57
"Passenger vehicles","Dual fuel","MAZDA","CX-8",3
"Passenger vehicles","Dual fuel","MAZDA","CX-9",22
"Passenger vehicles","Dual fuel","MAZDA","E2000",19
"Passenger vehicles","Dual fuel","MAZDA","EUNOS",0
"Passenger vehicles","Dual fuel","MAZDA","MAZDA 2",71
"Passenger vehicles","Dual fuel","MAZDA","MAZDA 3",98
"Passenger vehicles","Dual fuel","MAZDA","MAZDA 6",28
"Passenger vehicles","Dual fuel","MAZDA","MPV",4
"Passenger vehicles","Dual fuel","MAZDA","MX-5",12
"Passenger vehicles","Dual fuel","MAZDA","RX-7",3
"Passenger vehicles","Dual fuel","MAZDA","RX-8",3
"Passenger vehicles","Dual fuel","MAZDA","TRIBUTE",65
"Passenger vehicles","Dual fuel","MAZDA","UNKNOWN",9
"Passenger vehicles","Dual fuel","MCLAREN","UNKNOWN",3
"Passenger vehicles","Dual fuel","MERCEDES-BENZ","190E",0
"Passenger vehicles","Dual fuel","MERCEDES-BENZ","230E",0
"Passenger vehicles","Dual fuel","MERCEDES-BENZ","250",3
"Passenger vehicles","Dual fuel","MERCEDES-BENZ","260",0
"Passenger vehicles","Dual fuel","MERCEDES-BENZ","280",4
"Passenger vehicles","Dual fuel","MERCEDES-BENZ","300",3
"Passenger vehicles","Dual fuel","MERCEDES-BENZ","300E",3
"Passenger vehicles","Dual fuel","MERCEDES-BENZ","300SE",0
"Passenger vehicles","Dual fuel","MERCEDES-BENZ","380SE",0
"Passenger vehicles","Dual fuel","MERCEDES-BENZ","380SEL",3
"Passenger vehicles","Dual fuel","MERCEDES-BENZ","380SLC",0
"Passenger vehicles","Dual fuel","MERCEDES-BENZ","420",0
"Passenger vehicles","Dual fuel","MERCEDES-BENZ","420SEL",3
"Passenger vehicles","Dual fuel","MERCEDES-BENZ","450",5
"Passenger vehicles","Dual fuel","MERCEDES-BENZ","500SEC",0
"Passenger vehicles","Dual fuel","MERCEDES-BENZ","500SEL",3
"Passenger vehicles","Dual fuel","MERCEDES-BENZ","560SEL",0
"Passenger vehicles","Dual fuel","MERCEDES-BENZ","A160",0
"Passenger vehicles","Dual fuel","MERCEDES-BENZ","A170",4
"Passenger vehicles","Dual fuel","MERCEDES-BENZ","A180",0
"Passenger vehicles","Dual fuel","MERCEDES-BENZ","A200",0
"Passenger vehicles","Dual fuel","MERCEDES-BENZ","A45",0
"Passenger vehicles","Dual fuel","MERCEDES-BENZ","B200",0
"Passenger vehicles","Dual fuel","MERCEDES-BENZ","C180",0
"Passenger vehicles","Dual fuel","MERCEDES-BENZ","C200",11
"Passenger vehicles","Dual fuel","MERCEDES-BENZ","C220",3
"Passenger vehicles","Dual fuel","MERCEDES-BENZ","C250",3
"Passenger vehicles","Dual fuel","MERCEDES-BENZ","C280",3
"Passenger vehicles","Dual fuel","MERCEDES-BENZ","C300",0
"Passenger vehicles","Dual fuel","MERCEDES-BENZ","C320",0
"Passenger vehicles","Dual fuel","MERCEDES-BENZ","C43",0
"Passenger vehicles","Dual fuel","MERCEDES-BENZ","C63",3
"Passenger vehicles","Dual fuel","MERCEDES-BENZ","C63S",0
"Passenger vehicles","Dual fuel","MERCEDES-BENZ","CLA280",3
"Passenger vehicles","Dual fuel","MERCEDES-BENZ","CLA35",3
"Passenger vehicles","Dual fuel","MERCEDES-BENZ","CLK280",0
"Passenger vehicles","Dual fuel","MERCEDES-BENZ","CLK320",3
"Passenger vehicles","Dual fuel","MERCEDES-BENZ","CLK350",3
"Passenger vehicles","Dual fuel","MERCEDES-BENZ","CLS500",3
"Passenger vehicles","Dual fuel","MERCEDES-BENZ","CLS53",3
"Passenger vehicles","Dual fuel","MERCEDES-BENZ","E200",4
"Passenger vehicles","Dual fuel","MERCEDES-BENZ","E220",0
"Passenger vehicles","Dual fuel","MERCEDES-BENZ","E230",0
"Passenger vehicles","Dual fuel","MERCEDES-BENZ","E240",4
"Passenger vehicles","Dual fuel","MERCEDES-BENZ","E280",3
"Passenger vehicles","Dual fuel","MERCEDES-BENZ","E320",0
"Passenger vehicles","Dual fuel","MERCEDES-BENZ","E350",7
"Passenger vehicles","Dual fuel","MERCEDES-BENZ","E430",0
"Passenger vehicles","Dual fuel","MERCEDES-BENZ","E500",3
"Passenger vehicles","Dual fuel","MERCEDES-BENZ","E55",3
"Passenger vehicles","Dual fuel","MERCEDES-BENZ","GL500",0
"Passenger vehicles","Dual fuel","MERCEDES-BENZ","GLA200",0
"Passenger vehicles","Dual fuel","MERCEDES-BENZ","GLC300",3
"Passenger vehicles","Dual fuel","MERCEDES-BENZ","GLC63S",0
"Passenger vehicles","Dual fuel","MERCEDES-BENZ","GLE300",3
"Passenger vehicles","Dual fuel","MERCEDES-BENZ","GLE400",3
"Passenger vehicles","Dual fuel","MERCEDES-BENZ","GLE450",0
"Passenger vehicles","Dual fuel","MERCEDES-BENZ","GLE53",0
"Passenger vehicles","Dual fuel","MERCEDES-BENZ","GLS350",0
"Passenger vehicles","Dual fuel","MERCEDES-BENZ","GLS63",0
"Passenger vehicles","Dual fuel","MERCEDES-BENZ","ML270",3
"Passenger vehicles","Dual fuel","MERCEDES-BENZ","ML320",12
"Passenger vehicles","Dual fuel","MERCEDES-BENZ","ML350",4
"Passenger vehicles","Dual fuel","MERCEDES-BENZ","ML430",3
"Passenger vehicles","Dual fuel","MERCEDES-BENZ","ML500",5
"Passenger vehicles","Dual fuel","MERCEDES-BENZ","ML55",0
"Passenger vehicles","Dual fuel","MERCEDES-BENZ","ML63",3
"Passenger vehicles","Dual fuel","MERCEDES-BENZ","S320",3
"Passenger vehicles","Dual fuel","MERCEDES-BENZ","S350",0
"Passenger vehicles","Dual fuel","MERCEDES-BENZ","S400",38
"Passenger vehicles","Dual fuel","MERCEDES-BENZ","S450",4
"Passenger vehicles","Dual fuel","MERCEDES-BENZ","S500",3
"Passenger vehicles","Dual fuel","MERCEDES-BENZ","SL400",3
"Passenger vehicles","Dual fuel","MERCEDES-BENZ","SL55",3
"Passenger vehicles","Dual fuel","MERCEDES-BENZ","SLK200",3
"Passenger vehicles","Dual fuel","MERCEDES-BENZ","SLK230",4
"Passenger vehicles","Dual fuel","MERCEDES-BENZ","SLK350",3
"Passenger vehicles","Dual fuel","MERCEDES-BENZ","UNKNOWN",17
"Passenger vehicles","Dual fuel","MERCEDES-BENZ","VIANO",0
"Passenger vehicles","Dual fuel","MG","GS",0
"Passenger vehicles","Dual fuel","MG","MG F",3
"Passenger vehicles","Dual fuel","MG","UNKNOWN",4
"Passenger vehicles","Dual fuel","MG","ZS",4
"Passenger vehicles","Dual fuel","MG","ZST",0
"Passenger vehicles","Dual fuel","MINI","COOPER",0
"Passenger vehicles","Dual fuel","MINI","COUNTRYMAN",3
"Passenger vehicles","Dual fuel","MINI","HATCH",19
"Passenger vehicles","Dual fuel","MITSUBISHI","380",512
"Passenger vehicles","Dual fuel","MITSUBISHI","ASX",34
"Passenger vehicles","Dual fuel","MITSUBISHI","CHALLENGER",191
"Passenger vehicles","Dual fuel","MITSUBISHI","COLT",6
"Passenger vehicles","Dual fuel","MITSUBISHI","DELICA",91
"Passenger vehicles","Dual fuel","MITSUBISHI","ECLIPSE CROSS",3
"Passenger vehicles","Dual fuel","MITSUBISHI","EXPRESS",18
"Passenger vehicles","Dual fuel","MITSUBISHI","GALANT",0
"Passenger vehicles","Dual fuel","MITSUBISHI","GRANDIS",0
"Passenger vehicles","Dual fuel","MITSUBISHI","L300 EXPRESS",0
"Passenger vehicles","Dual fuel","MITSUBISHI","LANCER",107
"Passenger vehicles","Dual fuel","MITSUBISHI","LANCER EVOLUTION",4
"Passenger vehicles","Dual fuel","MITSUBISHI","MAGNA",564
"Passenger vehicles","Dual fuel","MITSUBISHI","MIRAGE",23
"Passenger vehicles","Dual fuel","MITSUBISHI","NIMBUS",4
"Passenger vehicles","Dual fuel","MITSUBISHI","OUTLANDER",77
"Passenger vehicles","Dual fuel","MITSUBISHI","PAJERO",1619
"Passenger vehicles","Dual fuel","MITSUBISHI","SIGMA",3
"Passenger vehicles","Dual fuel","MITSUBISHI","STARWAGON",34
"Passenger vehicles","Dual fuel","MITSUBISHI","TRITON",7
"Passenger vehicles","Dual fuel","MITSUBISHI","UNKNOWN",15
"Passenger vehicles","Dual fuel","MITSUBISHI","VALIANT",0
"Passenger vehicles","Dual fuel","MITSUBISHI","VERADA",87
"Passenger vehicles","Dual fuel","MORRIS","MINI",3
"Passenger vehicles","Dual fuel","MORRIS","MINOR",3
"Passenger vehicles","Dual fuel","MORRIS","UNKNOWN",0
"Passenger vehicles","Dual fuel","NISSAN","200SX",3
"Passenger vehicles","Dual fuel","NISSAN","300ZX",0
"Passenger vehicles","Dual fuel","NISSAN","350Z",3
"Passenger vehicles","Dual fuel","NISSAN","370Z",0
"Passenger vehicles","Dual fuel","NISSAN","CARAVAN",3
"Passenger vehicles","Dual fuel","NISSAN","DUALIS",10
"Passenger vehicles","Dual fuel","NISSAN","FUGA",3
"Passenger vehicles","Dual fuel","NISSAN","JUKE",3
"Passenger vehicles","Dual fuel","NISSAN","MAXIMA",29
"Passenger vehicles","Dual fuel","NISSAN","MICRA",3
"Passenger vehicles","Dual fuel","NISSAN","MURANO",11
"Passenger vehicles","Dual fuel","NISSAN","NAVARA",14
"Passenger vehicles","Dual fuel","NISSAN","NOMAD",3
"Passenger vehicles","Dual fuel","NISSAN","NOTE",134
"Passenger vehicles","Dual fuel","NISSAN","PATHFINDER",713
"Passenger vehicles","Dual fuel","NISSAN","PATROL",4920
"Passenger vehicles","Dual fuel","NISSAN","PINTARA",0
"Passenger vehicles","Dual fuel","NISSAN","PULSAR",90
"Passenger vehicles","Dual fuel","NISSAN","SERENA",37
"Passenger vehicles","Dual fuel","NISSAN","SKYLINE",27
"Passenger vehicles","Dual fuel","NISSAN","STAGEA",3
"Passenger vehicles","Dual fuel","NISSAN","TERRANO",3
"Passenger vehicles","Dual fuel","NISSAN","TIIDA",22
"Passenger vehicles","Dual fuel","NISSAN","UNKNOWN",42
"Passenger vehicles","Dual fuel","NISSAN","URVAN",8
"Passenger vehicles","Dual fuel","NISSAN","X-TRAIL",252
"Passenger vehicles","Dual fuel","OLDSMOBILE","SUPER 88",3
"Passenger vehicles","Dual fuel","OLDSMOBILE","UNKNOWN",5
"Passenger vehicles","Dual fuel","OPEL","UNKNOWN",0
"Passenger vehicles","Dual fuel","PACKARD","UNKNOWN",3
"Passenger vehicles","Dual fuel","PEUGEOT","2008",0
"Passenger vehicles","Dual fuel","PEUGEOT","207",4
"Passenger vehicles","Dual fuel","PEUGEOT","3008",8
"Passenger vehicles","Dual fuel","PEUGEOT","306",3
"Passenger vehicles","Dual fuel","PEUGEOT","4008",4
"Passenger vehicles","Dual fuel","PEUGEOT","504",3
"Passenger vehicles","Dual fuel","PEUGEOT","505",3
"Passenger vehicles","Dual fuel","PEUGEOT","508",0
"Passenger vehicles","Dual fuel","PEUGEOT","UNKNOWN",3
"Passenger vehicles","Dual fuel","PLYMOUTH","BELVEDERE",0
"Passenger vehicles","Dual fuel","PLYMOUTH","CRANBROOK",3
"Passenger vehicles","Dual fuel","PONTIAC","BONNEVILLE",3
"Passenger vehicles","Dual fuel","PONTIAC","CATALINA",3
"Passenger vehicles","Dual fuel","PONTIAC","CHIEFTAIN",0
"Passenger vehicles","Dual fuel","PONTIAC","FIREBIRD",3
"Passenger vehicles","Dual fuel","PONTIAC","PARISIENNE",10
"Passenger vehicles","Dual fuel","PONTIAC","SILVER STREAK",3
"Passenger vehicles","Dual fuel","PONTIAC","STAR CHIEF",0
"Passenger vehicles","Dual fuel","PONTIAC","TRANS AM",5
"Passenger vehicles","Dual fuel","PONTIAC","UNKNOWN",26
"Passenger vehicles","Dual fuel","PORSCHE","911",0
"Passenger vehicles","Dual fuel","PORSCHE","BOXSTER",6
"Passenger vehicles","Dual fuel","PORSCHE","CAYENNE",3
"Passenger vehicles","Dual fuel","PORSCHE","MACAN",4
"Passenger vehicles","Dual fuel","PROTON","GEN.2",4
"Passenger vehicles","Dual fuel","PROTON","S16",3
"Passenger vehicles","Dual fuel","RAMBLER","AMERICAN",0
"Passenger vehicles","Dual fuel","RAMBLER","CLASSIC",0
"Passenger vehicles","Dual fuel","RAMBLER","HORNET",0
"Passenger vehicles","Dual fuel","RAMBLER","MATADOR",4
"Passenger vehicles","Dual fuel","RAMBLER","REBEL",3
"Passenger vehicles","Dual fuel","RAMBLER","UNKNOWN",0
"Passenger vehicles","Dual fuel","RENAULT","CAPTUR",3
"Passenger vehicles","Dual fuel","RENAULT","CLIO",6
"Passenger vehicles","Dual fuel","RENAULT","KADJAR",3
"Passenger vehicles","Dual fuel","RENAULT","KOLEOS",0
"Passenger vehicles","Dual fuel","RENAULT","MEGANE",4
"Passenger vehicles","Dual fuel","RENAULT","UNKNOWN",3
"Passenger vehicles","Dual fuel","ROLLS-ROYCE","PHANTOM",3
"Passenger vehicles","Dual fuel","ROLLS-ROYCE","SILVER SHADOW",10
"Passenger vehicles","Dual fuel","ROLLS-ROYCE","SILVER SPIRIT",3
"Passenger vehicles","Dual fuel","ROLLS-ROYCE","SILVER SPUR",3
"Passenger vehicles","Dual fuel","ROLLS-ROYCE","UNKNOWN",10
"Passenger vehicles","Dual fuel","SAAB","9000",3
"Passenger vehicles","Dual fuel","SAAB","NINE-FIVE",4
"Passenger vehicles","Dual fuel","SAAB","NINE-THREE",0
"Passenger vehicles","Dual fuel","SAAB","UNKNOWN",4
"Passenger vehicles","Dual fuel","SKODA","FABIA",3
"Passenger vehicles","Dual fuel","SKODA","KODIAQ",3
"Passenger vehicles","Dual fuel","SMART","FORTWO",3
"Passenger vehicles","Dual fuel","SSANGYONG","ACTYON",0
"Passenger vehicles","Dual fuel","SSANGYONG","KORANDO",0
"Passenger vehicles","Dual fuel","SSANGYONG","MUSSO",3
"Passenger vehicles","Dual fuel","SSANGYONG","REXTON",4
"Passenger vehicles","Dual fuel","STUDEBAKER","CRUISER",0
"Passenger vehicles","Dual fuel","SUBARU","CROSSTREK",63
"Passenger vehicles","Dual fuel","SUBARU","FORESTER",243
"Passenger vehicles","Dual fuel","SUBARU","IMPREZA",91
"Passenger vehicles","Dual fuel","SUBARU","LIBERTY",44
"Passenger vehicles","Dual fuel","SUBARU","OUTBACK",50
"Passenger vehicles","Dual fuel","SUBARU","TRIBECA",3
"Passenger vehicles","Dual fuel","SUBARU","UNKNOWN",0
"Passenger vehicles","Dual fuel","SUBARU","WRX",3
"Passenger vehicles","Dual fuel","SUBARU","XV",17
"Passenger vehicles","Dual fuel","SUZUKI","ALTO",8
"Passenger vehicles","Dual fuel","SUZUKI","BALENO",0
"Passenger vehicles","Dual fuel","SUZUKI","GRAND VITARA",51
"Passenger vehicles","Dual fuel","SUZUKI","HUSTLER",3
"Passenger vehicles","Dual fuel","SUZUKI","IGNIS",8
"Passenger vehicles","Dual fuel","SUZUKI","JIMNY",7
"Passenger vehicles","Dual fuel","SUZUKI","KIZASHI",3
"Passenger vehicles","Dual fuel","SUZUKI","LIANA",3
"Passenger vehicles","Dual fuel","SUZUKI","SIERRA",4
"Passenger vehicles","Dual fuel","SUZUKI","SOLIO",0
"Passenger vehicles","Dual fuel","SUZUKI","SPACIA",0
"Passenger vehicles","Dual fuel","SUZUKI","SWIFT",370
"Passenger vehicles","Dual fuel","SUZUKI","SX4",9
"Passenger vehicles","Dual fuel","SUZUKI","VITARA",12
"Passenger vehicles","Dual fuel","TOYOTA","4 RUNNER",73
"Passenger vehicles","Dual fuel","TOYOTA","ALPHARD",69
"Passenger vehicles","Dual fuel","TOYOTA","AQUA",16
"Passenger vehicles","Dual fuel","TOYOTA","AURION",415
"Passenger vehicles","Dual fuel","TOYOTA","AVALON",527
"Passenger vehicles","Dual fuel","TOYOTA","AVENSIS",6
"Passenger vehicles","Dual fuel","TOYOTA","C-HR",120
"Passenger vehicles","Dual fuel","TOYOTA","CAMRY",2650
"Passenger vehicles","Dual fuel","TOYOTA","CELICA",11
"Passenger vehicles","Dual fuel","TOYOTA","CELSIOR",4
"Passenger vehicles","Dual fuel","TOYOTA","CENTURY",3
"Passenger vehicles","Dual fuel","TOYOTA","COMMODORE",0
"Passenger vehicles","Dual fuel","TOYOTA","COMMUTER",75
"Passenger vehicles","Dual fuel","TOYOTA","COROLLA",431
"Passenger vehicles","Dual fuel","TOYOTA","COROLLA CROSS",19
"Passenger vehicles","Dual fuel","TOYOTA","CORONA",6
"Passenger vehicles","Dual fuel","TOYOTA","CRESSIDA",11
"Passenger vehicles","Dual fuel","TOYOTA","CROWN",83
"Passenger vehicles","Dual fuel","TOYOTA","CRUISER",0
"Passenger vehicles","Dual fuel","TOYOTA","ECHO",31
"Passenger vehicles","Dual fuel","TOYOTA","ESQUIRE",0
"Passenger vehicles","Dual fuel","TOYOTA","ESTIMA",75
"Passenger vehicles","Dual fuel","TOYOTA","FJ CRUISER",47
"Passenger vehicles","Dual fuel","TOYOTA","FORTUNER",4
"Passenger vehicles","Dual fuel","TOYOTA","HARRIER",5
"Passenger vehicles","Dual fuel","TOYOTA","HIACE",69
"Passenger vehicles","Dual fuel","TOYOTA","HILUX",5
"Passenger vehicles","Dual fuel","TOYOTA","KLUGER",484
"Passenger vehicles","Dual fuel","TOYOTA","LANDCRUISER",8763
"Passenger vehicles","Dual fuel","TOYOTA","LANDCRUISER PRADO",3161
"Passenger vehicles","Dual fuel","TOYOTA","LANDCRUISER SAHARA",0
"Passenger vehicles","Dual fuel","TOYOTA","LEXCEN",27
"Passenger vehicles","Dual fuel","TOYOTA","LEXUS",0
"Passenger vehicles","Dual fuel","TOYOTA","LITEACE",3
"Passenger vehicles","Dual fuel","TOYOTA","NOAH",10
"Passenger vehicles","Dual fuel","TOYOTA","RAV4",202
"Passenger vehicles","Dual fuel","TOYOTA","RUKUS",0
"Passenger vehicles","Dual fuel","TOYOTA","SIENTA",0
"Passenger vehicles","Dual fuel","TOYOTA","SOARER",3
"Passenger vehicles","Dual fuel","TOYOTA","SPACIA",12
"Passenger vehicles","Dual fuel","TOYOTA","SPRINTER",3
"Passenger vehicles","Dual fuel","TOYOTA","STARLET",6
"Passenger vehicles","Dual fuel","TOYOTA","SUPRA",0
"Passenger vehicles","Dual fuel","TOYOTA","SURF",12
"Passenger vehicles","Dual fuel","TOYOTA","TARAGO",141
"Passenger vehicles","Dual fuel","TOYOTA","TOWNACE",5
"Passenger vehicles","Dual fuel","TOYOTA","UNKNOWN",111
"Passenger vehicles","Dual fuel","TOYOTA","VELLFIRE",21
"Passenger vehicles","Dual fuel","TOYOTA","VIENTA",17
"Passenger vehicles","Dual fuel","TOYOTA","YARIS",34
"Passenger vehicles","Dual fuel","TOYOTA","YARIS CROSS",11
"Passenger vehicles","Dual fuel","TRIUMPH","STAG",0
"Passenger vehicles","Dual fuel","UNKNOWN","COBRA",0
"Passenger vehicles","Dual fuel","UNKNOWN","UNKNOWN",6
"Passenger vehicles","Dual fuel","VALIANT","UNKNOWN",4
"Passenger vehicles","Dual fuel","VAUXHALL","ASTRA",0
"Passenger vehicles","Dual fuel","VAUXHALL","UNKNOWN",3
"Passenger vehicles","Dual fuel","VOLKSWAGEN","ARTEON",0
"Passenger vehicles","Dual fuel","VOLKSWAGEN","BORA",0
"Passenger vehicles","Dual fuel","VOLKSWAGEN","CADDY",0
"Passenger vehicles","Dual fuel","VOLKSWAGEN","CARAVELLE",11
"Passenger vehicles","Dual fuel","VOLKSWAGEN","GOLF",15
"Passenger vehicles","Dual fuel","VOLKSWAGEN","JETTA",3
"Passenger vehicles","Dual fuel","VOLKSWAGEN","KARMANN GHIA",0
"Passenger vehicles","Dual fuel","VOLKSWAGEN","KOMBI",6
"Passenger vehicles","Dual fuel","VOLKSWAGEN","MULTIVAN",0
"Passenger vehicles","Dual fuel","VOLKSWAGEN","PASSAT",6
"Passenger vehicles","Dual fuel","VOLKSWAGEN","POLO",3
"Passenger vehicles","Dual fuel","VOLKSWAGEN","T-CROSS",3
"Passenger vehicles","Dual fuel","VOLKSWAGEN","TIGUAN",7
"Passenger vehicles","Dual fuel","VOLKSWAGEN","TOUAREG",4
"Passenger vehicles","Dual fuel","VOLKSWAGEN","TRANSPORTER",12
"Passenger vehicles","Dual fuel","VOLKSWAGEN","UNKNOWN",0
"Passenger vehicles","Dual fuel","VOLVO","200",3
"Passenger vehicles","Dual fuel","VOLVO","240",0
"Passenger vehicles","Dual fuel","VOLVO","242",0
"Passenger vehicles","Dual fuel","VOLVO","700",0
"Passenger vehicles","Dual fuel","VOLVO","760",0
"Passenger vehicles","Dual fuel","VOLVO","850",3
"Passenger vehicles","Dual fuel","VOLVO","940",3
"Passenger vehicles","Dual fuel","VOLVO","C70",3
"Passenger vehicles","Dual fuel","VOLVO","S40",3
"Passenger vehicles","Dual fuel","VOLVO","S60",3
"Passenger vehicles","Dual fuel","VOLVO","UNKNOWN",5
"Passenger vehicles","Dual fuel","VOLVO","V50",0
"Passenger vehicles","Dual fuel","VOLVO","V60",3
"Passenger vehicles","Dual fuel","VOLVO","V70",4
"Passenger vehicles","Dual fuel","VOLVO","XC40",272
"Passenger vehicles","Dual fuel","VOLVO","XC60",11
"Passenger vehicles","Dual fuel","VOLVO","XC70",3
"Passenger vehicles","Dual fuel","VOLVO","XC90",6
"Passenger vehicles","Dual fuel","WOLSELEY","""24-80""",0
"Passenger vehicles","Hybrid electric","ALFA ROMEO","TONALE",622
"Passenger vehicles","Hybrid electric","AUDI","A3",128
"Passenger vehicles","Hybrid electric","AUDI","A4",7
"Passenger vehicles","Hybrid electric","AUDI","A5",5
"Passenger vehicles","Hybrid electric","AUDI","A6",0
"Passenger vehicles","Hybrid electric","AUDI","A7",0
"Passenger vehicles","Hybrid electric","AUDI","A8",0
"Passenger vehicles","Hybrid electric","AUDI","Q3",3
"Passenger vehicles","Hybrid electric","AUDI","Q5",527
"Passenger vehicles","Hybrid electric","AUDI","Q7",8
"Passenger vehicles","Hybrid electric","AUDI","Q8",38
"Passenger vehicles","Hybrid electric","AUDI","RS6",7
"Passenger vehicles","Hybrid electric","AUDI","RS7",3
"Passenger vehicles","Hybrid electric","AUDI","RSQ8",8
"Passenger vehicles","Hybrid electric","AUDI","S8",0
"Passenger vehicles","Hybrid electric","AUDI","SQ5",3
"Passenger vehicles","Hybrid electric","AUDI","SQ7",0
"Passenger vehicles","Hybrid electric","BENTLEY","BENTAYGA",9
"Passenger vehicles","Hybrid electric","BENTLEY","CONTINENTAL",3
"Passenger vehicles","Hybrid electric","BENTLEY","FLYING SPUR",4
"Passenger vehicles","Hybrid electric","BMW","320",3
"Passenger vehicles","Hybrid electric","BMW","330E",856
"Passenger vehicles","Hybrid electric","BMW","335",26
"Passenger vehicles","Hybrid electric","BMW","530E",111
"Passenger vehicles","Hybrid electric","BMW","540",8
"Passenger vehicles","Hybrid electric","BMW","740",17
"Passenger vehicles","Hybrid electric","BMW","745E",12
"Passenger vehicles","Hybrid electric","BMW","ACTIVEHYBRID 5",19
"Passenger vehicles","Hybrid electric","BMW","I3 REX",348
"Passenger vehicles","Hybrid electric","BMW","I8",164
"Passenger vehicles","Hybrid electric","BMW","M3",0
"Passenger vehicles","Hybrid electric","BMW","M5",46
"Passenger vehicles","Hybrid electric","BMW","UNKNOWN",11
"Passenger vehicles","Hybrid electric","BMW","X1",0
"Passenger vehicles","Hybrid electric","BMW","X3",76
"Passenger vehicles","Hybrid electric","BMW","X3 XDRIVE30E",468
"Passenger vehicles","Hybrid electric","BMW","X5",13
"Passenger vehicles","Hybrid electric","BMW","X5 XDRIVE40E",109
"Passenger vehicles","Hybrid electric","BMW","X5 XDRIVE45E",386
"Passenger vehicles","Hybrid electric","BMW","X5 XDRIVE50E",188
"Passenger vehicles","Hybrid electric","BMW","X6",15
"Passenger vehicles","Hybrid electric","BMW","X7",24
"Passenger vehicles","Hybrid electric","BMW","XM",293
"Passenger vehicles","Hybrid electric","BYD","SEALION",6811
"Passenger vehicles","Hybrid electric","BYD","UNKNOWN",3
"Passenger vehicles","Hybrid electric","CHERY","OMODA 5",3
"Passenger vehicles","Hybrid electric","CHERY","UNKNOWN",4
"Passenger vehicles","Hybrid electric","CHEVROLET","CORVETTE",6
"Passenger vehicles","Hybrid electric","CITROEN","C2",0
"Passenger vehicles","Hybrid electric","CITROEN","C3",0
"Passenger vehicles","Hybrid electric","CITROEN","C5",11
"Passenger vehicles","Hybrid electric","CUPRA","FORMENTOR",1168
"Passenger vehicles","Hybrid electric","CUPRA","LEON",207
"Passenger vehicles","Hybrid electric","FERRARI","296",217
"Passenger vehicles","Hybrid electric","FERRARI","F175",3
"Passenger vehicles","Hybrid electric","FERRARI","SF90",108
"Passenger vehicles","Hybrid electric","FERRARI","UNKNOWN",0
"Passenger vehicles","Hybrid electric","FIAT","500",3
"Passenger vehicles","Hybrid electric","FIAT","RITMO",5
"Passenger vehicles","Hybrid electric","FORD","ESCAPE",622
"Passenger vehicles","Hybrid electric","FORD","MONDEO",11
"Passenger vehicles","Hybrid electric","FORD","MUSTANG",0
"Passenger vehicles","Hybrid electric","FORD","TERRITORY",0
"Passenger vehicles","Hybrid electric","HAVAL","H2",0
"Passenger vehicles","Hybrid electric","HAVAL","H6",9344
"Passenger vehicles","Hybrid electric","HAVAL","JOLION",8004
"Passenger vehicles","Hybrid electric","HAVAL","UNKNOWN",0
"Passenger vehicles","Hybrid electric","HOLDEN","ASTRA",0
"Passenger vehicles","Hybrid electric","HOLDEN","BARINA",0
"Passenger vehicles","Hybrid electric","HOLDEN","CAPTIVA",0
"Passenger vehicles","Hybrid electric","HOLDEN","COMMODORE",3
"Passenger vehicles","Hybrid electric","HOLDEN","CRUZE",3
"Passenger vehicles","Hybrid electric","HOLDEN","KINGSWOOD",3
"Passenger vehicles","Hybrid electric","HOLDEN","VOLT",209
"Passenger vehicles","Hybrid electric","HONDA","ACCORD",498
"Passenger vehicles","Hybrid electric","HONDA","CITY",0
"Passenger vehicles","Hybrid electric","HONDA","CIVIC",3105
"Passenger vehicles","Hybrid electric","HONDA","CR-V",2496
"Passenger vehicles","Hybrid electric","HONDA","CR-Z",516
"Passenger vehicles","Hybrid electric","HONDA","FIT",2509
"Passenger vehicles","Hybrid electric","HONDA","GRACE",62
"Passenger vehicles","Hybrid electric","HONDA","HR-V",3876
"Passenger vehicles","Hybrid electric","HONDA","INSIGHT",998
"Passenger vehicles","Hybrid electric","HONDA","JAZZ",306
"Passenger vehicles","Hybrid electric","HONDA","N-BOX",0
"Passenger vehicles","Hybrid electric","HONDA","N-ONE",3
"Passenger vehicles","Hybrid electric","HONDA","NSX",8
"Passenger vehicles","Hybrid electric","HONDA","ODYSSEY",470
"Passenger vehicles","Hybrid electric","HONDA","SHUTTLE",140
"Passenger vehicles","Hybrid electric","HONDA","STEP",7
"Passenger vehicles","Hybrid electric","HONDA","STEP WGN",43
"Passenger vehicles","Hybrid electric","HONDA","UNKNOWN",4
"Passenger vehicles","Hybrid electric","HONDA","VEZEL",230
"Passenger vehicles","Hybrid electric","HONDA","ZR-V",2526
"Passenger vehicles","Hybrid electric","HYUNDAI","ACCENT",27
"Passenger vehicles","Hybrid electric","HYUNDAI","ELANTRA",3
"Passenger vehicles","Hybrid electric","HYUNDAI","GETZ",7
"Passenger vehicles","Hybrid electric","HYUNDAI","I20",5
"Passenger vehicles","Hybrid electric","HYUNDAI","I30",2555
"Passenger vehicles","Hybrid electric","HYUNDAI","I45",3
"Passenger vehicles","Hybrid electric","HYUNDAI","IONIQ",791
"Passenger vehicles","Hybrid electric","HYUNDAI","IX35",8
"Passenger vehicles","Hybrid electric","HYUNDAI","KONA",6041
"Passenger vehicles","Hybrid electric","HYUNDAI","SANTA FE",6129
"Passenger vehicles","Hybrid electric","HYUNDAI","SONATA",0
"Passenger vehicles","Hybrid electric","HYUNDAI","TUCSON",4935
"Passenger vehicles","Hybrid electric","HYUNDAI","UNKNOWN",0
"Passenger vehicles","Hybrid electric","INFINITI","G LINE",3
"Passenger vehicles","Hybrid electric","INFINITI","Q50",82
"Passenger vehicles","Hybrid electric","INFINITI","Q70",15
"Passenger vehicles","Hybrid electric","JAC","UNKNOWN",6
"Passenger vehicles","Hybrid electric","JAGUAR","F-PACE",0
"Passenger vehicles","Hybrid electric","JAGUAR","UNKNOWN",0
"Passenger vehicles","Hybrid electric","JEEP","COMPASS",76
"Passenger vehicles","Hybrid electric","JEEP","GRAND CHEROKEE",72
"Passenger vehicles","Hybrid electric","KIA","CARNIVAL",841
"Passenger vehicles","Hybrid electric","KIA","CERATO",24
"Passenger vehicles","Hybrid electric","KIA","NIRO",3395
"Passenger vehicles","Hybrid electric","KIA","RIO",19
"Passenger vehicles","Hybrid electric","KIA","RONDO",0
"Passenger vehicles","Hybrid electric","KIA","SORENTO",1956
"Passenger vehicles","Hybrid electric","KIA","SOUL",3
"Passenger vehicles","Hybrid electric","KIA","SPORTAGE",3794
"Passenger vehicles","Hybrid electric","KIA","UNKNOWN",3
"Passenger vehicles","Hybrid electric","LAMBORGHINI","REVUELTO",13
"Passenger vehicles","Hybrid electric","LAND ROVER","DEFENDER",123
"Passenger vehicles","Hybrid electric","LAND ROVER","DISCOVERY",13
"Passenger vehicles","Hybrid electric","LAND ROVER","RANGE ROVER",713
"Passenger vehicles","Hybrid electric","LEXUS","CT200H",7383
"Passenger vehicles","Hybrid electric","LEXUS","ES250",0
"Passenger vehicles","Hybrid electric","LEXUS","ES300H",5912
"Passenger vehicles","Hybrid electric","LEXUS","GS300H",85
"Passenger vehicles","Hybrid electric","LEXUS","GS350",3
"Passenger vehicles","Hybrid electric","LEXUS","GS450H",917
"Passenger vehicles","Hybrid electric","LEXUS","HS250H",156
"Passenger vehicles","Hybrid electric","LEXUS","IS200",7
"Passenger vehicles","Hybrid electric","LEXUS","IS250",6
"Passenger vehicles","Hybrid electric","LEXUS","IS300",9
"Passenger vehicles","Hybrid electric","LEXUS","IS300H",2603
"Passenger vehicles","Hybrid electric","LEXUS","IS350",3
"Passenger vehicles","Hybrid electric","LEXUS","LBX",1586
"Passenger vehicles","Hybrid electric","LEXUS","LC500",7
"Passenger vehicles","Hybrid electric","LEXUS","LC500H",33
"Passenger vehicles","Hybrid electric","LEXUS","LM350H",322
"Passenger vehicles","Hybrid electric","LEXUS","LM500H",30
"Passenger vehicles","Hybrid electric","LEXUS","LS460",3
"Passenger vehicles","Hybrid electric","LEXUS","LS500",0
"Passenger vehicles","Hybrid electric","LEXUS","LS500H",91
"Passenger vehicles","Hybrid electric","LEXUS","LS600H",55
"Passenger vehicles","Hybrid electric","LEXUS","LS600HL",147
"Passenger vehicles","Hybrid electric","LEXUS","LX600",3
"Passenger vehicles","Hybrid electric","LEXUS","NX100",0
"Passenger vehicles","Hybrid electric","LEXUS","NX200",14
"Passenger vehicles","Hybrid electric","LEXUS","NX250",7
"Passenger vehicles","Hybrid electric","LEXUS","NX300",41
"Passenger vehicles","Hybrid electric","LEXUS","NX300H",6989
"Passenger vehicles","Hybrid electric","LEXUS","NX350",0
"Passenger vehicles","Hybrid electric","LEXUS","NX350H",9090
"Passenger vehicles","Hybrid electric","LEXUS","NX450H",1004
"Passenger vehicles","Hybrid electric","LEXUS","RX270",3
"Passenger vehicles","Hybrid electric","LEXUS","RX300",0
"Passenger vehicles","Hybrid electric","LEXUS","RX350",23
"Passenger vehicles","Hybrid electric","LEXUS","RX350H",3089
"Passenger vehicles","Hybrid electric","LEXUS","RX400H",1484
"Passenger vehicles","Hybrid electric","LEXUS","RX450H",7142
"Passenger vehicles","Hybrid electric","LEXUS","RX450HL",871
"Passenger vehicles","Hybrid electric","LEXUS","RX500H",985
"Passenger vehicles","Hybrid electric","LEXUS","UNKNOWN",11
"Passenger vehicles","Hybrid electric","LEXUS","UX200",5
"Passenger vehicles","Hybrid electric","LEXUS","UX250H",4165
"Passenger vehicles","Hybrid electric","LEXUS","UX300H",696
"Passenger vehicles","Hybrid electric","MASERATI","GHIBLI",45
"Passenger vehicles","Hybrid electric","MASERATI","GRANTURISMO",3
"Passenger vehicles","Hybrid electric","MASERATI","GRECALE",272
"Passenger vehicles","Hybrid electric","MASERATI","LEVANTE",108
"Passenger vehicles","Hybrid electric","MAZDA","AXELA",192
"Passenger vehicles","Hybrid electric","MAZDA","CX-30",26
"Passenger vehicles","Hybrid electric","MAZDA","CX-5",4
"Passenger vehicles","Hybrid electric","MAZDA","CX-60",7229
"Passenger vehicles","Hybrid electric","MAZDA","CX-7",3
"Passenger vehicles","Hybrid electric","MAZDA","CX-70",132
"Passenger vehicles","Hybrid electric","MAZDA","CX-8",0
"Passenger vehicles","Hybrid electric","MAZDA","CX-80",1059
"Passenger vehicles","Hybrid electric","MAZDA","CX-9",5
"Passenger vehicles","Hybrid electric","MAZDA","CX-90",1582
"Passenger vehicles","Hybrid electric","MAZDA","MAZDA 2",16
"Passenger vehicles","Hybrid electric","MAZDA","MAZDA 3",29
"Passenger vehicles","Hybrid electric","MAZDA","MAZDA 6",4
"Passenger vehicles","Hybrid electric","MCLAREN","570S",0
"Passenger vehicles","Hybrid electric","MCLAREN","MA6",56
"Passenger vehicles","Hybrid electric","MCLAREN","P1",0
"Passenger vehicles","Hybrid electric","MERCEDES-BENZ","2542",3
"Passenger vehicles","Hybrid electric","MERCEDES-BENZ","290",22
"Passenger vehicles","Hybrid electric","MERCEDES-BENZ","A180",0
"Passenger vehicles","Hybrid electric","MERCEDES-BENZ","A250",3
"Passenger vehicles","Hybrid electric","MERCEDES-BENZ","A250E",141
"Passenger vehicles","Hybrid electric","MERCEDES-BENZ","A35",6
"Passenger vehicles","Hybrid electric","MERCEDES-BENZ","A45S",0
"Passenger vehicles","Hybrid electric","MERCEDES-BENZ","C200",85
"Passenger vehicles","Hybrid electric","MERCEDES-BENZ","C300",57
"Passenger vehicles","Hybrid electric","MERCEDES-BENZ","C300 BTH",160
"Passenger vehicles","Hybrid electric","MERCEDES-BENZ","C300E",88
"Passenger vehicles","Hybrid electric","MERCEDES-BENZ","C350E",630
"Passenger vehicles","Hybrid electric","MERCEDES-BENZ","C350TE",19
"Passenger vehicles","Hybrid electric","MERCEDES-BENZ","C43",9
"Passenger vehicles","Hybrid electric","MERCEDES-BENZ","CLS350",3
"Passenger vehicles","Hybrid electric","MERCEDES-BENZ","CLS450",7
"Passenger vehicles","Hybrid electric","MERCEDES-BENZ","CLS53",9
"Passenger vehicles","Hybrid electric","MERCEDES-BENZ","E300",9
"Passenger vehicles","Hybrid electric","MERCEDES-BENZ","E300 BTH",123
"Passenger vehicles","Hybrid electric","MERCEDES-BENZ","E300E",81
"Passenger vehicles","Hybrid electric","MERCEDES-BENZ","E350",177
"Passenger vehicles","Hybrid electric","MERCEDES-BENZ","E350E",28
"Passenger vehicles","Hybrid electric","MERCEDES-BENZ","E400",0
"Passenger vehicles","Hybrid electric","MERCEDES-BENZ","E53",73
"Passenger vehicles","Hybrid electric","MERCEDES-BENZ","GLC200",3
"Passenger vehicles","Hybrid electric","MERCEDES-BENZ","GLC300",17
"Passenger vehicles","Hybrid electric","MERCEDES-BENZ","GLC300E",991
"Passenger vehicles","Hybrid electric","MERCEDES-BENZ","GLC43",6
"Passenger vehicles","Hybrid electric","MERCEDES-BENZ","GLC63",18
"Passenger vehicles","Hybrid electric","MERCEDES-BENZ","GLC63S",374
"Passenger vehicles","Hybrid electric","MERCEDES-BENZ","GLE400",3
"Passenger vehicles","Hybrid electric","MERCEDES-BENZ","GLE43",0
"Passenger vehicles","Hybrid electric","MERCEDES-BENZ","GLE450",441
"Passenger vehicles","Hybrid electric","MERCEDES-BENZ","GLE500E",123
"Passenger vehicles","Hybrid electric","MERCEDES-BENZ","GLE53",239
"Passenger vehicles","Hybrid electric","MERCEDES-BENZ","GLE63S",3
"Passenger vehicles","Hybrid electric","MERCEDES-BENZ","GLS400",0
"Passenger vehicles","Hybrid electric","MERCEDES-BENZ","GLS450",154
"Passenger vehicles","Hybrid electric","MERCEDES-BENZ","GLS63",3
"Passenger vehicles","Hybrid electric","MERCEDES-BENZ","GT",8
"Passenger vehicles","Hybrid electric","MERCEDES-BENZ","GT 63S",8
"Passenger vehicles","Hybrid electric","MERCEDES-BENZ","S-CLASS",10
"Passenger vehicles","Hybrid electric","MERCEDES-BENZ","S300 BTH",23
"Passenger vehicles","Hybrid electric","MERCEDES-BENZ","S400",411
"Passenger vehicles","Hybrid electric","MERCEDES-BENZ","S450",347
"Passenger vehicles","Hybrid electric","MERCEDES-BENZ","S500",4
"Passenger vehicles","Hybrid electric","MERCEDES-BENZ","S580",0
"Passenger vehicles","Hybrid electric","MERCEDES-BENZ","UNKNOWN",6
"Passenger vehicles","Hybrid electric","MERCEDES-BENZ","W213",3
"Passenger vehicles","Hybrid electric","MERCEDES-BENZ","X254",117
"Passenger vehicles","Hybrid electric","MG","GS",58
"Passenger vehicles","Hybrid electric","MG","HS",3955
"Passenger vehicles","Hybrid electric","MG","MG3",547
"Passenger vehicles","Hybrid electric","MG","ZS",441
"Passenger vehicles","Hybrid electric","MG","ZST",3
"Passenger vehicles","Hybrid electric","MINI","COOPER",3
"Passenger vehicles","Hybrid electric","MINI","COUNTRYMAN",802
"Passenger vehicles","Hybrid electric","MINI","HATCH",0
"Passenger vehicles","Hybrid electric","MITSUBISHI","ASX",0
"Passenger vehicles","Hybrid electric","MITSUBISHI","DELICA",3
"Passenger vehicles","Hybrid electric","MITSUBISHI","ECLIPSE CROSS",4859
"Passenger vehicles","Hybrid electric","MITSUBISHI","OUTLANDER",13200
"Passenger vehicles","Hybrid electric","MITSUBISHI","RVR",0
"Passenger vehicles","Hybrid electric","MITSUBISHI","UNKNOWN",3
"Passenger vehicles","Hybrid electric","NISSAN","370Z",0
"Passenger vehicles","Hybrid electric","NISSAN","CUBE",0
"Passenger vehicles","Hybrid electric","NISSAN","DUALIS",0
"Passenger vehicles","Hybrid electric","NISSAN","FUGA",35
"Passenger vehicles","Hybrid electric","NISSAN","MICRA",3
"Passenger vehicles","Hybrid electric","NISSAN","NOTE",468
"Passenger vehicles","Hybrid electric","NISSAN","PATHFINDER",349
"Passenger vehicles","Hybrid electric","NISSAN","PATROL",0
"Passenger vehicles","Hybrid electric","NISSAN","QASHQAI",948
"Passenger vehicles","Hybrid electric","NISSAN","SERENA",618
"Passenger vehicles","Hybrid electric","NISSAN","SKYLINE",10
"Passenger vehicles","Hybrid electric","NISSAN","UNKNOWN",5
"Passenger vehicles","Hybrid electric","NISSAN","X-TRAIL",7814
"Passenger vehicles","Hybrid electric","ORA","ES11",0
"Passenger vehicles","Hybrid electric","PEUGEOT","207",0
"Passenger vehicles","Hybrid electric","PEUGEOT","3008",206
"Passenger vehicles","Hybrid electric","PEUGEOT","308",77
"Passenger vehicles","Hybrid electric","PEUGEOT","408",89
"Passenger vehicles","Hybrid electric","PEUGEOT","508",94
"Passenger vehicles","Hybrid electric","PORSCHE","CAYENNE",953
"Passenger vehicles","Hybrid electric","PORSCHE","MACAN",0
"Passenger vehicles","Hybrid electric","PORSCHE","PANAMERA",68
"Passenger vehicles","Hybrid electric","RENAULT","CLIO",3
"Passenger vehicles","Hybrid electric","RENAULT","MEGANE",0
"Passenger vehicles","Hybrid electric","SMART","ROADSTER",0
"Passenger vehicles","Hybrid electric","SUBARU","CROSSTREK",1031
"Passenger vehicles","Hybrid electric","SUBARU","FORESTER",1252
"Passenger vehicles","Hybrid electric","SUBARU","IMPREZA",0
"Passenger vehicles","Hybrid electric","SUBARU","LEVORG",0
"Passenger vehicles","Hybrid electric","SUBARU","UNKNOWN",3
"Passenger vehicles","Hybrid electric","SUBARU","XV",1254
"Passenger vehicles","Hybrid electric","SUZUKI","ALTO",6
"Passenger vehicles","Hybrid electric","SUZUKI","GRAND VITARA",5
"Passenger vehicles","Hybrid electric","SUZUKI","HUSTLER",3
"Passenger vehicles","Hybrid electric","SUZUKI","IGNIS",0
"Passenger vehicles","Hybrid electric","SUZUKI","SOLIO",4
"Passenger vehicles","Hybrid electric","SUZUKI","SPACIA",135
"Passenger vehicles","Hybrid electric","SUZUKI","SWIFT",1249
"Passenger vehicles","Hybrid electric","SUZUKI","SX4",4
"Passenger vehicles","Hybrid electric","SUZUKI","VITARA",35
"Passenger vehicles","Hybrid electric","TANK","300",942
"Passenger vehicles","Hybrid electric","TANK","500",1443
"Passenger vehicles","Hybrid electric","TOYOTA","80 SERIES",77
"Passenger vehicles","Hybrid electric","TOYOTA","ALPHARD",2029
"Passenger vehicles","Hybrid electric","TOYOTA","AQUA",10
"Passenger vehicles","Hybrid electric","TOYOTA","AURION",12
"Passenger vehicles","Hybrid electric","TOYOTA","AVALON",0
"Passenger vehicles","Hybrid electric","TOYOTA","C-HR",15768
"Passenger vehicles","Hybrid electric","TOYOTA","CAMRY",100490
"Passenger vehicles","Hybrid electric","TOYOTA","CENTURY",8
"Passenger vehicles","Hybrid electric","TOYOTA","COROLLA",102459
"Passenger vehicles","Hybrid electric","TOYOTA","COROLLA CROSS",16292
"Passenger vehicles","Hybrid electric","TOYOTA","CROWN",1122
"Passenger vehicles","Hybrid electric","TOYOTA","ESQUIRE",28
"Passenger vehicles","Hybrid electric","TOYOTA","ESTIMA",1496
"Passenger vehicles","Hybrid electric","TOYOTA","HARRIER",35
"Passenger vehicles","Hybrid electric","TOYOTA","KLUGER",28555
"Passenger vehicles","Hybrid electric","TOYOTA","LANDCRUISER",7
"Passenger vehicles","Hybrid electric","TOYOTA","LANDCRUISER PRADO",3314
"Passenger vehicles","Hybrid electric","TOYOTA","NOAH",85
"Passenger vehicles","Hybrid electric","TOYOTA","PRIUS",29623
"Passenger vehicles","Hybrid electric","TOYOTA","RAV4",169844
"Passenger vehicles","Hybrid electric","TOYOTA","RUKUS",3
"Passenger vehicles","Hybrid electric","TOYOTA","SAI",335
"Passenger vehicles","Hybrid electric","TOYOTA","SERA",0
"Passenger vehicles","Hybrid electric","TOYOTA","SIENTA",172
"Passenger vehicles","Hybrid electric","TOYOTA","TARAGO",0
"Passenger vehicles","Hybrid electric","TOYOTA","UNKNOWN",23
"Passenger vehicles","Hybrid electric","TOYOTA","VELLFIRE",408
"Passenger vehicles","Hybrid electric","TOYOTA","VITZ",1670
"Passenger vehicles","Hybrid electric","TOYOTA","VOXY",182
"Passenger vehicles","Hybrid electric","TOYOTA","YARIS",3393
"Passenger vehicles","Hybrid electric","TOYOTA","YARIS CROSS",25124
"Passenger vehicles","Hybrid electric","VOLKSWAGEN","BEETLE",0
"Passenger vehicles","Hybrid electric","VOLKSWAGEN","GOLF",0
"Passenger vehicles","Hybrid electric","VOLKSWAGEN","JETTA",0
"Passenger vehicles","Hybrid electric","VOLKSWAGEN","TOUAREG",169
"Passenger vehicles","Hybrid electric","VOLKSWAGEN","UNKNOWN",0
"Passenger vehicles","Hybrid electric","VOLVO","S60",94
"Passenger vehicles","Hybrid electric","VOLVO","S90",0
"Passenger vehicles","Hybrid electric","VOLVO","UNKNOWN",6
"Passenger vehicles","Hybrid electric","VOLVO","V60",30
"Passenger vehicles","Hybrid electric","VOLVO","XC40",486
"Passenger vehicles","Hybrid electric","VOLVO","XC60",2685
"Passenger vehicles","Hybrid electric","VOLVO","XC90",1754
"Passenger vehicles","Battery/Fuel-cell electric","AUDI","A5",0
"Passenger vehicles","Battery/Fuel-cell electric","AUDI","E-TRON",1123
"Passenger vehicles","Battery/Fuel-cell electric","AUDI","Q4 E-TRON",482
"Passenger vehicles","Battery/Fuel-cell electric","AUDI","Q8",3
"Passenger vehicles","Battery/Fuel-cell electric","AUDI","UNKNOWN",8
"Passenger vehicles","Battery/Fuel-cell electric","BMW","2002",3
"Passenger vehicles","Battery/Fuel-cell electric","BMW","318",3
"Passenger vehicles","Battery/Fuel-cell electric","BMW","5 SERIES",3
"Passenger vehicles","Battery/Fuel-cell electric","BMW","I3",147
"Passenger vehicles","Battery/Fuel-cell electric","BMW","I3S",206
"Passenger vehicles","Battery/Fuel-cell electric","BMW","I4 EDRIVE35",1944
"Passenger vehicles","Battery/Fuel-cell electric","BMW","I4 EDRIVE40",455
"Passenger vehicles","Battery/Fuel-cell electric","BMW","I4 M50",316
"Passenger vehicles","Battery/Fuel-cell electric","BMW","I5",64
"Passenger vehicles","Battery/Fuel-cell electric","BMW","I5 EDRIVE40",170
"Passenger vehicles","Battery/Fuel-cell electric","BMW","I7",18
"Passenger vehicles","Battery/Fuel-cell electric","BMW","I7 XDRIVE60",79
"Passenger vehicles","Battery/Fuel-cell electric","BMW","IX M60",104
"Passenger vehicles","Battery/Fuel-cell electric","BMW","IX XDRIVE40",1457
"Passenger vehicles","Battery/Fuel-cell electric","BMW","IX XDRIVE50",332
"Passenger vehicles","Battery/Fuel-cell electric","BMW","IX1",2517
"Passenger vehicles","Battery/Fuel-cell electric","BMW","IX1 EDRIVE20",1134
"Passenger vehicles","Battery/Fuel-cell electric","BMW","IX2",1030
"Passenger vehicles","Battery/Fuel-cell electric","BMW","IX2 EDRIVE20",351
"Passenger vehicles","Battery/Fuel-cell electric","BMW","IX3",2542
"Passenger vehicles","Battery/Fuel-cell electric","BMW","X3",0
"Passenger vehicles","Battery/Fuel-cell electric","BYD","ATTO 3",13279
"Passenger vehicles","Battery/Fuel-cell electric","BYD","ATTO3",5637
"Passenger vehicles","Battery/Fuel-cell electric","BYD","DOLPHIN",3146
"Passenger vehicles","Battery/Fuel-cell electric","BYD","E6",88
"Passenger vehicles","Battery/Fuel-cell electric","BYD","SEAL",6968
"Passenger vehicles","Battery/Fuel-cell electric","BYD","UNKNOWN",7
"Passenger vehicles","Battery/Fuel-cell electric","CADILLAC","UNKNOWN",0
"Passenger vehicles","Battery/Fuel-cell electric","CHANGAN","UNKNOWN",3
"Passenger vehicles","Battery/Fuel-cell electric","CHERY","OMODA 5",242
"Passenger vehicles","Battery/Fuel-cell electric","CHRYSLER","SIGMA",0
"Passenger vehicles","Battery/Fuel-cell electric","CITROEN","2CV",3
"Passenger vehicles","Battery/Fuel-cell electric","CITROEN","GS",0
"Passenger vehicles","Battery/Fuel-cell electric","CUPRA","BORN",1395
"Passenger vehicles","Battery/Fuel-cell electric","CUPRA","UNKNOWN",0
"Passenger vehicles","Battery/Fuel-cell electric","CUSTOM MADE","UNKNOWN",4
"Passenger vehicles","Battery/Fuel-cell electric","DAEWOO","MATIZ",3
"Passenger vehicles","Battery/Fuel-cell electric","DAIHATSU","CHARADE",4
"Passenger vehicles","Battery/Fuel-cell electric","DEEPAL","S07",40
"Passenger vehicles","Battery/Fuel-cell electric","DELOREAN","DMC-12",0
"Passenger vehicles","Battery/Fuel-cell electric","EUNOS","ROADSTER",0
"Passenger vehicles","Battery/Fuel-cell electric","FIAT","500E",388
"Passenger vehicles","Battery/Fuel-cell electric","FIAT","X1/9",3
"Passenger vehicles","Battery/Fuel-cell electric","FORD","CAPRI",0
"Passenger vehicles","Battery/Fuel-cell electric","FORD","CORTINA",0
"Passenger vehicles","Battery/Fuel-cell electric","FORD","FESTIVA",0
"Passenger vehicles","Battery/Fuel-cell electric","FORD","FOCUS",3
"Passenger vehicles","Battery/Fuel-cell electric","FORD","MONDEO",0
"Passenger vehicles","Battery/Fuel-cell electric","FORD","MUSTANG",758
"Passenger vehicles","Battery/Fuel-cell electric","FORD","UNKNOWN",0
"Passenger vehicles","Battery/Fuel-cell electric","GEELY","UNKNOWN",9
"Passenger vehicles","Battery/Fuel-cell electric","GEELY","X",121
"Passenger vehicles","Battery/Fuel-cell electric","GENESIS","G80",32
"Passenger vehicles","Battery/Fuel-cell electric","GENESIS","GV60",364
"Passenger vehicles","Battery/Fuel-cell electric","GENESIS","GV70",129
"Passenger vehicles","Battery/Fuel-cell electric","GENESIS","GV80",3
"Passenger vehicles","Battery/Fuel-cell electric","HAVAL","H6",38
"Passenger vehicles","Battery/Fuel-cell electric","HAVAL","JOLION",15
"Passenger vehicles","Battery/Fuel-cell electric","HOLDEN","BARINA",0
"Passenger vehicles","Battery/Fuel-cell electric","HOLDEN","COMMODORE",0
"Passenger vehicles","Battery/Fuel-cell electric","HOLDEN","VOLT",0
"Passenger vehicles","Battery/Fuel-cell electric","HONDA","CITY",0
"Passenger vehicles","Battery/Fuel-cell electric","HONDA","PRELUDE",0
"Passenger vehicles","Battery/Fuel-cell electric","HONDA","S800",0
"Passenger vehicles","Battery/Fuel-cell electric","HONDA","UNKNOWN",8
"Passenger vehicles","Battery/Fuel-cell electric","HUMBER","UNKNOWN",3
"Passenger vehicles","Battery/Fuel-cell electric","HYUNDAI","ACCENT",3
"Passenger vehicles","Battery/Fuel-cell electric","HYUNDAI","EXCEL",0
"Passenger vehicles","Battery/Fuel-cell electric","HYUNDAI","GETZ",10
"Passenger vehicles","Battery/Fuel-cell electric","HYUNDAI","IONIQ",1608
"Passenger vehicles","Battery/Fuel-cell electric","HYUNDAI","IONIQ 5",2863
"Passenger vehicles","Battery/Fuel-cell electric","HYUNDAI","IONIQ 6",972
"Passenger vehicles","Battery/Fuel-cell electric","HYUNDAI","KONA",4764
"Passenger vehicles","Battery/Fuel-cell electric","HYUNDAI","NEXO",29
"Passenger vehicles","Battery/Fuel-cell electric","HYUNDAI","SANTA FE",4
"Passenger vehicles","Battery/Fuel-cell electric","HYUNDAI","UNKNOWN",15
"Passenger vehicles","Battery/Fuel-cell electric","INDEPENDENT CONSTRUCTOR","UNKNOWN",3
"Passenger vehicles","Battery/Fuel-cell electric","JAGUAR","F-PACE",0
"Passenger vehicles","Battery/Fuel-cell electric","JAGUAR","I-PACE",363
"Passenger vehicles","Battery/Fuel-cell electric","JEEP","AVENGER",85
"Passenger vehicles","Battery/Fuel-cell electric","JEEP","WRANGLER",3
"Passenger vehicles","Battery/Fuel-cell electric","KIA","EV5",929
"Passenger vehicles","Battery/Fuel-cell electric","KIA","EV6",4194
"Passenger vehicles","Battery/Fuel-cell electric","KIA","EV9",795
"Passenger vehicles","Battery/Fuel-cell electric","KIA","NIRO",2227
"Passenger vehicles","Battery/Fuel-cell electric","KIA","UNKNOWN",0
"Passenger vehicles","Battery/Fuel-cell electric","LAND ROVER","2A",3
"Passenger vehicles","Battery/Fuel-cell electric","LAND ROVER","DEFENDER",7
"Passenger vehicles","Battery/Fuel-cell electric","LAND ROVER","MINI",0
"Passenger vehicles","Battery/Fuel-cell electric","LAND ROVER","RANGE ROVER",3
"Passenger vehicles","Battery/Fuel-cell electric","LAND ROVER","SERIES 2",0
"Passenger vehicles","Battery/Fuel-cell electric","LAND ROVER","SERIES 3",3
"Passenger vehicles","Battery/Fuel-cell electric","LDV","DELIVER 9",3
"Passenger vehicles","Battery/Fuel-cell electric","LDV","EDELIVER 7",3
"Passenger vehicles","Battery/Fuel-cell electric","LDV","MIFA",34
"Passenger vehicles","Battery/Fuel-cell electric","LEAPMOTOR","C10",85
"Passenger vehicles","Battery/Fuel-cell electric","LEXUS","RZ450E",483
"Passenger vehicles","Battery/Fuel-cell electric","LEXUS","UX300E",332
"Passenger vehicles","Battery/Fuel-cell electric","LEYLAND","MINI",0
"Passenger vehicles","Battery/Fuel-cell electric","LEYLAND","MINI MOKE",0
"Passenger vehicles","Battery/Fuel-cell electric","LOTUS","ELISE",3
"Passenger vehicles","Battery/Fuel-cell electric","MASERATI","GRECALE",0
"Passenger vehicles","Battery/Fuel-cell electric","MASERATI","LEVANTE",3
"Passenger vehicles","Battery/Fuel-cell electric","MAZDA","121",0
"Passenger vehicles","Battery/Fuel-cell electric","MAZDA","MAZDA 2",3
"Passenger vehicles","Battery/Fuel-cell electric","MAZDA","MX-30",124
"Passenger vehicles","Battery/Fuel-cell electric","MAZDA","MX-5",3
"Passenger vehicles","Battery/Fuel-cell electric","MAZDA","RX-7",0
"Passenger vehicles","Battery/Fuel-cell electric","MAZDA","RX-8",3
"Passenger vehicles","Battery/Fuel-cell electric","MAZDA","UNKNOWN",0
"Passenger vehicles","Battery/Fuel-cell electric","MERCEDES-BENZ","240",0
"Passenger vehicles","Battery/Fuel-cell electric","MERCEDES-BENZ","380SL",0
"Passenger vehicles","Battery/Fuel-cell electric","MERCEDES-BENZ","E280",3
"Passenger vehicles","Battery/Fuel-cell electric","MERCEDES-BENZ","EQA250",2802
"Passenger vehicles","Battery/Fuel-cell electric","MERCEDES-BENZ","EQA350",495
"Passenger vehicles","Battery/Fuel-cell electric","MERCEDES-BENZ","EQB250",1337
"Passenger vehicles","Battery/Fuel-cell electric","MERCEDES-BENZ","EQB350",167
"Passenger vehicles","Battery/Fuel-cell electric","MERCEDES-BENZ","EQC400",1203
"Passenger vehicles","Battery/Fuel-cell electric","MERCEDES-BENZ","EQE300",494
"Passenger vehicles","Battery/Fuel-cell electric","MERCEDES-BENZ","EQE350",862
"Passenger vehicles","Battery/Fuel-cell electric","MERCEDES-BENZ","EQE500",54
"Passenger vehicles","Battery/Fuel-cell electric","MERCEDES-BENZ","EQE53",223
"Passenger vehicles","Battery/Fuel-cell electric","MERCEDES-BENZ","EQS450",221
"Passenger vehicles","Battery/Fuel-cell electric","MERCEDES-BENZ","EQS53",110
"Passenger vehicles","Battery/Fuel-cell electric","MERCEDES-BENZ","EVITO",28
"Passenger vehicles","Battery/Fuel-cell electric","MERCEDES-BENZ","UNKNOWN",19
"Passenger vehicles","Battery/Fuel-cell electric","MERCEDES-BENZ","V-CLASS",41
"Passenger vehicles","Battery/Fuel-cell electric","MERCEDES-BENZ","V295",11
"Passenger vehicles","Battery/Fuel-cell electric","MERCEDES-BENZ","VITO",0
"Passenger vehicles","Battery/Fuel-cell electric","MERCEDES-BENZ","X243",14
"Passenger vehicles","Battery/Fuel-cell electric","MESSERSCHMITT","KR200",0
"Passenger vehicles","Battery/Fuel-cell electric","MG","CYBERSTER",56
"Passenger vehicles","Battery/Fuel-cell electric","MG","GS",3
"Passenger vehicles","Battery/Fuel-cell electric","MG","HS",553
"Passenger vehicles","Battery/Fuel-cell electric","MG","MG B",0
"Passenger vehicles","Battery/Fuel-cell electric","MG","MG F",0
"Passenger vehicles","Battery/Fuel-cell electric","MG","MG TF",0
"Passenger vehicles","Battery/Fuel-cell electric","MG","MG3",85
"Passenger vehicles","Battery/Fuel-cell electric","MG","MG4",10482
"Passenger vehicles","Battery/Fuel-cell electric","MG","UNKNOWN",8
"Passenger vehicles","Battery/Fuel-cell electric","MG","ZS",6525
"Passenger vehicles","Battery/Fuel-cell electric","MINI","ACEMAN",231
"Passenger vehicles","Battery/Fuel-cell electric","MINI","COOPER",465
"Passenger vehicles","Battery/Fuel-cell electric","MINI","COUNTRYMAN",572
"Passenger vehicles","Battery/Fuel-cell electric","MINI","HATCH",1393
"Passenger vehicles","Battery/Fuel-cell electric","MITSUBISHI","I-CAR",21
"Passenger vehicles","Battery/Fuel-cell electric","MITSUBISHI","I-MIEV",197
"Passenger vehicles","Battery/Fuel-cell electric","MITSUBISHI","LANCER",3
"Passenger vehicles","Battery/Fuel-cell electric","MITSUBISHI","MINICAB",71
"Passenger vehicles","Battery/Fuel-cell electric","MITSUBISHI","UNKNOWN",3
"Passenger vehicles","Battery/Fuel-cell electric","MORRIS","MINOR",0
"Passenger vehicles","Battery/Fuel-cell electric","NISSAN","E-NV200",42
"Passenger vehicles","Battery/Fuel-cell electric","NISSAN","LEAF",5020
"Passenger vehicles","Battery/Fuel-cell electric","NISSAN","NOTE",33
"Passenger vehicles","Battery/Fuel-cell electric","NISSAN","PULSAR",0
"Passenger vehicles","Battery/Fuel-cell electric","NISSAN","SERENA",3
"Passenger vehicles","Battery/Fuel-cell electric","NISSAN","TIIDA",0
"Passenger vehicles","Battery/Fuel-cell electric","NISSAN","UNKNOWN",5
"Passenger vehicles","Battery/Fuel-cell electric","NISSAN","X-TRAIL",4
"Passenger vehicles","Battery/Fuel-cell electric","ORA","ES11",1752
"Passenger vehicles","Battery/Fuel-cell electric","PEUGEOT","2008",265
"Passenger vehicles","Battery/Fuel-cell electric","PEUGEOT","208",0
"Passenger vehicles","Battery/Fuel-cell electric","PEUGEOT","3008",0
"Passenger vehicles","Battery/Fuel-cell electric","PEUGEOT","308",4
"Passenger vehicles","Battery/Fuel-cell electric","PEUGEOT","5008",3
"Passenger vehicles","Battery/Fuel-cell electric","PEUGEOT","UNKNOWN",17
"Passenger vehicles","Battery/Fuel-cell electric","POLESTAR","POLESTAR 2",5322
"Passenger vehicles","Battery/Fuel-cell electric","POLESTAR","POLESTAR 3",74
"Passenger vehicles","Battery/Fuel-cell electric","POLESTAR","POLESTAR 4",244
"Passenger vehicles","Battery/Fuel-cell electric","POLESTAR","UNKNOWN",0
"Passenger vehicles","Battery/Fuel-cell electric","PORSCHE","911",0
"Passenger vehicles","Battery/Fuel-cell electric","PORSCHE","CAYENNE",25
"Passenger vehicles","Battery/Fuel-cell electric","PORSCHE","MACAN",148
"Passenger vehicles","Battery/Fuel-cell electric","PORSCHE","TAYCAN",1767
"Passenger vehicles","Battery/Fuel-cell electric","RENAULT","KANGOO",4
"Passenger vehicles","Battery/Fuel-cell electric","RENAULT","MEGANE E-TECH",287
"Passenger vehicles","Battery/Fuel-cell electric","RENAULT","UNKNOWN",3
"Passenger vehicles","Battery/Fuel-cell electric","RENAULT","ZOE",123
"Passenger vehicles","Battery/Fuel-cell electric","ROLLS-ROYCE","CORNICHE",0
"Passenger vehicles","Battery/Fuel-cell electric","ROLLS-ROYCE","SPECTRE",25
"Passenger vehicles","Battery/Fuel-cell electric","SKODA","ENYAQ",65
"Passenger vehicles","Battery/Fuel-cell electric","SMART","#1",68
"Passenger vehicles","Battery/Fuel-cell electric","SMART","#3",136
"Passenger vehicles","Battery/Fuel-cell electric","SMART","FORTWO",5
"Passenger vehicles","Battery/Fuel-cell electric","STEYR","UNKNOWN",0
"Passenger vehicles","Battery/Fuel-cell electric","SUBARU","FORESTER",0
"Passenger vehicles","Battery/Fuel-cell electric","SUBARU","SAMBAR",0
"Passenger vehicles","Battery/Fuel-cell electric","SUBARU","SOLTERRA",400
"Passenger vehicles","Battery/Fuel-cell electric","SUZUKI","SIERRA",3
"Passenger vehicles","Battery/Fuel-cell electric","SUZUKI","SWIFT",5
"Passenger vehicles","Battery/Fuel-cell electric","SUZUKI","VITARA",0
"Passenger vehicles","Battery/Fuel-cell electric","TANK","300",4
"Passenger vehicles","Battery/Fuel-cell electric","TESLA","MODEL 3",63309
"Passenger vehicles","Battery/Fuel-cell electric","TESLA","MODEL S",2452
"Passenger vehicles","Battery/Fuel-cell electric","TESLA","MODEL X",1675
"Passenger vehicles","Battery/Fuel-cell electric","TESLA","MODEL Y",59179
"Passenger vehicles","Battery/Fuel-cell electric","TESLA","ROADSTER",18
"Passenger vehicles","Battery/Fuel-cell electric","TESLA","UNKNOWN",0
"Passenger vehicles","Battery/Fuel-cell electric","THE LONDON TAXI","ELETRE",13
"Passenger vehicles","Battery/Fuel-cell electric","THE LONDON TAXI","UNKNOWN",7
"Passenger vehicles","Battery/Fuel-cell electric","TOYOTA","BZ4X",1058
"Passenger vehicles","Battery/Fuel-cell electric","TOYOTA","CAMRY",0
"Passenger vehicles","Battery/Fuel-cell electric","TOYOTA","COROLLA CROSS",3
"Passenger vehicles","Battery/Fuel-cell electric","TOYOTA","CORONA",0
"Passenger vehicles","Battery/Fuel-cell electric","TOYOTA","ECHO",0
"Passenger vehicles","Battery/Fuel-cell electric","TOYOTA","LANDCRUISER",0
"Passenger vehicles","Battery/Fuel-cell electric","TOYOTA","LANDCRUISER PRADO",0
"Passenger vehicles","Battery/Fuel-cell electric","TOYOTA","MIRAI",44
"Passenger vehicles","Battery/Fuel-cell electric","TOYOTA","STARLET",3
"Passenger vehicles","Battery/Fuel-cell electric","TOYOTA","UNKNOWN",0
"Passenger vehicles","Battery/Fuel-cell electric","UNKNOWN","UNKNOWN",4
"Passenger vehicles","Battery/Fuel-cell electric","VAUXHALL","UNKNOWN",3
"Passenger vehicles","Battery/Fuel-cell electric","VOLKSWAGEN","BEETLE",21
"Passenger vehicles","Battery/Fuel-cell electric","VOLKSWAGEN","GOLF",3
"Passenger vehicles","Battery/Fuel-cell electric","VOLKSWAGEN","ID.4",10
"Passenger vehicles","Battery/Fuel-cell electric","VOLKSWAGEN","ID.BUZZ",9
"Passenger vehicles","Battery/Fuel-cell electric","VOLKSWAGEN","KOMBI",4
"Passenger vehicles","Battery/Fuel-cell electric","VOLKSWAGEN","MICROBUS",3
"Passenger vehicles","Battery/Fuel-cell electric","VOLKSWAGEN","SUPERBUG",0
"Passenger vehicles","Battery/Fuel-cell electric","VOLKSWAGEN","TRANSPORTER",0
"Passenger vehicles","Battery/Fuel-cell electric","VOLKSWAGEN","UNKNOWN",14
"Passenger vehicles","Battery/Fuel-cell electric","VOLVO","240",0
"Passenger vehicles","Battery/Fuel-cell electric","VOLVO","C30",0
"Passenger vehicles","Battery/Fuel-cell electric","VOLVO","C40",2178
"Passenger vehicles","Battery/Fuel-cell electric","VOLVO","EX30",2232
"Passenger vehicles","Battery/Fuel-cell electric","VOLVO","UNKNOWN",6
"Passenger vehicles","Battery/Fuel-cell electric","VOLVO","XC40",5225
"Passenger vehicles","Battery/Fuel-cell electric","XPENG","G6",192
"Passenger vehicles","Other","AC","COBRA",3
"Passenger vehicles","Other","AC","UNKNOWN",4
"Passenger vehicles","Other","ACE","UNKNOWN",0
"Passenger vehicles","Other","ALFA ROMEO","GTV",0
"Passenger vehicles","Other","AMAROO","UNKNOWN",0
"Passenger vehicles","Other","ASTON MARTIN","DBS",0
"Passenger vehicles","Other","ASTON MARTIN","VANTAGE",0
"Passenger vehicles","Other","AUDI","A3",0
"Passenger vehicles","Other","AUDI","A4",0
"Passenger vehicles","Other","AUDI","S3",3
"Passenger vehicles","Other","AUSTIN","UNKNOWN",3
"Passenger vehicles","Other","BEDFORD","UNKNOWN",3
"Passenger vehicles","Other","BMW","325",0
"Passenger vehicles","Other","BMW","328",3
"Passenger vehicles","Other","BMW","528",0
"Passenger vehicles","Other","BMW","535",0
"Passenger vehicles","Other","BMW","M340",3
"Passenger vehicles","Other","BMW","X5",0
"Passenger vehicles","Other","BUICK","RIVIERA",0
"Passenger vehicles","Other","BUICK","SPECIAL",3
"Passenger vehicles","Other","BUICK","UNKNOWN",0
"Passenger vehicles","Other","CADILLAC","UNKNOWN",3
"Passenger vehicles","Other","CHERY","OMODA 5",0
"Passenger vehicles","Other","CHEVROLET","210",3
"Passenger vehicles","Other","CHEVROLET","BEL AIR",16
"Passenger vehicles","Other","CHEVROLET","BISCAYNE",0
"Passenger vehicles","Other","CHEVROLET","CAMARO",3
"Passenger vehicles","Other","CHEVROLET","CAPRICE",0
"Passenger vehicles","Other","CHEVROLET","CORVETTE",0
"Passenger vehicles","Other","CHEVROLET","G20",3
"Passenger vehicles","Other","CHEVROLET","IMPALA",6
"Passenger vehicles","Other","CHEVROLET","MASTER",4
"Passenger vehicles","Other","CHEVROLET","NOVA",3
"Passenger vehicles","Other","CHEVROLET","SIERRA",3
"Passenger vehicles","Other","CHEVROLET","STANDARD",3
"Passenger vehicles","Other","CHEVROLET","STINGRAY",0
"Passenger vehicles","Other","CHEVROLET","TOURER",3
"Passenger vehicles","Other","CHEVROLET","TUDOR",3
"Passenger vehicles","Other","CHEVROLET","UNKNOWN",26
"Passenger vehicles","Other","CHRYSLER","300",3
"Passenger vehicles","Other","CHRYSLER","CENTURA",0
"Passenger vehicles","Other","CHRYSLER","PT CRUISER",0
"Passenger vehicles","Other","CHRYSLER","ROYAL",3
"Passenger vehicles","Other","CHRYSLER","UNKNOWN",12
"Passenger vehicles","Other","CHRYSLER","VALIANT",43
"Passenger vehicles","Other","CHRYSLER","VALIANT CHARGER",4
"Passenger vehicles","Other","CHRYSLER","VOYAGER",3
"Passenger vehicles","Other","COBRA","UNKNOWN",8
"Passenger vehicles","Other","CUSTOM MADE","COBRA",4
"Passenger vehicles","Other","CUSTOM MADE","UNKNOWN",21
"Passenger vehicles","Other","DAIMLER","DS420",0
"Passenger vehicles","Other","DAIMLER","SOVEREIGN",3
"Passenger vehicles","Other","DAIMLER","UNKNOWN",0
"Passenger vehicles","Other","DARRACQ","UNKNOWN",0
"Passenger vehicles","Other","DATSUN","1200",0
"Passenger vehicles","Other","DATSUN","1600",3
"Passenger vehicles","Other","DATSUN","200B",0
"Passenger vehicles","Other","DATSUN","UNKNOWN",3
"Passenger vehicles","Other","DE SOTO","UNKNOWN",0
"Passenger vehicles","Other","DODGE","DA",3
"Passenger vehicles","Other","DODGE","PHOENIX",3
"Passenger vehicles","Other","DODGE","UNKNOWN",10
"Passenger vehicles","Other","ESSEX","UNKNOWN",0
"Passenger vehicles","Other","FORD","5 WINDOW",0
"Passenger vehicles","Other","FORD","AC COBRA",3
"Passenger vehicles","Other","FORD","BRONCO",35
"Passenger vehicles","Other","FORD","COBRA",8
"Passenger vehicles","Other","FORD","CORTINA",3
"Passenger vehicles","Other","FORD","COUGAR",3
"Passenger vehicles","Other","FORD","COUPE",3
"Passenger vehicles","Other","FORD","CUSTOM",0
"Passenger vehicles","Other","FORD","CUSTOMLINE",0
"Passenger vehicles","Other","FORD","DE LUXE",3
"Passenger vehicles","Other","FORD","ECONOLINE",0
"Passenger vehicles","Other","FORD","ECONOVAN",3
"Passenger vehicles","Other","FORD","ECOSPORT",0
"Passenger vehicles","Other","FORD","ESCAPE",0
"Passenger vehicles","Other","FORD","ESCORT",3
"Passenger vehicles","Other","FORD","EXPLORER",3
"Passenger vehicles","Other","FORD","F100",3
"Passenger vehicles","Other","FORD","F150",3
"Passenger vehicles","Other","FORD","FAIRLANE",67
"Passenger vehicles","Other","FORD","FAIRMONT",30
"Passenger vehicles","Other","FORD","FALCON",17155
"Passenger vehicles","Other","FORD","FESTIVA",3
"Passenger vehicles","Other","FORD","FOCUS",5
"Passenger vehicles","Other","FORD","FUTURA",53
"Passenger vehicles","Other","FORD","GALAXIE",6
"Passenger vehicles","Other","FORD","GALAXY",3
"Passenger vehicles","Other","FORD","KUGA",3
"Passenger vehicles","Other","FORD","LANDAU",0
"Passenger vehicles","Other","FORD","LASER",0
"Passenger vehicles","Other","FORD","LTD",15
"Passenger vehicles","Other","FORD","MAVERICK",47
"Passenger vehicles","Other","FORD","MERCURY",3
"Passenger vehicles","Other","FORD","MODEL A",7
"Passenger vehicles","Other","FORD","MODEL B",4
"Passenger vehicles","Other","FORD","MODEL C",3
"Passenger vehicles","Other","FORD","MODEL T",0
"Passenger vehicles","Other","FORD","MONDEO",0
"Passenger vehicles","Other","FORD","MUSTANG",11
"Passenger vehicles","Other","FORD","PILOT",3
"Passenger vehicles","Other","FORD","PUMA",0
"Passenger vehicles","Other","FORD","ROADSTER",7
"Passenger vehicles","Other","FORD","SPECTRON",3
"Passenger vehicles","Other","FORD","T-BUCKET",0
"Passenger vehicles","Other","FORD","TERRITORY",56
"Passenger vehicles","Other","FORD","THUNDERBIRD",3
"Passenger vehicles","Other","FORD","TOURER",0
"Passenger vehicles","Other","FORD","TRANSIT",5
"Passenger vehicles","Other","FORD","TUDOR",7
"Passenger vehicles","Other","FORD","UNKNOWN",75
"Passenger vehicles","Other","FORD","ZEPHYR",3
"Passenger vehicles","Other","G FORCE","UNKNOWN",0
"Passenger vehicles","Other","GENESIS","GV80",3
"Passenger vehicles","Other","GM","UNKNOWN",0
"Passenger vehicles","Other","HAVAL","H6",0
"Passenger vehicles","Other","HOLDEN","48-215",0
"Passenger vehicles","Other","HOLDEN","ADVENTRA",6
"Passenger vehicles","Other","HOLDEN","APOLLO",3
"Passenger vehicles","Other","HOLDEN","ASTRA",0
"Passenger vehicles","Other","HOLDEN","BARINA",3
"Passenger vehicles","Other","HOLDEN","BERLINA",533
"Passenger vehicles","Other","HOLDEN","CALAIS",38
"Passenger vehicles","Other","HOLDEN","CAPRICE",571
"Passenger vehicles","Other","HOLDEN","CAPTIVA",3
"Passenger vehicles","Other","HOLDEN","COMMODORE",4385
"Passenger vehicles","Other","HOLDEN","CRUZE",4
"Passenger vehicles","Other","HOLDEN","DE VILLE",3
"Passenger vehicles","Other","HOLDEN","EH SERIES",12
"Passenger vehicles","Other","HOLDEN","EJ SERIES",0
"Passenger vehicles","Other","HOLDEN","FC SERIES",0
"Passenger vehicles","Other","HOLDEN","FE SERIES",0
"Passenger vehicles","Other","HOLDEN","FJ SERIES",3
"Passenger vehicles","Other","HOLDEN","FRONTERA",6
"Passenger vehicles","Other","HOLDEN","HD SERIES",3
"Passenger vehicles","Other","HOLDEN","HG SERIES",6
"Passenger vehicles","Other","HOLDEN","HJ SERIES",5
"Passenger vehicles","Other","HOLDEN","HK SERIES",3
"Passenger vehicles","Other","HOLDEN","HQ SERIES",17
"Passenger vehicles","Other","HOLDEN","HR SERIES",0
"Passenger vehicles","Other","HOLDEN","HX SERIES",6
"Passenger vehicles","Other","HOLDEN","HZ SERIES",19
"Passenger vehicles","Other","HOLDEN","JACKAROO",18
"Passenger vehicles","Other","HOLDEN","KINGSWOOD",19
"Passenger vehicles","Other","HOLDEN","MONARO",13
"Passenger vehicles","Other","HOLDEN","PREMIER",10
"Passenger vehicles","Other","HOLDEN","STATESMAN",70
"Passenger vehicles","Other","HOLDEN","SUBURBAN",3
"Passenger vehicles","Other","HOLDEN","TORANA",31
"Passenger vehicles","Other","HOLDEN","UNKNOWN",60
"Passenger vehicles","Other","HOLDEN","VIVA",3
"Passenger vehicles","Other","HOLDEN","WB SERIES",3
"Passenger vehicles","Other","HOME MADE","COBRA",17
"Passenger vehicles","Other","HOME MADE","UNKNOWN",17
"Passenger vehicles","Other","HONDA","ACCORD",0
"Passenger vehicles","Other","HONDA","CIVIC",0
"Passenger vehicles","Other","HONDA","CR-V",5
"Passenger vehicles","Other","HONDA","HR-V",0
"Passenger vehicles","Other","HONDA","INTEGRA",0
"Passenger vehicles","Other","HONDA","JAZZ",3
"Passenger vehicles","Other","HONDA","ODYSSEY",3
"Passenger vehicles","Other","HUDSON","UNKNOWN",0
"Passenger vehicles","Other","HUMBER","SUPER SNIPE",3
"Passenger vehicles","Other","HYUNDAI","ACCENT",3
"Passenger vehicles","Other","HYUNDAI","ELANTRA",3
"Passenger vehicles","Other","HYUNDAI","EXCEL",3
"Passenger vehicles","Other","HYUNDAI","GETZ",3
"Passenger vehicles","Other","HYUNDAI","I30",3
"Passenger vehicles","Other","HYUNDAI","I45",3
"Passenger vehicles","Other","HYUNDAI","KONA",3
"Passenger vehicles","Other","HYUNDAI","SANTA FE",3
"Passenger vehicles","Other","HYUNDAI","SONATA",0
"Passenger vehicles","Other","HYUNDAI","TERRACAN",3
"Passenger vehicles","Other","HYUNDAI","TUCSON",8
"Passenger vehicles","Other","INDEPENDENT CONSTRUCTOR","UNKNOWN",15
"Passenger vehicles","Other","INTERNATIONAL","SCOUT",0
"Passenger vehicles","Other","INTERNATIONAL","UNKNOWN",0
"Passenger vehicles","Other","ISUZU","MU-X",0
"Passenger vehicles","Other","JAGUAR","E-TYPE",3
"Passenger vehicles","Other","JAGUAR","UNKNOWN",6
"Passenger vehicles","Other","JAGUAR","X-TYPE",0
"Passenger vehicles","Other","JAGUAR","XJ6",14
"Passenger vehicles","Other","JAGUAR","XJC",3
"Passenger vehicles","Other","JAGUAR","XJS",0
"Passenger vehicles","Other","JBA","UNKNOWN",0
"Passenger vehicles","Other","JEEP","CHEROKEE",8
"Passenger vehicles","Other","JEEP","CJ-5",0
"Passenger vehicles","Other","JEEP","GRAND CHEROKEE",7
"Passenger vehicles","Other","JEEP","PATRIOT",0
"Passenger vehicles","Other","JEEP","RENEGADE",3
"Passenger vehicles","Other","JEEP","UNKNOWN",0
"Passenger vehicles","Other","JEEP","WRANGLER",6
"Passenger vehicles","Other","JENSEN","INTERCEPTOR",0
"Passenger vehicles","Other","KIA","CARNIVAL",3
"Passenger vehicles","Other","KIA","CERATO",0
"Passenger vehicles","Other","KIA","OPTIMA",3
"Passenger vehicles","Other","KIA","RIO",0
"Passenger vehicles","Other","KIA","SORENTO",0
"Passenger vehicles","Other","KIA","SPORTAGE",6
"Passenger vehicles","Other","LAND ROVER","COUNTY",0
"Passenger vehicles","Other","LAND ROVER","DEFENDER",0
"Passenger vehicles","Other","LAND ROVER","DISCOVERY",19
"Passenger vehicles","Other","LAND ROVER","RANGE ROVER",12
"Passenger vehicles","Other","LAND ROVER","UNKNOWN",13
"Passenger vehicles","Other","LEXUS","LS430",0
"Passenger vehicles","Other","LEXUS","LX470",3
"Passenger vehicles","Other","LEXUS","NX250",0
"Passenger vehicles","Other","LEXUS","RX330",3
"Passenger vehicles","Other","LEXUS","RX350",3
"Passenger vehicles","Other","LEXUS","UX200",3
"Passenger vehicles","Other","LEYLAND","MINI",0
"Passenger vehicles","Other","LEYLAND","P76",3
"Passenger vehicles","Other","LEYLAND","RANGE ROVER",3
"Passenger vehicles","Other","LEYLAND","UNKNOWN",0
"Passenger vehicles","Other","LINCOLN","UNKNOWN",3
"Passenger vehicles","Other","MAZDA","323",0
"Passenger vehicles","Other","MAZDA","626",3
"Passenger vehicles","Other","MAZDA","AXELA",3
"Passenger vehicles","Other","MAZDA","CX-5",3
"Passenger vehicles","Other","MAZDA","CX-7",0
"Passenger vehicles","Other","MAZDA","CX-9",0
"Passenger vehicles","Other","MAZDA","E2000",3
"Passenger vehicles","Other","MAZDA","MAZDA 2",0
"Passenger vehicles","Other","MAZDA","MAZDA 3",8
"Passenger vehicles","Other","MAZDA","MX-5",3
"Passenger vehicles","Other","MAZDA","R100",3
"Passenger vehicles","Other","MAZDA","RX-7",4
"Passenger vehicles","Other","MAZDA","TRIBUTE",3
"Passenger vehicles","Other","MAZDA","UNKNOWN",0
"Passenger vehicles","Other","MERCEDES-BENZ","230",3
"Passenger vehicles","Other","MERCEDES-BENZ","250",3
"Passenger vehicles","Other","MERCEDES-BENZ","280",6
"Passenger vehicles","Other","MERCEDES-BENZ","280CE",0
"Passenger vehicles","Other","MERCEDES-BENZ","280E",0
"Passenger vehicles","Other","MERCEDES-BENZ","300E",0
"Passenger vehicles","Other","MERCEDES-BENZ","300SE",3
"Passenger vehicles","Other","MERCEDES-BENZ","350",0
"Passenger vehicles","Other","MERCEDES-BENZ","380",0
"Passenger vehicles","Other","MERCEDES-BENZ","380SEL",3
"Passenger vehicles","Other","MERCEDES-BENZ","420SEL",3
"Passenger vehicles","Other","MERCEDES-BENZ","500SEC",0
"Passenger vehicles","Other","MERCEDES-BENZ","560SEC",3
"Passenger vehicles","Other","MERCEDES-BENZ","B180",0
"Passenger vehicles","Other","MERCEDES-BENZ","C200",0
"Passenger vehicles","Other","MERCEDES-BENZ","E240",3
"Passenger vehicles","Other","MERCEDES-BENZ","GLC300",3
"Passenger vehicles","Other","MERCEDES-BENZ","ML270",0
"Passenger vehicles","Other","MERCEDES-BENZ","SL350",0
"Passenger vehicles","Other","MERCEDES-BENZ","UNKNOWN",9
"Passenger vehicles","Other","MG","MG B",0
"Passenger vehicles","Other","MG","ZS",5
"Passenger vehicles","Other","MITSUBISHI","380",14
"Passenger vehicles","Other","MITSUBISHI","ASX",3
"Passenger vehicles","Other","MITSUBISHI","CHALLENGER",11
"Passenger vehicles","Other","MITSUBISHI","DELICA",5
"Passenger vehicles","Other","MITSUBISHI","ECLIPSE CROSS",0
"Passenger vehicles","Other","MITSUBISHI","GRANDIS",0
"Passenger vehicles","Other","MITSUBISHI","LANCER",7
"Passenger vehicles","Other","MITSUBISHI","LANCER EVOLUTION",3
"Passenger vehicles","Other","MITSUBISHI","MAGNA",171
"Passenger vehicles","Other","MITSUBISHI","OUTLANDER",3
"Passenger vehicles","Other","MITSUBISHI","PAJERO",73
"Passenger vehicles","Other","MITSUBISHI","SCORPION",0
"Passenger vehicles","Other","MITSUBISHI","SIGMA",0
"Passenger vehicles","Other","MITSUBISHI","STARWAGON",5
"Passenger vehicles","Other","MITSUBISHI","UNKNOWN",3
"Passenger vehicles","Other","MITSUBISHI","VERADA",5
"Passenger vehicles","Other","MORRIS","MINOR",4
"Passenger vehicles","Other","MORRIS","OXFORD",0
"Passenger vehicles","Other","MORRIS","UNKNOWN",3
"Passenger vehicles","Other","NISSAN","260Z",3
"Passenger vehicles","Other","NISSAN","350Z",0
"Passenger vehicles","Other","NISSAN","ELGRAND",0
"Passenger vehicles","Other","NISSAN","MAXIMA",0
"Passenger vehicles","Other","NISSAN","MICRA",0
"Passenger vehicles","Other","NISSAN","NOTE",3
"Passenger vehicles","Other","NISSAN","PATHFINDER",37
"Passenger vehicles","Other","NISSAN","PATROL",347
"Passenger vehicles","Other","NISSAN","PULSAR",5
"Passenger vehicles","Other","NISSAN","QASHQAI",3
"Passenger vehicles","Other","NISSAN","SKYLINE",5
"Passenger vehicles","Other","NISSAN","TIIDA",0
"Passenger vehicles","Other","NISSAN","UNKNOWN",7
"Passenger vehicles","Other","NISSAN","X-TRAIL",10
"Passenger vehicles","Other","OLDSMOBILE","SUPER 88",0
"Passenger vehicles","Other","OLDSMOBILE","UNKNOWN",0
"Passenger vehicles","Other","OPEL","ASTRA",3
"Passenger vehicles","Other","PACKARD","UNKNOWN",0
"Passenger vehicles","Other","PERENTTI","UNKNOWN",0
"Passenger vehicles","Other","PEUGEOT","505",0
"Passenger vehicles","Other","PEUGEOT","UNKNOWN",0
"Passenger vehicles","Other","PLYMOUTH","BARRACUDA",3
"Passenger vehicles","Other","PLYMOUTH","BELVEDERE",3
"Passenger vehicles","Other","PLYMOUTH","UNKNOWN",3
"Passenger vehicles","Other","PONTIAC","FIREBIRD",0
"Passenger vehicles","Other","PONTIAC","GTO",0
"Passenger vehicles","Other","PONTIAC","PARISIENNE",3
"Passenger vehicles","Other","PONTIAC","TRANS AM",3
"Passenger vehicles","Other","PONTIAC","UNKNOWN",3
"Passenger vehicles","Other","PORSCHE","911",3
"Passenger vehicles","Other","PORSCHE","CAYENNE",3
"Passenger vehicles","Other","PORSCHE","PANAMERA",0
"Passenger vehicles","Other","PORSCHE","UNKNOWN",0
"Passenger vehicles","Other","RAMBLER","HORNET",0
"Passenger vehicles","Other","RAMBLER","MATADOR",0
"Passenger vehicles","Other","RAMBLER","REBEL",3
"Passenger vehicles","Other","RAMBLER","UNKNOWN",0
"Passenger vehicles","Other","RILEY","UNKNOWN",3
"Passenger vehicles","Other","ROLLS-ROYCE","SILVER SHADOW",0
"Passenger vehicles","Other","ROLLS-ROYCE","SILVER SPIRIT",0
"Passenger vehicles","Other","SSANGYONG","CHAIRMAN",3
"Passenger vehicles","Other","SSANGYONG","REXTON",0
"Passenger vehicles","Other","STUDEBAKER","AVANTI",3
"Passenger vehicles","Other","STUDEBAKER","CHAMPION",0
"Passenger vehicles","Other","STUDEBAKER","CRUISER",0
"Passenger vehicles","Other","STUDEBAKER","UNKNOWN",3
"Passenger vehicles","Other","SUBARU","CROSSTREK",3
"Passenger vehicles","Other","SUBARU","FORESTER",10
"Passenger vehicles","Other","SUBARU","IMPREZA",4
"Passenger vehicles","Other","SUBARU","LEONE",3
"Passenger vehicles","Other","SUBARU","LIBERTY",0
"Passenger vehicles","Other","SUBARU","OUTBACK",3
"Passenger vehicles","Other","SUBARU","SVX",0
"Passenger vehicles","Other","SUBARU","TRIBECA",3
"Passenger vehicles","Other","SUZUKI","GRAND VITARA",5
"Passenger vehicles","Other","SUZUKI","IGNIS",3
"Passenger vehicles","Other","SUZUKI","JIMNY",3
"Passenger vehicles","Other","SUZUKI","SIERRA",0
"Passenger vehicles","Other","SUZUKI","SWIFT",6
"Passenger vehicles","Other","SUZUKI","SX4",0
"Passenger vehicles","Other","SUZUKI","VITARA",3
"Passenger vehicles","Other","TOYOTA","4 RUNNER",11
"Passenger vehicles","Other","TOYOTA","ALPHARD",0
"Passenger vehicles","Other","TOYOTA","AURION",9
"Passenger vehicles","Other","TOYOTA","AVALON",33
"Passenger vehicles","Other","TOYOTA","AVENSIS",3
"Passenger vehicles","Other","TOYOTA","CALDINA",3
"Passenger vehicles","Other","TOYOTA","CAMRY",111
"Passenger vehicles","Other","TOYOTA","CELICA",4
"Passenger vehicles","Other","TOYOTA","COMMUTER",3
"Passenger vehicles","Other","TOYOTA","COROLLA",25
"Passenger vehicles","Other","TOYOTA","CROWN",3
"Passenger vehicles","Other","TOYOTA","ECHO",3
"Passenger vehicles","Other","TOYOTA","ESTIMA",3
"Passenger vehicles","Other","TOYOTA","HIACE",13
"Passenger vehicles","Other","TOYOTA","KLUGER",17
"Passenger vehicles","Other","TOYOTA","LANDCRUISER",541
"Passenger vehicles","Other","TOYOTA","LANDCRUISER PRADO",109
"Passenger vehicles","Other","TOYOTA","LEXCEN",3
"Passenger vehicles","Other","TOYOTA","RAV4",5
"Passenger vehicles","Other","TOYOTA","RUKUS",3
"Passenger vehicles","Other","TOYOTA","SPACIA",0
"Passenger vehicles","Other","TOYOTA","SUPRA",3
"Passenger vehicles","Other","TOYOTA","SURF",3
"Passenger vehicles","Other","TOYOTA","TARAGO",7
"Passenger vehicles","Other","TOYOTA","TOWNACE",3
"Passenger vehicles","Other","TOYOTA","UNKNOWN",7
"Passenger vehicles","Other","TOYOTA","VOXY",0
"Passenger vehicles","Other","TOYOTA","YARIS",4
"Passenger vehicles","Other","TRIUMPH","UNKNOWN",3
"Passenger vehicles","Other","UNKNOWN","COBRA",9
"Passenger vehicles","Other","UNKNOWN","UNKNOWN",29
"Passenger vehicles","Other","VALIANT","VG SERIES",0
"Passenger vehicles","Other","VOLKSWAGEN","BEETLE",3
"Passenger vehicles","Other","VOLKSWAGEN","GOLF",3
"Passenger vehicles","Other","VOLKSWAGEN","TIGUAN",0
"Passenger vehicles","Other","VOLKSWAGEN","TRANSPORTER",0
"Passenger vehicles","Other","VOLKSWAGEN","UNKNOWN",3
"Passenger vehicles","Other","VOLVO","164",0
"Passenger vehicles","Other","VOLVO","245",0
"Passenger vehicles","Other","VOLVO","760",0
"Passenger vehicles","Other","VOLVO","S40",3
"Passenger vehicles","Other","VOLVO","UNKNOWN",3
"Passenger vehicles","Other","VOLVO","XC40",3
"Passenger vehicles","Other","WILLYS","77",3
"Passenger vehicles","Other","WILLYS","KNIGHT",3
"Light commercial vehicles","Petrol","ADLER","UNKNOWN",3
"Light commercial vehicles","Petrol","ALBION","UNKNOWN",3
"Light commercial vehicles","Petrol","AM GENERAL","UNKNOWN",3
"Light commercial vehicles","Petrol","ARMSTRONG SIDDELEY","UNKNOWN",9
"Light commercial vehicles","Petrol","ASIA MOTORS","ROCSTA",16
"Light commercial vehicles","Petrol","ASIA MOTORS","UNKNOWN",4
"Light commercial vehicles","Petrol","AUSTIN","10",0
"Light commercial vehicles","Petrol","AUSTIN","1800",18
"Light commercial vehicles","Petrol","AUSTIN","338N",8
"Light commercial vehicles","Petrol","AUSTIN","7",6
"Light commercial vehicles","Petrol","AUSTIN","A30",0
"Light commercial vehicles","Petrol","AUSTIN","A40",46
"Light commercial vehicles","Petrol","AUSTIN","CAMBRIDGE",5
"Light commercial vehicles","Petrol","AUSTIN","CHAMP",7
"Light commercial vehicles","Petrol","AUSTIN","HAMPSHIRE",5
"Light commercial vehicles","Petrol","AUSTIN","K2",11
"Light commercial vehicles","Petrol","AUSTIN","MINI",5
"Light commercial vehicles","Petrol","AUSTIN","UNKNOWN",120
"Light commercial vehicles","Petrol","AVENGER","UNKNOWN",0
"Light commercial vehicles","Petrol","BEDFORD","A SERIES",12
"Light commercial vehicles","Petrol","BEDFORD","B SERIES",0
"Light commercial vehicles","Petrol","BEDFORD","CF",111
"Light commercial vehicles","Petrol","BEDFORD","CJ",7
"Light commercial vehicles","Petrol","BEDFORD","J SERIES",13
"Light commercial vehicles","Petrol","BEDFORD","J1",31
"Light commercial vehicles","Petrol","BEDFORD","J2",9
"Light commercial vehicles","Petrol","BEDFORD","J3",8
"Light commercial vehicles","Petrol","BEDFORD","J5",0
"Light commercial vehicles","Petrol","BEDFORD","K SERIES",23
"Light commercial vehicles","Petrol","BEDFORD","ML",4
"Light commercial vehicles","Petrol","BEDFORD","TJ",11
"Light commercial vehicles","Petrol","BEDFORD","TK",3
"Light commercial vehicles","Petrol","BEDFORD","UNKNOWN",328
"Light commercial vehicles","Petrol","BEDFORD-ISUZU","UNKNOWN",5
"Light commercial vehicles","Petrol","BENTLEY","UNKNOWN",0
"Light commercial vehicles","Petrol","BMC","MINI",0
"Light commercial vehicles","Petrol","BMC","MINI MOKE",10
"Light commercial vehicles","Petrol","BMC","UNKNOWN",4
"Light commercial vehicles","Petrol","BMW","3 SERIES",0
"Light commercial vehicles","Petrol","BMW","630",121
"Light commercial vehicles","Petrol","BUICK","SPECIAL",0
"Light commercial vehicles","Petrol","BUICK","STANDARD SIX",3
"Light commercial vehicles","Petrol","BUICK","UNKNOWN",10
"Light commercial vehicles","Petrol","CADILLAC","DEVILLE",3
"Light commercial vehicles","Petrol","CADILLAC","ELDORADO",3
"Light commercial vehicles","Petrol","CADILLAC","ESCALADE",13
"Light commercial vehicles","Petrol","CADILLAC","FLEETWOOD",3
"Light commercial vehicles","Petrol","CADILLAC","UNKNOWN",5
"Light commercial vehicles","Petrol","CHERY","J3",0
"Light commercial vehicles","Petrol","CHEVROLET","150",17
"Light commercial vehicles","Petrol","CHEVROLET","210",3
"Light commercial vehicles","Petrol","CHEVROLET","3100",326
"Light commercial vehicles","Petrol","CHEVROLET","3500",9
"Light commercial vehicles","Petrol","CHEVROLET","AA CAPITOL",27
"Light commercial vehicles","Petrol","CHEVROLET","AB NATIONAL",21
"Light commercial vehicles","Petrol","CHEVROLET","AC INTERNATIONAL",3
"Light commercial vehicles","Petrol","CHEVROLET","APACHE",103
"Light commercial vehicles","Petrol","CHEVROLET","AVALANCHE",61
"Light commercial vehicles","Petrol","CHEVROLET","BA CONFEDERATE",0
"Light commercial vehicles","Petrol","CHEVROLET","BEL AIR",6
"Light commercial vehicles","Petrol","CHEVROLET","BISCAYNE",0
"Light commercial vehicles","Petrol","CHEVROLET","BLAZER",0
"Light commercial vehicles","Petrol","CHEVROLET","BLITZ",9
"Light commercial vehicles","Petrol","CHEVROLET","C/K",19
"Light commercial vehicles","Petrol","CHEVROLET","C10",668
"Light commercial vehicles","Petrol","CHEVROLET","C1500",364
"Light commercial vehicles","Petrol","CHEVROLET","C20",35
"Light commercial vehicles","Petrol","CHEVROLET","C2500",20
"Light commercial vehicles","Petrol","CHEVROLET","C30",73
"Light commercial vehicles","Petrol","CHEVROLET","C3100",23
"Light commercial vehicles","Petrol","CHEVROLET","C3500",64
"Light commercial vehicles","Petrol","CHEVROLET","CAPRICE",3
"Light commercial vehicles","Petrol","CHEVROLET","CHEVELLE",0
"Light commercial vehicles","Petrol","CHEVROLET","CHEYENNE",28
"Light commercial vehicles","Petrol","CHEVROLET","CORVAIR",3
"Light commercial vehicles","Petrol","CHEVROLET","DC STANDARD",3
"Light commercial vehicles","Petrol","CHEVROLET","DELUXE",3
"Light commercial vehicles","Petrol","CHEVROLET","EL CAMINO",221
"Light commercial vehicles","Petrol","CHEVROLET","EXPRESS",3
"Light commercial vehicles","Petrol","CHEVROLET","FLEETLINE",3
"Light commercial vehicles","Petrol","CHEVROLET","FLEETMASTER",5
"Light commercial vehicles","Petrol","CHEVROLET","G10",12
"Light commercial vehicles","Petrol","CHEVROLET","G20",22
"Light commercial vehicles","Petrol","CHEVROLET","K10",11
"Light commercial vehicles","Petrol","CHEVROLET","K1500",69
"Light commercial vehicles","Petrol","CHEVROLET","K20",8
"Light commercial vehicles","Petrol","CHEVROLET","K2500",20
"Light commercial vehicles","Petrol","CHEVROLET","K3500",6
"Light commercial vehicles","Petrol","CHEVROLET","KB20",11
"Light commercial vehicles","Petrol","CHEVROLET","LOADMASTER",6
"Light commercial vehicles","Petrol","CHEVROLET","LUV",12
"Light commercial vehicles","Petrol","CHEVROLET","MAPLE LEAF",17
"Light commercial vehicles","Petrol","CHEVROLET","MASTER",5
"Light commercial vehicles","Petrol","CHEVROLET","PICKUP",9
"Light commercial vehicles","Petrol","CHEVROLET","ROADSTER",9
"Light commercial vehicles","Petrol","CHEVROLET","SEDAN DELIVERY",9
"Light commercial vehicles","Petrol","CHEVROLET","SIERRA",6
"Light commercial vehicles","Petrol","CHEVROLET","SILVERADO",9449
"Light commercial vehicles","Petrol","CHEVROLET","SSR",15
"Light commercial vehicles","Petrol","CHEVROLET","STANDARD",10
"Light commercial vehicles","Petrol","CHEVROLET","STYLELINE",6
"Light commercial vehicles","Petrol","CHEVROLET","STYLEMASTER",25
"Light commercial vehicles","Petrol","CHEVROLET","SUPERIOR",21
"Light commercial vehicles","Petrol","CHEVROLET","TAHOE",0
"Light commercial vehicles","Petrol","CHEVROLET","TOURER",0
"Light commercial vehicles","Petrol","CHEVROLET","UNKNOWN",1316
"Light commercial vehicles","Petrol","CHRYSLER","CHRYSLER",0
"Light commercial vehicles","Petrol","CHRYSLER","D5N",0
"Light commercial vehicles","Petrol","CHRYSLER","DESOTO",3
"Light commercial vehicles","Petrol","CHRYSLER","DODGE",60
"Light commercial vehicles","Petrol","CHRYSLER","PLYMOUTH",3
"Light commercial vehicles","Petrol","CHRYSLER","ROYAL",5
"Light commercial vehicles","Petrol","CHRYSLER","UNKNOWN",216
"Light commercial vehicles","Petrol","CHRYSLER","VALIANT",496
"Light commercial vehicles","Petrol","CHRYSLER","WAYFARER",15
"Light commercial vehicles","Petrol","CITROEN","BERLINGO",985
"Light commercial vehicles","Petrol","CITROEN","C6",0
"Light commercial vehicles","Petrol","CITROEN","HY VAN",14
"Light commercial vehicles","Petrol","CITROEN","UNKNOWN",16
"Light commercial vehicles","Petrol","COMMER","SUPERPOISE",12
"Light commercial vehicles","Petrol","COMMER","UNKNOWN",35
"Light commercial vehicles","Petrol","CUSTOM MADE","UNKNOWN",21
"Light commercial vehicles","Petrol","DAEWOO","CIELO",6
"Light commercial vehicles","Petrol","DAEWOO","MATIZ",4
"Light commercial vehicles","Petrol","DAF","UNKNOWN",3
"Light commercial vehicles","Petrol","DAIHATSU","ATRAI",6
"Light commercial vehicles","Petrol","DAIHATSU","CUORE",23
"Light commercial vehicles","Petrol","DAIHATSU","DELTA",30
"Light commercial vehicles","Petrol","DAIHATSU","FEROZA",240
"Light commercial vehicles","Petrol","DAIHATSU","HANDIVAN",60
"Light commercial vehicles","Petrol","DAIHATSU","HIJET",811
"Light commercial vehicles","Petrol","DAIHATSU","MIDGET",37
"Light commercial vehicles","Petrol","DAIHATSU","MIRA",65
"Light commercial vehicles","Petrol","DAIHATSU","ROCKY",31
"Light commercial vehicles","Petrol","DAIHATSU","SCAT",8
"Light commercial vehicles","Petrol","DAIHATSU","TAFT",34
"Light commercial vehicles","Petrol","DAIHATSU","UNKNOWN",154
"Light commercial vehicles","Petrol","DAIMLER","UNKNOWN",3
"Light commercial vehicles","Petrol","DARRACQ","UNKNOWN",0
"Light commercial vehicles","Petrol","DATSUN","1000",14
"Light commercial vehicles","Petrol","DATSUN","1200",522
"Light commercial vehicles","Petrol","DATSUN","120Y",8
"Light commercial vehicles","Petrol","DATSUN","1500",53
"Light commercial vehicles","Petrol","DATSUN","2000",3
"Light commercial vehicles","Petrol","DATSUN","200B",0
"Light commercial vehicles","Petrol","DATSUN","320",12
"Light commercial vehicles","Petrol","DATSUN","620",28
"Light commercial vehicles","Petrol","DATSUN","720",107
"Light commercial vehicles","Petrol","DATSUN","B120",58
"Light commercial vehicles","Petrol","DATSUN","HOMER",13
"Light commercial vehicles","Petrol","DATSUN","ONE TON",9
"Light commercial vehicles","Petrol","DATSUN","PATROL",28
"Light commercial vehicles","Petrol","DATSUN","SUNNY",13
"Light commercial vehicles","Petrol","DATSUN","UNKNOWN",488
"Light commercial vehicles","Petrol","DATSUN","URVAN",3
"Light commercial vehicles","Petrol","DE SOTO","DIPLOMAT",0
"Light commercial vehicles","Petrol","DE SOTO","UNKNOWN",10
"Light commercial vehicles","Petrol","DIAMOND T","UNKNOWN",7
"Light commercial vehicles","Petrol","DKW","UNKNOWN",0
"Light commercial vehicles","Petrol","DODGE","114",13
"Light commercial vehicles","Petrol","DODGE","AT4",64
"Light commercial vehicles","Petrol","DODGE","D100",17
"Light commercial vehicles","Petrol","DODGE","D300",7
"Light commercial vehicles","Petrol","DODGE","D5",3
"Light commercial vehicles","Petrol","DODGE","D5N",45
"Light commercial vehicles","Petrol","DODGE","DA",4
"Light commercial vehicles","Petrol","DODGE","DD",8
"Light commercial vehicles","Petrol","DODGE","DR",3
"Light commercial vehicles","Petrol","DODGE","DU",0
"Light commercial vehicles","Petrol","DODGE","FARGO",32
"Light commercial vehicles","Petrol","DODGE","FAST FOUR",5
"Light commercial vehicles","Petrol","DODGE","KINGSWAY",5
"Light commercial vehicles","Petrol","DODGE","PHOENIX",3
"Light commercial vehicles","Petrol","DODGE","RAM 1500",2210
"Light commercial vehicles","Petrol","DODGE","RAM 2500",21
"Light commercial vehicles","Petrol","DODGE","ROADSTER",6
"Light commercial vehicles","Petrol","DODGE","TOURER",3
"Light commercial vehicles","Petrol","DODGE","UNKNOWN",590
"Light commercial vehicles","Petrol","DODGE","VICTORY",3
"Light commercial vehicles","Petrol","DODGE","WC-51",7
"Light commercial vehicles","Petrol","DODGE","WC-52",8
"Light commercial vehicles","Petrol","ESSEX","SUPER 6",0
"Light commercial vehicles","Petrol","ESSEX","UNKNOWN",3
"Light commercial vehicles","Petrol","FARGO","UNKNOWN",21
"Light commercial vehicles","Petrol","FIAT","DOBLO",93
"Light commercial vehicles","Petrol","FIAT","DUCATO",38
"Light commercial vehicles","Petrol","FIAT","SCUDO",18
"Light commercial vehicles","Petrol","FIAT","UNKNOWN",14
"Light commercial vehicles","Petrol","FIAT","X1/9",3
"Light commercial vehicles","Petrol","FIELD MARSHALL","UNKNOWN",0
"Light commercial vehicles","Petrol","FORD","5 WINDOW",0
"Light commercial vehicles","Petrol","FORD","ANGLIA",17
"Light commercial vehicles","Petrol","FORD","BLITZ",7
"Light commercial vehicles","Petrol","FORD","BRONCO",59
"Light commercial vehicles","Petrol","FORD","CARGO",0
"Light commercial vehicles","Petrol","FORD","COBRA",0
"Light commercial vehicles","Petrol","FORD","CONSUL",7
"Light commercial vehicles","Petrol","FORD","COUPE",12
"Light commercial vehicles","Petrol","FORD","COURIER",14116
"Light commercial vehicles","Petrol","FORD","CUSTOM",13
"Light commercial vehicles","Petrol","FORD","CUSTOMLINE",4
"Light commercial vehicles","Petrol","FORD","D SERIES",0
"Light commercial vehicles","Petrol","FORD","DE LUXE",22
"Light commercial vehicles","Petrol","FORD","ECONOLINE",17
"Light commercial vehicles","Petrol","FORD","ECONOVAN",3094
"Light commercial vehicles","Petrol","FORD","ESCORT",193
"Light commercial vehicles","Petrol","FORD","F SERIES",31
"Light commercial vehicles","Petrol","FORD","F100",3523
"Light commercial vehicles","Petrol","FORD","F150",5519
"Light commercial vehicles","Petrol","FORD","F250",363
"Light commercial vehicles","Petrol","FORD","F350",6
"Light commercial vehicles","Petrol","FORD","F500",4
"Light commercial vehicles","Petrol","FORD","F550",0
"Light commercial vehicles","Petrol","FORD","F600",6
"Light commercial vehicles","Petrol","FORD","F650",3
"Light commercial vehicles","Petrol","FORD","FALCON",96623
"Light commercial vehicles","Petrol","FORD","FREIGHTER",19
"Light commercial vehicles","Petrol","FORD","FUTURA",0
"Light commercial vehicles","Petrol","FORD","GT",0
"Light commercial vehicles","Petrol","FORD","GT40",0
"Light commercial vehicles","Petrol","FORD","JAILBAR",29
"Light commercial vehicles","Petrol","FORD","JEEP",114
"Light commercial vehicles","Petrol","FORD","LANDAU",3
"Light commercial vehicles","Petrol","FORD","MAINLINE",162
"Light commercial vehicles","Petrol","FORD","MAVERICK",89
"Light commercial vehicles","Petrol","FORD","MERCURY",7
"Light commercial vehicles","Petrol","FORD","MODEL A",242
"Light commercial vehicles","Petrol","FORD","MODEL B",29
"Light commercial vehicles","Petrol","FORD","MODEL C",3
"Light commercial vehicles","Petrol","FORD","MODEL T",93
"Light commercial vehicles","Petrol","FORD","PILOT",3
"Light commercial vehicles","Petrol","FORD","POPULAR",11
"Light commercial vehicles","Petrol","FORD","PREFECT",22
"Light commercial vehicles","Petrol","FORD","RAIDER",3
"Light commercial vehicles","Petrol","FORD","RANCHERO",103
"Light commercial vehicles","Petrol","FORD","RANGER",22770
"Light commercial vehicles","Petrol","FORD","ROADSTER",26
"Light commercial vehicles","Petrol","FORD","SPECTRON",4
"Light commercial vehicles","Petrol","FORD","SUPER DE LUXE",5
"Light commercial vehicles","Petrol","FORD","T-BUCKET",24
"Light commercial vehicles","Petrol","FORD","THAMES",13
"Light commercial vehicles","Petrol","FORD","TRADER",43
"Light commercial vehicles","Petrol","FORD","TRANSIT",1109
"Light commercial vehicles","Petrol","FORD","UNKNOWN",2844
"Light commercial vehicles","Petrol","FORD","V-8",4
"Light commercial vehicles","Petrol","FORD","ZEPHYR",50
"Light commercial vehicles","Petrol","FOTON","TUNLAND",32
"Light commercial vehicles","Petrol","FOTON","UNKNOWN",3
"Light commercial vehicles","Petrol","FOTON","VIEW",3
"Light commercial vehicles","Petrol","GMC","100",11
"Light commercial vehicles","Petrol","GMC","3500",6
"Light commercial vehicles","Petrol","GMC","C10",26
"Light commercial vehicles","Petrol","GMC","C1500",53
"Light commercial vehicles","Petrol","GMC","C2500",10
"Light commercial vehicles","Petrol","GMC","C3500",18
"Light commercial vehicles","Petrol","GMC","K1500",17
"Light commercial vehicles","Petrol","GMC","K2500",3
"Light commercial vehicles","Petrol","GMC","SIERRA",205
"Light commercial vehicles","Petrol","GMC","UNKNOWN",119
"Light commercial vehicles","Petrol","GMC","VANDURA",5
"Light commercial vehicles","Petrol","GOGGOMOBIL","UNKNOWN",0
"Light commercial vehicles","Petrol","GOLDEN DRAGON","UNKNOWN",0
"Light commercial vehicles","Petrol","GRAHAM-PAIGE","UNKNOWN",5
"Light commercial vehicles","Petrol","GREAT WALL","CANNON",101
"Light commercial vehicles","Petrol","GREAT WALL","SAILOR",99
"Light commercial vehicles","Petrol","GREAT WALL","STEED",1608
"Light commercial vehicles","Petrol","GREAT WALL","UNKNOWN",0
"Light commercial vehicles","Petrol","GREAT WALL","V200",104
"Light commercial vehicles","Petrol","GREAT WALL","V240",6780
"Light commercial vehicles","Petrol","HAFLINGER","UNKNOWN",13
"Light commercial vehicles","Petrol","HILLMAN","HUNTER",0
"Light commercial vehicles","Petrol","HILLMAN","UNKNOWN",5
"Light commercial vehicles","Petrol","HOLDEN","48-215",6
"Light commercial vehicles","Petrol","HOLDEN","BEDFORD",14
"Light commercial vehicles","Petrol","HOLDEN","BELMONT",341
"Light commercial vehicles","Petrol","HOLDEN","BERLINA",0
"Light commercial vehicles","Petrol","HOLDEN","COLORADO",5455
"Light commercial vehicles","Petrol","HOLDEN","COMBO",3414
"Light commercial vehicles","Petrol","HOLDEN","COMMODORE",14538
"Light commercial vehicles","Petrol","HOLDEN","COUPE",54
"Light commercial vehicles","Petrol","HOLDEN","CREWMAN",13883
"Light commercial vehicles","Petrol","HOLDEN","DROVER",101
"Light commercial vehicles","Petrol","HOLDEN","EH SERIES",636
"Light commercial vehicles","Petrol","HOLDEN","EJ SERIES",141
"Light commercial vehicles","Petrol","HOLDEN","EK SERIES",222
"Light commercial vehicles","Petrol","HOLDEN","FB SERIES",107
"Light commercial vehicles","Petrol","HOLDEN","FC SERIES",192
"Light commercial vehicles","Petrol","HOLDEN","FE SERIES",66
"Light commercial vehicles","Petrol","HOLDEN","FJ SERIES",526
"Light commercial vehicles","Petrol","HOLDEN","FX SERIES",113
"Light commercial vehicles","Petrol","HOLDEN","GEMINI",71
"Light commercial vehicles","Petrol","HOLDEN","GTS",3
"Light commercial vehicles","Petrol","HOLDEN","HD SERIES",77
"Light commercial vehicles","Petrol","HOLDEN","HG SERIES",334
"Light commercial vehicles","Petrol","HOLDEN","HJ SERIES",1090
"Light commercial vehicles","Petrol","HOLDEN","HK SERIES",168
"Light commercial vehicles","Petrol","HOLDEN","HOLDEN UTILITY",103411
"Light commercial vehicles","Petrol","HOLDEN","HQ SERIES",1794
"Light commercial vehicles","Petrol","HOLDEN","HR SERIES",489
"Light commercial vehicles","Petrol","HOLDEN","HT SERIES",202
"Light commercial vehicles","Petrol","HOLDEN","HX SERIES",736
"Light commercial vehicles","Petrol","HOLDEN","HZ SERIES",1909
"Light commercial vehicles","Petrol","HOLDEN","KINGSWOOD",983
"Light commercial vehicles","Petrol","HOLDEN","ONE TONNER",305
"Light commercial vehicles","Petrol","HOLDEN","PREMIER",10
"Light commercial vehicles","Petrol","HOLDEN","RODEO",56072
"Light commercial vehicles","Petrol","HOLDEN","SANDMAN",124
"Light commercial vehicles","Petrol","HOLDEN","SCURRY",9
"Light commercial vehicles","Petrol","HOLDEN","SHUTTLE",8
"Light commercial vehicles","Petrol","HOLDEN","SPECIAL",4
"Light commercial vehicles","Petrol","HOLDEN","SUBURBAN",3
"Light commercial vehicles","Petrol","HOLDEN","UNKNOWN",5872
"Light commercial vehicles","Petrol","HOLDEN","UTILITY",170
"Light commercial vehicles","Petrol","HOLDEN","VIVA",101
"Light commercial vehicles","Petrol","HOLDEN","WB SERIES",2498
"Light commercial vehicles","Petrol","HOME MADE","ROADSTER",3
"Light commercial vehicles","Petrol","HOME MADE","UNKNOWN",27
"Light commercial vehicles","Petrol","HONDA","ACTY",124
"Light commercial vehicles","Petrol","HONDA","STEP WGN",0
"Light commercial vehicles","Petrol","HONDA","UNKNOWN",35
"Light commercial vehicles","Petrol","HUDSON","SUPER SIX",0
"Light commercial vehicles","Petrol","HUDSON","UNKNOWN",3
"Light commercial vehicles","Petrol","HUMBER","SNIPE",0
"Light commercial vehicles","Petrol","HUMMER","H2",11
"Light commercial vehicles","Petrol","HUPMOBILE","UNKNOWN",0
"Light commercial vehicles","Petrol","HYUNDAI","H-1",13
"Light commercial vehicles","Petrol","HYUNDAI","ILOAD",6609
"Light commercial vehicles","Petrol","HYUNDAI","MIGHTY",0
"Light commercial vehicles","Petrol","HYUNDAI","UNKNOWN",6
"Light commercial vehicles","Petrol","INDEPENDENT CONSTRUCTOR","UNKNOWN",0
"Light commercial vehicles","Petrol","INTERNATIONAL","AA110",13
"Light commercial vehicles","Petrol","INTERNATIONAL","AB110",12
"Light commercial vehicles","Petrol","INTERNATIONAL","AB120",11
"Light commercial vehicles","Petrol","INTERNATIONAL","ACCO 1810",0
"Light commercial vehicles","Petrol","INTERNATIONAL","ACCO 610A",0
"Light commercial vehicles","Petrol","INTERNATIONAL","AL110",11
"Light commercial vehicles","Petrol","INTERNATIONAL","AR110",18
"Light commercial vehicles","Petrol","INTERNATIONAL","AS110",11
"Light commercial vehicles","Petrol","INTERNATIONAL","C1100",20
"Light commercial vehicles","Petrol","INTERNATIONAL","C1300",3
"Light commercial vehicles","Petrol","INTERNATIONAL","D1310",0
"Light commercial vehicles","Petrol","INTERNATIONAL","K SERIES",8
"Light commercial vehicles","Petrol","INTERNATIONAL","SCOUT",23
"Light commercial vehicles","Petrol","INTERNATIONAL","UNKNOWN",266
"Light commercial vehicles","Petrol","ISUZU","BELLETT",0
"Light commercial vehicles","Petrol","ISUZU","D-MAX",1077
"Light commercial vehicles","Petrol","ISUZU","ELF",8
"Light commercial vehicles","Petrol","ISUZU","FTS",3
"Light commercial vehicles","Petrol","ISUZU","NLR",3
"Light commercial vehicles","Petrol","ISUZU","UNKNOWN",43
"Light commercial vehicles","Petrol","ISUZU","VEHICROSS",0
"Light commercial vehicles","Petrol","IVECO","DAILY",32
"Light commercial vehicles","Petrol","JAGUAR","UNKNOWN",0
"Light commercial vehicles","Petrol","JAGUAR","XJ6",4
"Light commercial vehicles","Petrol","JEEP","CHEROKEE",257
"Light commercial vehicles","Petrol","JEEP","CJ-10",9
"Light commercial vehicles","Petrol","JEEP","CJ-5",21
"Light commercial vehicles","Petrol","JEEP","CJ-6",34
"Light commercial vehicles","Petrol","JEEP","CJ-7",40
"Light commercial vehicles","Petrol","JEEP","CJ-8",6
"Light commercial vehicles","Petrol","JEEP","CJ SERIES",11
"Light commercial vehicles","Petrol","JEEP","COMMANDER",0
"Light commercial vehicles","Petrol","JEEP","GLADIATOR",4367
"Light commercial vehicles","Petrol","JEEP","J SERIES",24
"Light commercial vehicles","Petrol","JEEP","J10",8
"Light commercial vehicles","Petrol","JEEP","J20",14
"Light commercial vehicles","Petrol","JEEP","UNKNOWN",186
"Light commercial vehicles","Petrol","JEEP","WILLYS",6
"Light commercial vehicles","Petrol","JEEP","WRANGLER",291
"Light commercial vehicles","Petrol","JINBEI","UNKNOWN",3
"Light commercial vehicles","Petrol","JMC","UNKNOWN",62
"Light commercial vehicles","Petrol","JOWETT","UNKNOWN",5
"Light commercial vehicles","Petrol","KARRIER","UNKNOWN",3
"Light commercial vehicles","Petrol","KIA","CARENS",3
"Light commercial vehicles","Petrol","KIA","CERES",6
"Light commercial vehicles","Petrol","KIA","K2700",78
"Light commercial vehicles","Petrol","KIA","K2900",42
"Light commercial vehicles","Petrol","KIA","PREGIO",127
"Light commercial vehicles","Petrol","KIA","SORENTO",4
"Light commercial vehicles","Petrol","LADA","NIVA",11
"Light commercial vehicles","Petrol","LAND ROVER","101",11
"Light commercial vehicles","Petrol","LAND ROVER","109",30
"Light commercial vehicles","Petrol","LAND ROVER","110",35
"Light commercial vehicles","Petrol","LAND ROVER","2A",187
"Light commercial vehicles","Petrol","LAND ROVER","75",3
"Light commercial vehicles","Petrol","LAND ROVER","80",7
"Light commercial vehicles","Petrol","LAND ROVER","88",24
"Light commercial vehicles","Petrol","LAND ROVER","COUNTY",0
"Light commercial vehicles","Petrol","LAND ROVER","DEFENDER",123
"Light commercial vehicles","Petrol","LAND ROVER","MINI",0
"Light commercial vehicles","Petrol","LAND ROVER","PERENTIE",0
"Light commercial vehicles","Petrol","LAND ROVER","RANGE ROVER",3
"Light commercial vehicles","Petrol","LAND ROVER","SERIES 1",153
"Light commercial vehicles","Petrol","LAND ROVER","SERIES 2",114
"Light commercial vehicles","Petrol","LAND ROVER","SERIES 3",274
"Light commercial vehicles","Petrol","LAND ROVER","UNKNOWN",994
"Light commercial vehicles","Petrol","LAND ROVER","VANDEN PLAS",3
"Light commercial vehicles","Petrol","LDV","DELIVER 9",15
"Light commercial vehicles","Petrol","LDV","G10",2232
"Light commercial vehicles","Petrol","LDV","T60",252
"Light commercial vehicles","Petrol","LDV","UNKNOWN",0
"Light commercial vehicles","Petrol","LDV","V80",32
"Light commercial vehicles","Petrol","LEYLAND","MASTIFF",0
"Light commercial vehicles","Petrol","LEYLAND","MINI CLUBMAN",0
"Light commercial vehicles","Petrol","LEYLAND","MINI MOKE",638
"Light commercial vehicles","Petrol","LEYLAND","MOKE CALIFORNIAN",3
"Light commercial vehicles","Petrol","LEYLAND","P76",3
"Light commercial vehicles","Petrol","LEYLAND","RANGE ROVER",104
"Light commercial vehicles","Petrol","LEYLAND","UNKNOWN",193
"Light commercial vehicles","Petrol","LINCOLN","TOWN CAR",0
"Light commercial vehicles","Petrol","LINCOLN","UNKNOWN",4
"Light commercial vehicles","Petrol","LOTUS","ELISE",3
"Light commercial vehicles","Petrol","MACK","B61",3
"Light commercial vehicles","Petrol","MACK","UNKNOWN",0
"Light commercial vehicles","Petrol","MAHINDRA","GENIO",3
"Light commercial vehicles","Petrol","MAHINDRA","PIK-UP",9
"Light commercial vehicles","Petrol","MAHINDRA","PIKUP",15
"Light commercial vehicles","Petrol","MAHINDRA","UNKNOWN",4
"Light commercial vehicles","Petrol","MAZDA","1000",81
"Light commercial vehicles","Petrol","MAZDA","1500",3
"Light commercial vehicles","Petrol","MAZDA","1600",0
"Light commercial vehicles","Petrol","MAZDA","1800",3
"Light commercial vehicles","Petrol","MAZDA","AUTOZAM",0
"Light commercial vehicles","Petrol","MAZDA","B1600",21
"Light commercial vehicles","Petrol","MAZDA","B1800",27
"Light commercial vehicles","Petrol","MAZDA","B2000",113
"Light commercial vehicles","Petrol","MAZDA","B2200",281
"Light commercial vehicles","Petrol","MAZDA","B2500",808
"Light commercial vehicles","Petrol","MAZDA","B2600",13955
"Light commercial vehicles","Petrol","MAZDA","B3000",350
"Light commercial vehicles","Petrol","MAZDA","B3200",234
"Light commercial vehicles","Petrol","MAZDA","B4000",794
"Light commercial vehicles","Petrol","MAZDA","BONGO",14
"Light commercial vehicles","Petrol","MAZDA","BT-50",0
"Light commercial vehicles","Petrol","MAZDA","E1600",6
"Light commercial vehicles","Petrol","MAZDA","E1800",537
"Light commercial vehicles","Petrol","MAZDA","E2000",2718
"Light commercial vehicles","Petrol","MAZDA","E2200",11
"Light commercial vehicles","Petrol","MAZDA","E2500",13
"Light commercial vehicles","Petrol","MAZDA","FAMILIA",3
"Light commercial vehicles","Petrol","MAZDA","T2000",3
"Light commercial vehicles","Petrol","MAZDA","T3000",3
"Light commercial vehicles","Petrol","MAZDA","T3500",5
"Light commercial vehicles","Petrol","MAZDA","T4000",3
"Light commercial vehicles","Petrol","MAZDA","TITAN",6
"Light commercial vehicles","Petrol","MAZDA","UNKNOWN",320
"Light commercial vehicles","Petrol","MERCEDES-BENZ","GLS600",41
"Light commercial vehicles","Petrol","MERCEDES-BENZ","MB100",215
"Light commercial vehicles","Petrol","MERCEDES-BENZ","MB140",52
"Light commercial vehicles","Petrol","MERCEDES-BENZ","SPRINTER",75
"Light commercial vehicles","Petrol","MERCEDES-BENZ","UNIMOG",4
"Light commercial vehicles","Petrol","MERCEDES-BENZ","UNKNOWN",9
"Light commercial vehicles","Petrol","MERCEDES-BENZ","V-CLASS",12
"Light commercial vehicles","Petrol","MERCEDES-BENZ","VITO",399
"Light commercial vehicles","Petrol","MERCURY","UNKNOWN",4
"Light commercial vehicles","Petrol","MG","MG Y",0
"Light commercial vehicles","Petrol","MINI","MINI MOKE",10
"Light commercial vehicles","Petrol","MINI","MINOR",0
"Light commercial vehicles","Petrol","MINI","UNKNOWN",3
"Light commercial vehicles","Petrol","MITSUBISHI","DELICA",239
"Light commercial vehicles","Petrol","MITSUBISHI","EXPRESS",13793
"Light commercial vehicles","Petrol","MITSUBISHI","JEEP",3
"Light commercial vehicles","Petrol","MITSUBISHI","L200 EXPRESS",111
"Light commercial vehicles","Petrol","MITSUBISHI","L300 EXPRESS",34
"Light commercial vehicles","Petrol","MITSUBISHI","MINICAB",16
"Light commercial vehicles","Petrol","MITSUBISHI","STARWAGON",112
"Light commercial vehicles","Petrol","MITSUBISHI","TRITON",48781
"Light commercial vehicles","Petrol","MITSUBISHI","UNKNOWN",274
"Light commercial vehicles","Petrol","MORRIS","8",17
"Light commercial vehicles","Petrol","MORRIS","850",8
"Light commercial vehicles","Petrol","MORRIS","CLUBMAN",0
"Light commercial vehicles","Petrol","MORRIS","COMMERCIAL J-TYPE",14
"Light commercial vehicles","Petrol","MORRIS","COMMERCIAL LC3",34
"Light commercial vehicles","Petrol","MORRIS","COWLEY",5
"Light commercial vehicles","Petrol","MORRIS","MAJOR",3
"Light commercial vehicles","Petrol","MORRIS","MINI",100
"Light commercial vehicles","Petrol","MORRIS","MINI MATIC",3
"Light commercial vehicles","Petrol","MORRIS","MINI MOKE",29
"Light commercial vehicles","Petrol","MORRIS","MINOR",300
"Light commercial vehicles","Petrol","MORRIS","MINOR 1000",29
"Light commercial vehicles","Petrol","MORRIS","OXFORD",4
"Light commercial vehicles","Petrol","MORRIS","UNKNOWN",238
"Light commercial vehicles","Petrol","NASH","UNKNOWN",3
"Light commercial vehicles","Petrol","NISSAN","1200",92
"Light commercial vehicles","Petrol","NISSAN","720",131
"Light commercial vehicles","Petrol","NISSAN","ATLAS",17
"Light commercial vehicles","Petrol","NISSAN","B120",35
"Light commercial vehicles","Petrol","NISSAN","CABSTAR",8
"Light commercial vehicles","Petrol","NISSAN","CARAVAN",4
"Light commercial vehicles","Petrol","NISSAN","CONDOR",3
"Light commercial vehicles","Petrol","NISSAN","E25",15
"Light commercial vehicles","Petrol","NISSAN","ELGRAND",88
"Light commercial vehicles","Petrol","NISSAN","HOMY",0
"Light commercial vehicles","Petrol","NISSAN","LAUREL",0
"Light commercial vehicles","Petrol","NISSAN","NAVARA",14964
"Light commercial vehicles","Petrol","NISSAN","NOMAD",9
"Light commercial vehicles","Petrol","NISSAN","NV200",4
"Light commercial vehicles","Petrol","NISSAN","NV350",37
"Light commercial vehicles","Petrol","NISSAN","PATROL",1638
"Light commercial vehicles","Petrol","NISSAN","S-CARGO",99
"Light commercial vehicles","Petrol","NISSAN","SERENA",5
"Light commercial vehicles","Petrol","NISSAN","SUNNY",11
"Light commercial vehicles","Petrol","NISSAN","TITAN",6
"Light commercial vehicles","Petrol","NISSAN","UNKNOWN",637
"Light commercial vehicles","Petrol","NISSAN","URVAN",238
"Light commercial vehicles","Petrol","NISSAN","VANETTE",60
"Light commercial vehicles","Petrol","NISSAN","X-TRAIL",3
"Light commercial vehicles","Petrol","OKA","LT SERIES",0
"Light commercial vehicles","Petrol","OLDSMOBILE","UNKNOWN",10
"Light commercial vehicles","Petrol","OLIVER","UNKNOWN",0
"Light commercial vehicles","Petrol","OVERLAND","UNKNOWN",7
"Light commercial vehicles","Petrol","PACKARD","UNKNOWN",3
"Light commercial vehicles","Petrol","PEUGEOT","203",0
"Light commercial vehicles","Petrol","PEUGEOT","403",0
"Light commercial vehicles","Petrol","PEUGEOT","404",15
"Light commercial vehicles","Petrol","PEUGEOT","504",3
"Light commercial vehicles","Petrol","PEUGEOT","EXPERT",3
"Light commercial vehicles","Petrol","PEUGEOT","PARTNER",1645
"Light commercial vehicles","Petrol","PEUGEOT","SUPER SONIC",0
"Light commercial vehicles","Petrol","PEUGEOT","UNKNOWN",10
"Light commercial vehicles","Petrol","PIAGGIO","APE50",50
"Light commercial vehicles","Petrol","PLYMOUTH","CRANBROOK",0
"Light commercial vehicles","Petrol","PLYMOUTH","UNKNOWN",14
"Light commercial vehicles","Petrol","PONTIAC","PARISIENNE",0
"Light commercial vehicles","Petrol","PONTIAC","UNKNOWN",6
"Light commercial vehicles","Petrol","PROTON","JUMBUCK",3248
"Light commercial vehicles","Petrol","PUCH","UNKNOWN",3
"Light commercial vehicles","Petrol","RAM","1500",19648
"Light commercial vehicles","Petrol","RENAULT","CAPTUR",290
"Light commercial vehicles","Petrol","RENAULT","KANGOO",5279
"Light commercial vehicles","Petrol","RENAULT","MASTER",42
"Light commercial vehicles","Petrol","RENAULT","TRAFIC",65
"Light commercial vehicles","Petrol","REO","UNKNOWN",7
"Light commercial vehicles","Petrol","RILEY","RMA",3
"Light commercial vehicles","Petrol","ROLLS-ROYCE","UNKNOWN",3
"Light commercial vehicles","Petrol","RUGBY","UNKNOWN",7
"Light commercial vehicles","Petrol","SINGER","UNKNOWN",0
"Light commercial vehicles","Petrol","SMC","UNKNOWN",0
"Light commercial vehicles","Petrol","SNORKEL","UNKNOWN",3
"Light commercial vehicles","Petrol","SSANGYONG","ACTYON",27
"Light commercial vehicles","Petrol","SSANGYONG","MUSSO",54
"Light commercial vehicles","Petrol","STANDARD","UNKNOWN",8
"Light commercial vehicles","Petrol","STANDARD","VANGUARD",16
"Light commercial vehicles","Petrol","STEYR","UNKNOWN",7
"Light commercial vehicles","Petrol","STEYR-PUCH","UNKNOWN",0
"Light commercial vehicles","Petrol","STONEY CREEK CAMPERS","UNKNOWN",0
"Light commercial vehicles","Petrol","STUDEBAKER","CHAMPION",7
"Light commercial vehicles","Petrol","STUDEBAKER","UNKNOWN",36
"Light commercial vehicles","Petrol","STUDEBAKER","US6",3
"Light commercial vehicles","Petrol","SUBARU","1800",74
"Light commercial vehicles","Petrol","SUBARU","BRUMBY",3356
"Light commercial vehicles","Petrol","SUBARU","FIORI",28
"Light commercial vehicles","Petrol","SUBARU","LEONE",3
"Light commercial vehicles","Petrol","SUBARU","REX",13
"Light commercial vehicles","Petrol","SUBARU","SAMBAR",54
"Light commercial vehicles","Petrol","SUBARU","SHERPA",16
"Light commercial vehicles","Petrol","SUBARU","UNKNOWN",233
"Light commercial vehicles","Petrol","SUZUKI","APV",3749
"Light commercial vehicles","Petrol","SUZUKI","CARRY",1314
"Light commercial vehicles","Petrol","SUZUKI","EVERY",40
"Light commercial vehicles","Petrol","SUZUKI","GRAND VITARA",3
"Light commercial vehicles","Petrol","SUZUKI","HATCH",18
"Light commercial vehicles","Petrol","SUZUKI","JIMNY",120
"Light commercial vehicles","Petrol","SUZUKI","LJ50",23
"Light commercial vehicles","Petrol","SUZUKI","MIGHTY BOY",261
"Light commercial vehicles","Petrol","SUZUKI","SIERRA",2986
"Light commercial vehicles","Petrol","SUZUKI","SIERRA STOCKMAN",16
"Light commercial vehicles","Petrol","SUZUKI","SPACIA",0
"Light commercial vehicles","Petrol","SUZUKI","SUPER CARRY",28
"Light commercial vehicles","Petrol","SUZUKI","SX4",3
"Light commercial vehicles","Petrol","SUZUKI","UNKNOWN",583
"Light commercial vehicles","Petrol","SUZUKI","VITARA",895
"Light commercial vehicles","Petrol","SUZUKI","X-90",4
"Light commercial vehicles","Petrol","SYM","UNKNOWN",0
"Light commercial vehicles","Petrol","TATA","UNKNOWN",0
"Light commercial vehicles","Petrol","TATA","XENON",11
"Light commercial vehicles","Petrol","TOYOTA","ALPHARD",117
"Light commercial vehicles","Petrol","TOYOTA","BB",3
"Light commercial vehicles","Petrol","TOYOTA","CAMROAD",0
"Light commercial vehicles","Petrol","TOYOTA","COMMODORE",3
"Light commercial vehicles","Petrol","TOYOTA","COMMUTER",13366
"Light commercial vehicles","Petrol","TOYOTA","CRUISER",3
"Light commercial vehicles","Petrol","TOYOTA","DYNA",0
"Light commercial vehicles","Petrol","TOYOTA","ESTIMA",77
"Light commercial vehicles","Petrol","TOYOTA","HIACE",47568
"Light commercial vehicles","Petrol","TOYOTA","HILUX",242752
"Light commercial vehicles","Petrol","TOYOTA","LANDCRUISER",5609
"Light commercial vehicles","Petrol","TOYOTA","LITEACE",153
"Light commercial vehicles","Petrol","TOYOTA","NOAH",50
"Light commercial vehicles","Petrol","TOYOTA","PORTE",0
"Light commercial vehicles","Petrol","TOYOTA","RACTIS",3
"Light commercial vehicles","Petrol","TOYOTA","REGIUS",5
"Light commercial vehicles","Petrol","TOYOTA","SIENTA",0
"Light commercial vehicles","Petrol","TOYOTA","SPACIA",65
"Light commercial vehicles","Petrol","TOYOTA","SPADE",3
"Light commercial vehicles","Petrol","TOYOTA","STOUT",54
"Light commercial vehicles","Petrol","TOYOTA","TOWNACE",3736
"Light commercial vehicles","Petrol","TOYOTA","TOYOACE",20
"Light commercial vehicles","Petrol","TOYOTA","TROOP CARRIER",0
"Light commercial vehicles","Petrol","TOYOTA","TUNDRA",478
"Light commercial vehicles","Petrol","TOYOTA","UNKNOWN",2539
"Light commercial vehicles","Petrol","TOYOTA","VELLFIRE",36
"Light commercial vehicles","Petrol","TOYOTA","VOXY",18
"Light commercial vehicles","Petrol","UNKNOWN","ROADSTER",0
"Light commercial vehicles","Petrol","UNKNOWN","UNKNOWN",108
"Light commercial vehicles","Petrol","VALIANT","REGAL",0
"Light commercial vehicles","Petrol","VALIANT","UNKNOWN",22
"Light commercial vehicles","Petrol","VANGUARD","UNKNOWN",8
"Light commercial vehicles","Petrol","VAUXHALL","ASTRA",0
"Light commercial vehicles","Petrol","VAUXHALL","UNKNOWN",13
"Light commercial vehicles","Petrol","VAUXHALL","VELOX",23
"Light commercial vehicles","Petrol","VOLKSWAGEN","AMAROK",961
"Light commercial vehicles","Petrol","VOLKSWAGEN","CADDY",9770
"Light commercial vehicles","Petrol","VOLKSWAGEN","CAMPERVAN",7
"Light commercial vehicles","Petrol","VOLKSWAGEN","CARAVELLE",65
"Light commercial vehicles","Petrol","VOLKSWAGEN","CITIVAN",5
"Light commercial vehicles","Petrol","VOLKSWAGEN","COUNTRY BUGGY",9
"Light commercial vehicles","Petrol","VOLKSWAGEN","CRAFTER",5
"Light commercial vehicles","Petrol","VOLKSWAGEN","KOMBI",1688
"Light commercial vehicles","Petrol","VOLKSWAGEN","LT",5
"Light commercial vehicles","Petrol","VOLKSWAGEN","LT35",4
"Light commercial vehicles","Petrol","VOLKSWAGEN","MEYERS MANX",5
"Light commercial vehicles","Petrol","VOLKSWAGEN","MICROBUS",22
"Light commercial vehicles","Petrol","VOLKSWAGEN","MULTIVAN",10
"Light commercial vehicles","Petrol","VOLKSWAGEN","SAFARI",0
"Light commercial vehicles","Petrol","VOLKSWAGEN","T3",6
"Light commercial vehicles","Petrol","VOLKSWAGEN","TRANSPORTER",3425
"Light commercial vehicles","Petrol","VOLKSWAGEN","TYPE 1",4
"Light commercial vehicles","Petrol","VOLKSWAGEN","TYPE 2",20
"Light commercial vehicles","Petrol","VOLKSWAGEN","TYPE 3",0
"Light commercial vehicles","Petrol","VOLKSWAGEN","TYPE70C",12
"Light commercial vehicles","Petrol","VOLKSWAGEN","UNKNOWN",1125
"Light commercial vehicles","Petrol","VOLVO","245",6
"Light commercial vehicles","Petrol","VOLVO","UNKNOWN",4
"Light commercial vehicles","Petrol","WHIPPET","UNKNOWN",3
"Light commercial vehicles","Petrol","WHITE","UNKNOWN",0
"Light commercial vehicles","Petrol","WILLYS","77",3
"Light commercial vehicles","Petrol","WILLYS","JEEP",183
"Light commercial vehicles","Petrol","WILLYS","KNIGHT",0
"Light commercial vehicles","Petrol","WILLYS","OVERLAND",8
"Light commercial vehicles","Petrol","WILLYS","UNKNOWN",177
"Light commercial vehicles","Petrol","WILLYS","WHIPPET",4
"Light commercial vehicles","Petrol","ZETA","UNKNOWN",3
"Light commercial vehicles","Petrol","ZX AUTO","GRAND TIGER",94
"Light commercial vehicles","Diesel","AGRALE MARRUA","UNKNOWN",3
"Light commercial vehicles","Diesel","AM GENERAL","UNKNOWN",13
"Light commercial vehicles","Diesel","ASIA MOTORS","COMBI",3
"Light commercial vehicles","Diesel","ASIA MOTORS","ROCSTA",13
"Light commercial vehicles","Diesel","ASIA MOTORS","UNKNOWN",7
"Light commercial vehicles","Diesel","BEDFORD","A SERIES",3
"Light commercial vehicles","Diesel","BEDFORD","CF",0
"Light commercial vehicles","Diesel","BEDFORD","J1",0
"Light commercial vehicles","Diesel","BEDFORD","K SERIES",0
"Light commercial vehicles","Diesel","BEDFORD","TJ",3
"Light commercial vehicles","Diesel","BEDFORD","UNKNOWN",3
"Light commercial vehicles","Diesel","BEDFORD-ISUZU","UNKNOWN",4
"Light commercial vehicles","Diesel","BMC","UNKNOWN",0
"Light commercial vehicles","Diesel","CHEVROLET","150",0
"Light commercial vehicles","Diesel","CHEVROLET","3500",3
"Light commercial vehicles","Diesel","CHEVROLET","BLAZER",3
"Light commercial vehicles","Diesel","CHEVROLET","BLITZ",0
"Light commercial vehicles","Diesel","CHEVROLET","C/K",5
"Light commercial vehicles","Diesel","CHEVROLET","C10",0
"Light commercial vehicles","Diesel","CHEVROLET","C1500",7
"Light commercial vehicles","Diesel","CHEVROLET","C20",3
"Light commercial vehicles","Diesel","CHEVROLET","C2500",8
"Light commercial vehicles","Diesel","CHEVROLET","C30",10
"Light commercial vehicles","Diesel","CHEVROLET","C3500",11
"Light commercial vehicles","Diesel","CHEVROLET","EXPRESS",3
"Light commercial vehicles","Diesel","CHEVROLET","K10",0
"Light commercial vehicles","Diesel","CHEVROLET","K1500",11
"Light commercial vehicles","Diesel","CHEVROLET","K20",0
"Light commercial vehicles","Diesel","CHEVROLET","K2500",40
"Light commercial vehicles","Diesel","CHEVROLET","K3500",0
"Light commercial vehicles","Diesel","CHEVROLET","LOADMASTER",3
"Light commercial vehicles","Diesel","CHEVROLET","MASTER",3
"Light commercial vehicles","Diesel","CHEVROLET","SIERRA",4
"Light commercial vehicles","Diesel","CHEVROLET","SILVERADO",2143
"Light commercial vehicles","Diesel","CHEVROLET","SUBURBAN",3
"Light commercial vehicles","Diesel","CHEVROLET","UNKNOWN",34
"Light commercial vehicles","Diesel","CHRYSLER","D5N",0
"Light commercial vehicles","Diesel","CHRYSLER","DODGE",3
"Light commercial vehicles","Diesel","CHRYSLER","UNKNOWN",3
"Light commercial vehicles","Diesel","CITROEN","BERLINGO",1694
"Light commercial vehicles","Diesel","CITROEN","C4",0
"Light commercial vehicles","Diesel","CITROEN","DISPATCH",111
"Light commercial vehicles","Diesel","CITROEN","UNKNOWN",0
"Light commercial vehicles","Diesel","COMMER","SUPERPOISE",3
"Light commercial vehicles","Diesel","CUSTOM MADE","UNKNOWN",9
"Light commercial vehicles","Diesel","DAEWOO","UNKNOWN",3
"Light commercial vehicles","Diesel","DAF","UNKNOWN",3
"Light commercial vehicles","Diesel","DAIHATSU","DELTA",136
"Light commercial vehicles","Diesel","DAIHATSU","FEROZA",21
"Light commercial vehicles","Diesel","DAIHATSU","ROCKY",407
"Light commercial vehicles","Diesel","DAIHATSU","SCAT",48
"Light commercial vehicles","Diesel","DAIHATSU","TAFT",36
"Light commercial vehicles","Diesel","DAIHATSU","UNKNOWN",181
"Light commercial vehicles","Diesel","DAIMLER","UNKNOWN",0
"Light commercial vehicles","Diesel","DATSUN","720",20
"Light commercial vehicles","Diesel","DATSUN","ONE TON",0
"Light commercial vehicles","Diesel","DATSUN","PATROL",32
"Light commercial vehicles","Diesel","DATSUN","UNKNOWN",60
"Light commercial vehicles","Diesel","DATSUN","URVAN",3
"Light commercial vehicles","Diesel","DE DION-BOUTON","UNKNOWN",3
"Light commercial vehicles","Diesel","DE SOTO","UNKNOWN",3
"Light commercial vehicles","Diesel","DIAMOND T","UNKNOWN",3
"Light commercial vehicles","Diesel","DODGE","AT4",3
"Light commercial vehicles","Diesel","DODGE","D5N",3
"Light commercial vehicles","Diesel","DODGE","FARGO",0
"Light commercial vehicles","Diesel","DODGE","RAM 1500",188
"Light commercial vehicles","Diesel","DODGE","RAM 2500",98
"Light commercial vehicles","Diesel","DODGE","UNKNOWN",16
"Light commercial vehicles","Diesel","DODGE","WC-51",0
"Light commercial vehicles","Diesel","DONGFENG","UNKNOWN",3
"Light commercial vehicles","Diesel","FIAT","DOBLO",388
"Light commercial vehicles","Diesel","FIAT","DUCATO",1535
"Light commercial vehicles","Diesel","FIAT","SCUDO",948
"Light commercial vehicles","Diesel","FIAT","UNKNOWN",26
"Light commercial vehicles","Diesel","FIAT","X1/9",0
"Light commercial vehicles","Diesel","FORD","BRONCO",6
"Light commercial vehicles","Diesel","FORD","CARGO",3
"Light commercial vehicles","Diesel","FORD","COURIER",14745
"Light commercial vehicles","Diesel","FORD","CUSTOM",0
"Light commercial vehicles","Diesel","FORD","ECONOLINE",0
"Light commercial vehicles","Diesel","FORD","ECONOVAN",77
"Light commercial vehicles","Diesel","FORD","ESCORT",0
"Light commercial vehicles","Diesel","FORD","F SERIES",4
"Light commercial vehicles","Diesel","FORD","F100",115
"Light commercial vehicles","Diesel","FORD","F150",200
"Light commercial vehicles","Diesel","FORD","F250",865
"Light commercial vehicles","Diesel","FORD","F350",3
"Light commercial vehicles","Diesel","FORD","F450",4
"Light commercial vehicles","Diesel","FORD","F550",6
"Light commercial vehicles","Diesel","FORD","F600",0
"Light commercial vehicles","Diesel","FORD","FALCON",83
"Light commercial vehicles","Diesel","FORD","FREIGHTER",3
"Light commercial vehicles","Diesel","FORD","GRAN TORINO",3
"Light commercial vehicles","Diesel","FORD","JAILBAR",4
"Light commercial vehicles","Diesel","FORD","MAVERICK",750
"Light commercial vehicles","Diesel","FORD","RANGER",526435
"Light commercial vehicles","Diesel","FORD","SPECTRON",0
"Light commercial vehicles","Diesel","FORD","TRADER",586
"Light commercial vehicles","Diesel","FORD","TRANSIT",29312
"Light commercial vehicles","Diesel","FORD","UNKNOWN",317
"Light commercial vehicles","Diesel","FOTON","TUNLAND",2503
"Light commercial vehicles","Diesel","FOTON","UNKNOWN",8
"Light commercial vehicles","Diesel","FOTON","VIEW",20
"Light commercial vehicles","Diesel","FUSO","CANTER",51
"Light commercial vehicles","Diesel","FUSO","FK",0
"Light commercial vehicles","Diesel","GMC","100",0
"Light commercial vehicles","Diesel","GMC","3500",0
"Light commercial vehicles","Diesel","GMC","C2500",47
"Light commercial vehicles","Diesel","GMC","C3500",83
"Light commercial vehicles","Diesel","GMC","K2500",6
"Light commercial vehicles","Diesel","GMC","SIERRA",675
"Light commercial vehicles","Diesel","GMC","UNKNOWN",7
"Light commercial vehicles","Diesel","GMC","VANDURA",3
"Light commercial vehicles","Diesel","GREAT WALL","CANNON",33512
"Light commercial vehicles","Diesel","GREAT WALL","POER",58
"Light commercial vehicles","Diesel","GREAT WALL","STEED",3713
"Light commercial vehicles","Diesel","GREAT WALL","V200",4444
"Light commercial vehicles","Diesel","GREAT WALL","V240",50
"Light commercial vehicles","Diesel","HINO","FF",4
"Light commercial vehicles","Diesel","HINO","FT",3
"Light commercial vehicles","Diesel","HOLDEN","BELMONT",0
"Light commercial vehicles","Diesel","HOLDEN","COLORADO",170734
"Light commercial vehicles","Diesel","HOLDEN","COMBO",0
"Light commercial vehicles","Diesel","HOLDEN","COMMODORE",9
"Light commercial vehicles","Diesel","HOLDEN","CREWMAN",7
"Light commercial vehicles","Diesel","HOLDEN","EH SERIES",0
"Light commercial vehicles","Diesel","HOLDEN","GEMINI",3
"Light commercial vehicles","Diesel","HOLDEN","HG SERIES",0
"Light commercial vehicles","Diesel","HOLDEN","HK SERIES",3
"Light commercial vehicles","Diesel","HOLDEN","HOLDEN UTILITY",28
"Light commercial vehicles","Diesel","HOLDEN","HQ SERIES",3
"Light commercial vehicles","Diesel","HOLDEN","HZ SERIES",3
"Light commercial vehicles","Diesel","HOLDEN","ONE TONNER",0
"Light commercial vehicles","Diesel","HOLDEN","RODEO",49928
"Light commercial vehicles","Diesel","HOLDEN","SUBURBAN",3
"Light commercial vehicles","Diesel","HOLDEN","UNKNOWN",57
"Light commercial vehicles","Diesel","HOLDEN","UTILITY",0
"Light commercial vehicles","Diesel","HOLDEN","WB SERIES",7
"Light commercial vehicles","Diesel","HOME MADE","UNKNOWN",3
"Light commercial vehicles","Diesel","HUMMER","H1",9
"Light commercial vehicles","Diesel","HUMMER","HMC4",12
"Light commercial vehicles","Diesel","HUMMER","UNKNOWN",5
"Light commercial vehicles","Diesel","HYUNDAI","H-1",34
"Light commercial vehicles","Diesel","HYUNDAI","ILOAD",46839
"Light commercial vehicles","Diesel","HYUNDAI","MIGHTY",136
"Light commercial vehicles","Diesel","HYUNDAI","STARIA",10013
"Light commercial vehicles","Diesel","HYUNDAI","UNKNOWN",40
"Light commercial vehicles","Diesel","IBC","UNKNOWN",0
"Light commercial vehicles","Diesel","INEOS","GRENADIER",15
"Light commercial vehicles","Diesel","INTERNATIONAL","AA110",3
"Light commercial vehicles","Diesel","INTERNATIONAL","AR110",3
"Light commercial vehicles","Diesel","INTERNATIONAL","AS110",3
"Light commercial vehicles","Diesel","INTERNATIONAL","C1100",3
"Light commercial vehicles","Diesel","INTERNATIONAL","SCOUT",0
"Light commercial vehicles","Diesel","INTERNATIONAL","TRANSTAR",0
"Light commercial vehicles","Diesel","INTERNATIONAL","UNKNOWN",37
"Light commercial vehicles","Diesel","ISUZU","D-MAX",242501
"Light commercial vehicles","Diesel","ISUZU","ELF",97
"Light commercial vehicles","Diesel","ISUZU","FSD",3
"Light commercial vehicles","Diesel","ISUZU","FSS",0
"Light commercial vehicles","Diesel","ISUZU","FTS",4
"Light commercial vehicles","Diesel","ISUZU","JCR",3
"Light commercial vehicles","Diesel","ISUZU","MU-X",3
"Light commercial vehicles","Diesel","ISUZU","N SERIES",78
"Light commercial vehicles","Diesel","ISUZU","NKR",3
"Light commercial vehicles","Diesel","ISUZU","NLR",8
"Light commercial vehicles","Diesel","ISUZU","NLS",0
"Light commercial vehicles","Diesel","ISUZU","NNR",7
"Light commercial vehicles","Diesel","ISUZU","NPR",13
"Light commercial vehicles","Diesel","ISUZU","NPS",3
"Light commercial vehicles","Diesel","ISUZU","NRR",3
"Light commercial vehicles","Diesel","ISUZU","TLD",5
"Light commercial vehicles","Diesel","ISUZU","UNKNOWN",505
"Light commercial vehicles","Diesel","IVECO","DAILY",2530
"Light commercial vehicles","Diesel","IVECO","UNKNOWN",9
"Light commercial vehicles","Diesel","JAC","N721",0
"Light commercial vehicles","Diesel","JAC","T9",293
"Light commercial vehicles","Diesel","JAC","UNKNOWN",5
"Light commercial vehicles","Diesel","JAGUAR","UNKNOWN",3
"Light commercial vehicles","Diesel","JEEP","CHEROKEE",7
"Light commercial vehicles","Diesel","JEEP","CJ-10",5
"Light commercial vehicles","Diesel","JEEP","CJ-7",3
"Light commercial vehicles","Diesel","JEEP","CJ-8",0
"Light commercial vehicles","Diesel","JEEP","GLADIATOR",4
"Light commercial vehicles","Diesel","JEEP","J SERIES",10
"Light commercial vehicles","Diesel","JEEP","J10",11
"Light commercial vehicles","Diesel","JEEP","J20",3
"Light commercial vehicles","Diesel","JEEP","UNKNOWN",30
"Light commercial vehicles","Diesel","JEEP","WRANGLER",3
"Light commercial vehicles","Diesel","JMC","UNKNOWN",212
"Light commercial vehicles","Diesel","KENWORTH","W924",3
"Light commercial vehicles","Diesel","KIA","CERES",114
"Light commercial vehicles","Diesel","KIA","K2700",1850
"Light commercial vehicles","Diesel","KIA","K2900",1323
"Light commercial vehicles","Diesel","KIA","K4",0
"Light commercial vehicles","Diesel","KIA","PREGIO",2079
"Light commercial vehicles","Diesel","KIA","SORENTO",454
"Light commercial vehicles","Diesel","KIA","TASMAN",12
"Light commercial vehicles","Diesel","KTM","UNKNOWN",0
"Light commercial vehicles","Diesel","LAND ROVER","101",3
"Light commercial vehicles","Diesel","LAND ROVER","109",7
"Light commercial vehicles","Diesel","LAND ROVER","110",293
"Light commercial vehicles","Diesel","LAND ROVER","2A",17
"Light commercial vehicles","Diesel","LAND ROVER","88",3
"Light commercial vehicles","Diesel","LAND ROVER","COUNTY",0
"Light commercial vehicles","Diesel","LAND ROVER","DEFENDER",3831
"Light commercial vehicles","Diesel","LAND ROVER","MILITARY",15
"Light commercial vehicles","Diesel","LAND ROVER","PERENTIE",65
"Light commercial vehicles","Diesel","LAND ROVER","SERIES 1",8
"Light commercial vehicles","Diesel","LAND ROVER","SERIES 2",5
"Light commercial vehicles","Diesel","LAND ROVER","SERIES 3",51
"Light commercial vehicles","Diesel","LAND ROVER","UNKNOWN",762
"Light commercial vehicles","Diesel","LDV","DELIVER 7",141
"Light commercial vehicles","Diesel","LDV","DELIVER 9",1820
"Light commercial vehicles","Diesel","LDV","EDELIVER 7",0
"Light commercial vehicles","Diesel","LDV","G10",15656
"Light commercial vehicles","Diesel","LDV","T60",38851
"Light commercial vehicles","Diesel","LDV","UNKNOWN",57
"Light commercial vehicles","Diesel","LDV","V80",4081
"Light commercial vehicles","Diesel","LEYLAND","RANGE ROVER",18
"Light commercial vehicles","Diesel","LEYLAND","UNKNOWN",14
"Light commercial vehicles","Diesel","MACK","UNKNOWN",4
"Light commercial vehicles","Diesel","MAHINDRA","GENIO",185
"Light commercial vehicles","Diesel","MAHINDRA","PIK-UP",2018
"Light commercial vehicles","Diesel","MAHINDRA","PIKUP",1939
"Light commercial vehicles","Diesel","MAHINDRA","S5",71
"Light commercial vehicles","Diesel","MAHINDRA","SCORPIO-N",3
"Light commercial vehicles","Diesel","MAHINDRA","UNKNOWN",99
"Light commercial vehicles","Diesel","MAZDA","B1900",1758
"Light commercial vehicles","Diesel","MAZDA","B2200",12366
"Light commercial vehicles","Diesel","MAZDA","B2500",25969
"Light commercial vehicles","Diesel","MAZDA","B2600",51
"Light commercial vehicles","Diesel","MAZDA","B3000",83587
"Light commercial vehicles","Diesel","MAZDA","B3200",91401
"Light commercial vehicles","Diesel","MAZDA","B4000",4
"Light commercial vehicles","Diesel","MAZDA","BONGO",5
"Light commercial vehicles","Diesel","MAZDA","BT-50",166
"Light commercial vehicles","Diesel","MAZDA","E1600",0
"Light commercial vehicles","Diesel","MAZDA","E2000",14
"Light commercial vehicles","Diesel","MAZDA","E2200",185
"Light commercial vehicles","Diesel","MAZDA","E2500",164
"Light commercial vehicles","Diesel","MAZDA","PARKWAY",4
"Light commercial vehicles","Diesel","MAZDA","T2000",0
"Light commercial vehicles","Diesel","MAZDA","T3000",23
"Light commercial vehicles","Diesel","MAZDA","T3500",83
"Light commercial vehicles","Diesel","MAZDA","T4000",65
"Light commercial vehicles","Diesel","MAZDA","T4100",4
"Light commercial vehicles","Diesel","MAZDA","T4600",30
"Light commercial vehicles","Diesel","MAZDA","TITAN",142
"Light commercial vehicles","Diesel","MAZDA","UNKNOWN",220
"Light commercial vehicles","Diesel","MERCEDES-BENZ","230",0
"Light commercial vehicles","Diesel","MERCEDES-BENZ","290",0
"Light commercial vehicles","Diesel","MERCEDES-BENZ","709",3
"Light commercial vehicles","Diesel","MERCEDES-BENZ","G300",3
"Light commercial vehicles","Diesel","MERCEDES-BENZ","G350",3
"Light commercial vehicles","Diesel","MERCEDES-BENZ","MB100",532
"Light commercial vehicles","Diesel","MERCEDES-BENZ","MB140",329
"Light commercial vehicles","Diesel","MERCEDES-BENZ","SPRINTER",2863
"Light commercial vehicles","Diesel","MERCEDES-BENZ","UNIMOG",4
"Light commercial vehicles","Diesel","MERCEDES-BENZ","UNKNOWN",34
"Light commercial vehicles","Diesel","MERCEDES-BENZ","V-CLASS",776
"Light commercial vehicles","Diesel","MERCEDES-BENZ","VITO",19369
"Light commercial vehicles","Diesel","MERCEDES-BENZ","X-CLASS",5776
"Light commercial vehicles","Diesel","MICHIGAN","UNKNOWN",0
"Light commercial vehicles","Diesel","MITSUBISHI","CANTER",3
"Light commercial vehicles","Diesel","MITSUBISHI","DELICA",271
"Light commercial vehicles","Diesel","MITSUBISHI","EXPRESS",3943
"Light commercial vehicles","Diesel","MITSUBISHI","FE211",0
"Light commercial vehicles","Diesel","MITSUBISHI","FK SERIES",0
"Light commercial vehicles","Diesel","MITSUBISHI","JEEP",11
"Light commercial vehicles","Diesel","MITSUBISHI","L200 EXPRESS",12
"Light commercial vehicles","Diesel","MITSUBISHI","L300 EXPRESS",0
"Light commercial vehicles","Diesel","MITSUBISHI","STARWAGON",3
"Light commercial vehicles","Diesel","MITSUBISHI","TRITON",319569
"Light commercial vehicles","Diesel","MITSUBISHI","UNKNOWN",122
"Light commercial vehicles","Diesel","NISSAN","720",42
"Light commercial vehicles","Diesel","NISSAN","ATLAS",247
"Light commercial vehicles","Diesel","NISSAN","CABSTAR",59
"Light commercial vehicles","Diesel","NISSAN","CARAVAN",10
"Light commercial vehicles","Diesel","NISSAN","CMA SERIES",0
"Light commercial vehicles","Diesel","NISSAN","CONDOR",20
"Light commercial vehicles","Diesel","NISSAN","E25",0
"Light commercial vehicles","Diesel","NISSAN","HOMY",3
"Light commercial vehicles","Diesel","NISSAN","NAVARA",273045
"Light commercial vehicles","Diesel","NISSAN","NV350",24
"Light commercial vehicles","Diesel","NISSAN","PATROL",35874
"Light commercial vehicles","Diesel","NISSAN","SAFARI",0
"Light commercial vehicles","Diesel","NISSAN","TERRANO",3
"Light commercial vehicles","Diesel","NISSAN","TITAN",80
"Light commercial vehicles","Diesel","NISSAN","UNKNOWN",334
"Light commercial vehicles","Diesel","NISSAN","URVAN",82
"Light commercial vehicles","Diesel","NISSAN","VANETTE",4
"Light commercial vehicles","Diesel","OKA","XT SERIES",0
"Light commercial vehicles","Diesel","OLIVER","UNKNOWN",3
"Light commercial vehicles","Diesel","PEUGEOT","504",0
"Light commercial vehicles","Diesel","PEUGEOT","BOXER",0
"Light commercial vehicles","Diesel","PEUGEOT","EXPERT",1873
"Light commercial vehicles","Diesel","PEUGEOT","PARTNER",539
"Light commercial vehicles","Diesel","PEUGEOT","SUPER SONIC",34
"Light commercial vehicles","Diesel","PEUGEOT","UNKNOWN",7
"Light commercial vehicles","Diesel","PIAGGIO","APE50",3
"Light commercial vehicles","Diesel","PIAGGIO","UNKNOWN",3
"Light commercial vehicles","Diesel","PROTON","UNKNOWN",3
"Light commercial vehicles","Diesel","RAM","1500",415
"Light commercial vehicles","Diesel","RAM","2500",0
"Light commercial vehicles","Diesel","RAM","3500",12
"Light commercial vehicles","Diesel","REFORM","UNKNOWN",0
"Light commercial vehicles","Diesel","RENAULT","KANGOO",2944
"Light commercial vehicles","Diesel","RENAULT","MASTER",2495
"Light commercial vehicles","Diesel","RENAULT","TRAFIC",18827
"Light commercial vehicles","Diesel","RENAULT","UNKNOWN",4
"Light commercial vehicles","Diesel","ROLLS-ROYCE","CORNICHE",0
"Light commercial vehicles","Diesel","SAAB","UNKNOWN",3
"Light commercial vehicles","Diesel","SSANGYONG","ACTYON",1987
"Light commercial vehicles","Diesel","SSANGYONG","MUSSO",13023
"Light commercial vehicles","Diesel","STEYR-DAIMLER","UNKNOWN",3
"Light commercial vehicles","Diesel","SUBARU","BRUMBY",3
"Light commercial vehicles","Diesel","SUZUKI","APV",4
"Light commercial vehicles","Diesel","SUZUKI","CARRY",4
"Light commercial vehicles","Diesel","SUZUKI","SIERRA",4
"Light commercial vehicles","Diesel","SUZUKI","UNKNOWN",0
"Light commercial vehicles","Diesel","TATA","TELCOLINE",14
"Light commercial vehicles","Diesel","TATA","UNKNOWN",49
"Light commercial vehicles","Diesel","TATA","XENON",498
"Light commercial vehicles","Diesel","TCM","UNKNOWN",3
"Light commercial vehicles","Diesel","TEREX","UNKNOWN",3
"Light commercial vehicles","Diesel","TOYOTA","BLIZZARD",6
"Light commercial vehicles","Diesel","TOYOTA","CAMROAD",4
"Light commercial vehicles","Diesel","TOYOTA","COMMUTER",38498
"Light commercial vehicles","Diesel","TOYOTA","CONQUEST",0
"Light commercial vehicles","Diesel","TOYOTA","CRUISER",18
"Light commercial vehicles","Diesel","TOYOTA","DYNA",41
"Light commercial vehicles","Diesel","TOYOTA","ESTIMA",3
"Light commercial vehicles","Diesel","TOYOTA","GRANVIA",0
"Light commercial vehicles","Diesel","TOYOTA","HIACE",63793
"Light commercial vehicles","Diesel","TOYOTA","HILUX",664688
"Light commercial vehicles","Diesel","TOYOTA","LANDCRUISER",179478
"Light commercial vehicles","Diesel","TOYOTA","LITEACE",20
"Light commercial vehicles","Diesel","TOYOTA","MARK",3
"Light commercial vehicles","Diesel","TOYOTA","REGIUS",3
"Light commercial vehicles","Diesel","TOYOTA","STOUT",3
"Light commercial vehicles","Diesel","TOYOTA","TOWNACE",13
"Light commercial vehicles","Diesel","TOYOTA","TOYOACE",28
"Light commercial vehicles","Diesel","TOYOTA","TROOP CARRIER",12
"Light commercial vehicles","Diesel","TOYOTA","TUNDRA",17
"Light commercial vehicles","Diesel","TOYOTA","UNKNOWN",3163
"Light commercial vehicles","Diesel","UD","CMF SERIES",3
"Light commercial vehicles","Diesel","UD","MKB SERIES",3
"Light commercial vehicles","Diesel","UNKNOWN","UNKNOWN",48
"Light commercial vehicles","Diesel","VAUXHALL","UNKNOWN",3
"Light commercial vehicles","Diesel","VOLKSWAGEN","AMAROK",94864
"Light commercial vehicles","Diesel","VOLKSWAGEN","CADDY",14548
"Light commercial vehicles","Diesel","VOLKSWAGEN","CALIFORNIA",3
"Light commercial vehicles","Diesel","VOLKSWAGEN","CARAVELLE",16
"Light commercial vehicles","Diesel","VOLKSWAGEN","CITIVAN",6
"Light commercial vehicles","Diesel","VOLKSWAGEN","CRAFTER",413
"Light commercial vehicles","Diesel","VOLKSWAGEN","KOMBI",44
"Light commercial vehicles","Diesel","VOLKSWAGEN","LT",65
"Light commercial vehicles","Diesel","VOLKSWAGEN","LT35",115
"Light commercial vehicles","Diesel","VOLKSWAGEN","MULTIVAN",40
"Light commercial vehicles","Diesel","VOLKSWAGEN","TRANSPORTER",24418
"Light commercial vehicles","Diesel","VOLKSWAGEN","TYPE70C",0
"Light commercial vehicles","Diesel","VOLKSWAGEN","UNKNOWN",154
"Light commercial vehicles","Diesel","VOLVO","FE",0
"Light commercial vehicles","Diesel","WESTERN STAR","UNKNOWN",3
"Light commercial vehicles","Diesel","WHITE","UNKNOWN",3
"Light commercial vehicles","Diesel","WILLYS","JEEP",0
"Light commercial vehicles","Diesel","WILLYS","UNKNOWN",3
"Light commercial vehicles","Diesel","WILLYS","WHIPPET",0
"Light commercial vehicles","Diesel","ZX AUTO","GRAND TIGER",81
"Light commercial vehicles","Diesel","ZX AUTO","UNKNOWN",0
"Light commercial vehicles","Dual fuel","AUSTIN","1800",0
"Light commercial vehicles","Dual fuel","BEDFORD","CF",10
"Light commercial vehicles","Dual fuel","BEDFORD","CJ",0
"Light commercial vehicles","Dual fuel","BEDFORD","J SERIES",0
"Light commercial vehicles","Dual fuel","BEDFORD","J2",0
"Light commercial vehicles","Dual fuel","BEDFORD","UNKNOWN",29
"Light commercial vehicles","Dual fuel","CHEVROLET","3500",0
"Light commercial vehicles","Dual fuel","CHEVROLET","AVALANCHE",3
"Light commercial vehicles","Dual fuel","CHEVROLET","BLAZER",0
"Light commercial vehicles","Dual fuel","CHEVROLET","BLITZ",0
"Light commercial vehicles","Dual fuel","CHEVROLET","C/K",4
"Light commercial vehicles","Dual fuel","CHEVROLET","C10",16
"Light commercial vehicles","Dual fuel","CHEVROLET","C1500",43
"Light commercial vehicles","Dual fuel","CHEVROLET","C20",3
"Light commercial vehicles","Dual fuel","CHEVROLET","C2500",3
"Light commercial vehicles","Dual fuel","CHEVROLET","C30",16
"Light commercial vehicles","Dual fuel","CHEVROLET","C3500",13
"Light commercial vehicles","Dual fuel","CHEVROLET","CHEYENNE",0
"Light commercial vehicles","Dual fuel","CHEVROLET","EL CAMINO",3
"Light commercial vehicles","Dual fuel","CHEVROLET","G20",0
"Light commercial vehicles","Dual fuel","CHEVROLET","K1500",11
"Light commercial vehicles","Dual fuel","CHEVROLET","K20",0
"Light commercial vehicles","Dual fuel","CHEVROLET","K2500",6
"Light commercial vehicles","Dual fuel","CHEVROLET","K3500",0
"Light commercial vehicles","Dual fuel","CHEVROLET","LUV",3
"Light commercial vehicles","Dual fuel","CHEVROLET","PICKUP",3
"Light commercial vehicles","Dual fuel","CHEVROLET","SIERRA",3
"Light commercial vehicles","Dual fuel","CHEVROLET","SILVERADO",64
"Light commercial vehicles","Dual fuel","CHEVROLET","STYLEMASTER",0
"Light commercial vehicles","Dual fuel","CHEVROLET","UNKNOWN",66
"Light commercial vehicles","Dual fuel","CHRYSLER","DODGE",0
"Light commercial vehicles","Dual fuel","CHRYSLER","UNKNOWN",9
"Light commercial vehicles","Dual fuel","CHRYSLER","VALIANT",17
"Light commercial vehicles","Dual fuel","CITROEN","BERLINGO",0
"Light commercial vehicles","Dual fuel","COMMER","SUPERPOISE",0
"Light commercial vehicles","Dual fuel","COMMER","UNKNOWN",0
"Light commercial vehicles","Dual fuel","CUSTOM MADE","UNKNOWN",4
"Light commercial vehicles","Dual fuel","DAIHATSU","DELTA",0
"Light commercial vehicles","Dual fuel","DAIHATSU","MIDGET",3
"Light commercial vehicles","Dual fuel","DATSUN","1200",3
"Light commercial vehicles","Dual fuel","DATSUN","PATROL",3
"Light commercial vehicles","Dual fuel","DATSUN","UNKNOWN",0
"Light commercial vehicles","Dual fuel","DE SOTO","UNKNOWN",0
"Light commercial vehicles","Dual fuel","DODGE","AT4",7
"Light commercial vehicles","Dual fuel","DODGE","D300",0
"Light commercial vehicles","Dual fuel","DODGE","D5N",5
"Light commercial vehicles","Dual fuel","DODGE","DD",0
"Light commercial vehicles","Dual fuel","DODGE","RAM 1500",20
"Light commercial vehicles","Dual fuel","DODGE","RAM 2500",3
"Light commercial vehicles","Dual fuel","DODGE","UNKNOWN",25
"Light commercial vehicles","Dual fuel","FIAT","DUCATO",5
"Light commercial vehicles","Dual fuel","FORD","BRONCO",30
"Light commercial vehicles","Dual fuel","FORD","COUPE",0
"Light commercial vehicles","Dual fuel","FORD","COURIER",689
"Light commercial vehicles","Dual fuel","FORD","CUSTOM",0
"Light commercial vehicles","Dual fuel","FORD","DE LUXE",0
"Light commercial vehicles","Dual fuel","FORD","ECONOVAN",240
"Light commercial vehicles","Dual fuel","FORD","ESCORT",0
"Light commercial vehicles","Dual fuel","FORD","F SERIES",4
"Light commercial vehicles","Dual fuel","FORD","F100",651
"Light commercial vehicles","Dual fuel","FORD","F150",420
"Light commercial vehicles","Dual fuel","FORD","F250",181
"Light commercial vehicles","Dual fuel","FORD","FALCON",7304
"Light commercial vehicles","Dual fuel","FORD","JAILBAR",3
"Light commercial vehicles","Dual fuel","FORD","JEEP",3
"Light commercial vehicles","Dual fuel","FORD","MAINLINE",8
"Light commercial vehicles","Dual fuel","FORD","MAVERICK",16
"Light commercial vehicles","Dual fuel","FORD","MERCURY",0
"Light commercial vehicles","Dual fuel","FORD","MODEL A",0
"Light commercial vehicles","Dual fuel","FORD","RANCHERO",3
"Light commercial vehicles","Dual fuel","FORD","RANGER",60
"Light commercial vehicles","Dual fuel","FORD","TRADER",3
"Light commercial vehicles","Dual fuel","FORD","TRANSIT",77
"Light commercial vehicles","Dual fuel","FORD","UNKNOWN",307
"Light commercial vehicles","Dual fuel","FOTON","TUNLAND",0
"Light commercial vehicles","Dual fuel","GMC","C1500",6
"Light commercial vehicles","Dual fuel","GMC","C2500",4
"Light commercial vehicles","Dual fuel","GMC","C3500",3
"Light commercial vehicles","Dual fuel","GMC","K1500",3
"Light commercial vehicles","Dual fuel","GMC","K2500",0
"Light commercial vehicles","Dual fuel","GMC","SIERRA",16
"Light commercial vehicles","Dual fuel","GMC","UNKNOWN",3
"Light commercial vehicles","Dual fuel","GMC","VANDURA",3
"Light commercial vehicles","Dual fuel","GREAT WALL","CANNON",65
"Light commercial vehicles","Dual fuel","GREAT WALL","SAILOR",3
"Light commercial vehicles","Dual fuel","GREAT WALL","STEED",3
"Light commercial vehicles","Dual fuel","GREAT WALL","V200",3
"Light commercial vehicles","Dual fuel","GREAT WALL","V240",37
"Light commercial vehicles","Dual fuel","HOLDEN","BEDFORD",0
"Light commercial vehicles","Dual fuel","HOLDEN","BELMONT",12
"Light commercial vehicles","Dual fuel","HOLDEN","COLORADO",114
"Light commercial vehicles","Dual fuel","HOLDEN","COMBO",6
"Light commercial vehicles","Dual fuel","HOLDEN","COMMODORE",755
"Light commercial vehicles","Dual fuel","HOLDEN","COUPE",4
"Light commercial vehicles","Dual fuel","HOLDEN","CREWMAN",501
"Light commercial vehicles","Dual fuel","HOLDEN","DROVER",3
"Light commercial vehicles","Dual fuel","HOLDEN","EH SERIES",6
"Light commercial vehicles","Dual fuel","HOLDEN","EJ SERIES",3
"Light commercial vehicles","Dual fuel","HOLDEN","EK SERIES",3
"Light commercial vehicles","Dual fuel","HOLDEN","FB SERIES",3
"Light commercial vehicles","Dual fuel","HOLDEN","FC SERIES",3
"Light commercial vehicles","Dual fuel","HOLDEN","FJ SERIES",6
"Light commercial vehicles","Dual fuel","HOLDEN","FX SERIES",0
"Light commercial vehicles","Dual fuel","HOLDEN","GEMINI",0
"Light commercial vehicles","Dual fuel","HOLDEN","HG SERIES",10
"Light commercial vehicles","Dual fuel","HOLDEN","HJ SERIES",75
"Light commercial vehicles","Dual fuel","HOLDEN","HK SERIES",0
"Light commercial vehicles","Dual fuel","HOLDEN","HOLDEN UTILITY",1241
"Light commercial vehicles","Dual fuel","HOLDEN","HQ SERIES",92
"Light commercial vehicles","Dual fuel","HOLDEN","HR SERIES",3
"Light commercial vehicles","Dual fuel","HOLDEN","HT SERIES",3
"Light commercial vehicles","Dual fuel","HOLDEN","HX SERIES",66
"Light commercial vehicles","Dual fuel","HOLDEN","HZ SERIES",154
"Light commercial vehicles","Dual fuel","HOLDEN","KINGSWOOD",68
"Light commercial vehicles","Dual fuel","HOLDEN","ONE TONNER",21
"Light commercial vehicles","Dual fuel","HOLDEN","PREMIER",3
"Light commercial vehicles","Dual fuel","HOLDEN","RODEO",2405
"Light commercial vehicles","Dual fuel","HOLDEN","SANDMAN",3
"Light commercial vehicles","Dual fuel","HOLDEN","UNKNOWN",458
"Light commercial vehicles","Dual fuel","HOLDEN","UTILITY",3
"Light commercial vehicles","Dual fuel","HOLDEN","WB SERIES",238
"Light commercial vehicles","Dual fuel","HYUNDAI","ILOAD",27
"Light commercial vehicles","Dual fuel","INTERNATIONAL","SCOUT",4
"Light commercial vehicles","Dual fuel","INTERNATIONAL","UNKNOWN",11
"Light commercial vehicles","Dual fuel","ISUZU","D-MAX",45
"Light commercial vehicles","Dual fuel","IVECO","DAILY",0
"Light commercial vehicles","Dual fuel","JEEP","CHEROKEE",15
"Light commercial vehicles","Dual fuel","JEEP","CJ-10",0
"Light commercial vehicles","Dual fuel","JEEP","CJ-6",3
"Light commercial vehicles","Dual fuel","JEEP","CJ-7",3
"Light commercial vehicles","Dual fuel","JEEP","CJ-8",3
"Light commercial vehicles","Dual fuel","JEEP","CJ SERIES",0
"Light commercial vehicles","Dual fuel","JEEP","J20",4
"Light commercial vehicles","Dual fuel","JEEP","UNKNOWN",16
"Light commercial vehicles","Dual fuel","JEEP","WRANGLER",5
"Light commercial vehicles","Dual fuel","JMC","UNKNOWN",3
"Light commercial vehicles","Dual fuel","KIA","CERES",0
"Light commercial vehicles","Dual fuel","KIA","K2700",3
"Light commercial vehicles","Dual fuel","KIA","K2900",0
"Light commercial vehicles","Dual fuel","KIA","PREGIO",3
"Light commercial vehicles","Dual fuel","LADA","NIVA",0
"Light commercial vehicles","Dual fuel","LAND ROVER","101",3
"Light commercial vehicles","Dual fuel","LAND ROVER","109",0
"Light commercial vehicles","Dual fuel","LAND ROVER","110",0
"Light commercial vehicles","Dual fuel","LAND ROVER","2A",0
"Light commercial vehicles","Dual fuel","LAND ROVER","DEFENDER",37
"Light commercial vehicles","Dual fuel","LAND ROVER","SERIES 2",4
"Light commercial vehicles","Dual fuel","LAND ROVER","SERIES 3",4
"Light commercial vehicles","Dual fuel","LAND ROVER","UNKNOWN",20
"Light commercial vehicles","Dual fuel","LDV","DELIVER 9",3
"Light commercial vehicles","Dual fuel","LDV","G10",3
"Light commercial vehicles","Dual fuel","LDV","T60",6
"Light commercial vehicles","Dual fuel","LDV","V80",3
"Light commercial vehicles","Dual fuel","LEYLAND","RANGE ROVER",3
"Light commercial vehicles","Dual fuel","LINCOLN","UNKNOWN",3
"Light commercial vehicles","Dual fuel","MAHINDRA","PIK-UP",3
"Light commercial vehicles","Dual fuel","MAZDA","B2000",4
"Light commercial vehicles","Dual fuel","MAZDA","B2200",4
"Light commercial vehicles","Dual fuel","MAZDA","B2500",112
"Light commercial vehicles","Dual fuel","MAZDA","B2600",881
"Light commercial vehicles","Dual fuel","MAZDA","B3000",130
"Light commercial vehicles","Dual fuel","MAZDA","B3200",6
"Light commercial vehicles","Dual fuel","MAZDA","B4000",47
"Light commercial vehicles","Dual fuel","MAZDA","E1800",18
"Light commercial vehicles","Dual fuel","MAZDA","E2000",255
"Light commercial vehicles","Dual fuel","MAZDA","E2500",3
"Light commercial vehicles","Dual fuel","MAZDA","T3500",0
"Light commercial vehicles","Dual fuel","MAZDA","UNKNOWN",10
"Light commercial vehicles","Dual fuel","MERCEDES-BENZ","450",3
"Light commercial vehicles","Dual fuel","MERCEDES-BENZ","MB100",3
"Light commercial vehicles","Dual fuel","MERCEDES-BENZ","MB140",5
"Light commercial vehicles","Dual fuel","MERCEDES-BENZ","SPRINTER",6
"Light commercial vehicles","Dual fuel","MERCEDES-BENZ","UNKNOWN",0
"Light commercial vehicles","Dual fuel","MERCEDES-BENZ","VITO",13
"Light commercial vehicles","Dual fuel","MITSUBISHI","DELICA",7
"Light commercial vehicles","Dual fuel","MITSUBISHI","EXPRESS",753
"Light commercial vehicles","Dual fuel","MITSUBISHI","L300 EXPRESS",4
"Light commercial vehicles","Dual fuel","MITSUBISHI","STARWAGON",3
"Light commercial vehicles","Dual fuel","MITSUBISHI","TRITON",1831
"Light commercial vehicles","Dual fuel","MITSUBISHI","UNKNOWN",8
"Light commercial vehicles","Dual fuel","MITSUBISHI","VALIANT",3
"Light commercial vehicles","Dual fuel","MORRIS","COMMERCIAL J-TYPE",3
"Light commercial vehicles","Dual fuel","MORRIS","MINOR",3
"Light commercial vehicles","Dual fuel","NISSAN","1200",3
"Light commercial vehicles","Dual fuel","NISSAN","720",0
"Light commercial vehicles","Dual fuel","NISSAN","CABSTAR",0
"Light commercial vehicles","Dual fuel","NISSAN","NAVARA",637
"Light commercial vehicles","Dual fuel","NISSAN","NOMAD",0
"Light commercial vehicles","Dual fuel","NISSAN","PATROL",388
"Light commercial vehicles","Dual fuel","NISSAN","SERENA",3
"Light commercial vehicles","Dual fuel","NISSAN","UNKNOWN",21
"Light commercial vehicles","Dual fuel","NISSAN","URVAN",14
"Light commercial vehicles","Dual fuel","NISSAN","VANETTE",0
"Light commercial vehicles","Dual fuel","PEUGEOT","UNKNOWN",0
"Light commercial vehicles","Dual fuel","PLYMOUTH","BELVEDERE",0
"Light commercial vehicles","Dual fuel","PROTON","JUMBUCK",9
"Light commercial vehicles","Dual fuel","RAM","1500",4
"Light commercial vehicles","Dual fuel","RENAULT","TRAFIC",6
"Light commercial vehicles","Dual fuel","SSANGYONG","ACTYON",3
"Light commercial vehicles","Dual fuel","SSANGYONG","MUSSO",13
"Light commercial vehicles","Dual fuel","STANDARD","VANGUARD",3
"Light commercial vehicles","Dual fuel","STUDEBAKER","UNKNOWN",3
"Light commercial vehicles","Dual fuel","SUBARU","BRUMBY",24
"Light commercial vehicles","Dual fuel","SUBARU","UNKNOWN",0
"Light commercial vehicles","Dual fuel","SUZUKI","APV",5
"Light commercial vehicles","Dual fuel","SUZUKI","CARRY",3
"Light commercial vehicles","Dual fuel","SUZUKI","HATCH",0
"Light commercial vehicles","Dual fuel","SUZUKI","MIGHTY BOY",3
"Light commercial vehicles","Dual fuel","SUZUKI","SIERRA",10
"Light commercial vehicles","Dual fuel","SUZUKI","UNKNOWN",0
"Light commercial vehicles","Dual fuel","TOYOTA","COMMODORE",0
"Light commercial vehicles","Dual fuel","TOYOTA","COMMUTER",602
"Light commercial vehicles","Dual fuel","TOYOTA","CRUISER",0
"Light commercial vehicles","Dual fuel","TOYOTA","HIACE",2187
"Light commercial vehicles","Dual fuel","TOYOTA","HILUX",3261
"Light commercial vehicles","Dual fuel","TOYOTA","LANDCRUISER",632
"Light commercial vehicles","Dual fuel","TOYOTA","LITEACE",3
"Light commercial vehicles","Dual fuel","TOYOTA","SPACIA",3
"Light commercial vehicles","Dual fuel","TOYOTA","STOUT",0
"Light commercial vehicles","Dual fuel","TOYOTA","TOWNACE",149
"Light commercial vehicles","Dual fuel","TOYOTA","TROOP CARRIER",3
"Light commercial vehicles","Dual fuel","TOYOTA","TUNDRA",3
"Light commercial vehicles","Dual fuel","TOYOTA","UNKNOWN",120
"Light commercial vehicles","Dual fuel","UNKNOWN","UNKNOWN",0
"Light commercial vehicles","Dual fuel","VOLKSWAGEN","AMAROK",12
"Light commercial vehicles","Dual fuel","VOLKSWAGEN","CADDY",3
"Light commercial vehicles","Dual fuel","VOLKSWAGEN","CARAVELLE",6
"Light commercial vehicles","Dual fuel","VOLKSWAGEN","KOMBI",6
"Light commercial vehicles","Dual fuel","VOLKSWAGEN","LT35",3
"Light commercial vehicles","Dual fuel","VOLKSWAGEN","T3",3
"Light commercial vehicles","Dual fuel","VOLKSWAGEN","TRANSPORTER",93
"Light commercial vehicles","Dual fuel","VOLKSWAGEN","UNKNOWN",6
"Light commercial vehicles","Dual fuel","WILLYS","JEEP",3
"Light commercial vehicles","Hybrid electric","BYD","SHARK 6",518
"Light commercial vehicles","Hybrid electric","CHRYSLER","UNKNOWN",0
"Light commercial vehicles","Hybrid electric","DAIHATSU","HIJET",3
"Light commercial vehicles","Hybrid electric","DODGE","RAM 1500",32
"Light commercial vehicles","Hybrid electric","FORD","F150",37
"Light commercial vehicles","Hybrid electric","GREAT WALL","CANNON",320
"Light commercial vehicles","Hybrid electric","GREAT WALL","V240",0
"Light commercial vehicles","Hybrid electric","HONDA","SHUTTLE",3
"Light commercial vehicles","Hybrid electric","HONDA","STEP WGN",3
"Light commercial vehicles","Hybrid electric","MAHINDRA","PIKUP",3
"Light commercial vehicles","Hybrid electric","MAZDA","CX-70",15
"Light commercial vehicles","Hybrid electric","MITSUBISHI","TRITON",0
"Light commercial vehicles","Hybrid electric","NISSAN","SERENA",3
"Light commercial vehicles","Hybrid electric","PEUGEOT","PARTNER",0
"Light commercial vehicles","Hybrid electric","RAM","1500",2007
"Light commercial vehicles","Hybrid electric","TOYOTA","ALPHARD",18
"Light commercial vehicles","Hybrid electric","TOYOTA","ESTIMA",11
"Light commercial vehicles","Hybrid electric","TOYOTA","HIACE",0
"Light commercial vehicles","Hybrid electric","TOYOTA","HILUX",2893
"Light commercial vehicles","Hybrid electric","TOYOTA","NOAH",0
"Light commercial vehicles","Hybrid electric","TOYOTA","TUNDRA",3
"Light commercial vehicles","Hybrid electric","TOYOTA","UNKNOWN",0
"Light commercial vehicles","Hybrid electric","TOYOTA","VELLFIRE",6
"Light commercial vehicles","Hybrid electric","TOYOTA","VOXY",3
"Light commercial vehicles","Battery/Fuel-cell electric","BONLUCK","UNKNOWN",0
"Light commercial vehicles","Battery/Fuel-cell electric","BYD","T3",49
"Light commercial vehicles","Battery/Fuel-cell electric","CITROEN","BERLINGO",0
"Light commercial vehicles","Battery/Fuel-cell electric","CITROEN","UNKNOWN",3
"Light commercial vehicles","Battery/Fuel-cell electric","CUSTOM MADE","UNKNOWN",3
"Light commercial vehicles","Battery/Fuel-cell electric","DAIHATSU","MIRA",0
"Light commercial vehicles","Battery/Fuel-cell electric","DAIHATSU","UNKNOWN",0
"Light commercial vehicles","Battery/Fuel-cell electric","DATSUN","1200",3
"Light commercial vehicles","Battery/Fuel-cell electric","FORD","FALCON",0
"Light commercial vehicles","Battery/Fuel-cell electric","FORD","UNKNOWN",16
"Light commercial vehicles","Battery/Fuel-cell electric","GOLDEN DRAGON","UNKNOWN",3
"Light commercial vehicles","Battery/Fuel-cell electric","GREAT WALL","CANNON",3
"Light commercial vehicles","Battery/Fuel-cell electric","HIGER","UNKNOWN",0
"Light commercial vehicles","Battery/Fuel-cell electric","HOLDEN","COMBO",3
"Light commercial vehicles","Battery/Fuel-cell electric","HOLDEN","HJ SERIES",3
"Light commercial vehicles","Battery/Fuel-cell electric","HOLDEN","UNKNOWN",0
"Light commercial vehicles","Battery/Fuel-cell electric","ISUZU","D-MAX",6
"Light commercial vehicles","Battery/Fuel-cell electric","JAC","UNKNOWN",0
"Light commercial vehicles","Battery/Fuel-cell electric","LAND ROVER","2A",3
"Light commercial vehicles","Battery/Fuel-cell electric","LAND ROVER","DEFENDER",3
"Light commercial vehicles","Battery/Fuel-cell electric","LAND ROVER","PERENTIE",0
"Light commercial vehicles","Battery/Fuel-cell electric","LAND ROVER","SERIES 3",0
"Light commercial vehicles","Battery/Fuel-cell electric","LDV","EV30",22
"Light commercial vehicles","Battery/Fuel-cell electric","LDV","T60",96
"Light commercial vehicles","Battery/Fuel-cell electric","LDV","UNKNOWN",3
"Light commercial vehicles","Battery/Fuel-cell electric","LEYLAND","MINI MOKE",3
"Light commercial vehicles","Battery/Fuel-cell electric","MAZDA","B2600",0
"Light commercial vehicles","Battery/Fuel-cell electric","MERCEDES-BENZ","EQA250",0
"Light commercial vehicles","Battery/Fuel-cell electric","MERCEDES-BENZ","EVITO",65
"Light commercial vehicles","Battery/Fuel-cell electric","MERCEDES-BENZ","VITO",0
"Light commercial vehicles","Battery/Fuel-cell electric","MITSUBISHI","MINICAB",31
"Light commercial vehicles","Battery/Fuel-cell electric","MITSUBISHI","TRITON",0
"Light commercial vehicles","Battery/Fuel-cell electric","MITSUBISHI","UNKNOWN",3
"Light commercial vehicles","Battery/Fuel-cell electric","NISSAN","E-NV200",18
"Light commercial vehicles","Battery/Fuel-cell electric","NISSAN","E25",0
"Light commercial vehicles","Battery/Fuel-cell electric","PEUGEOT","EXPERT",15
"Light commercial vehicles","Battery/Fuel-cell electric","PEUGEOT","PARTNER",176
"Light commercial vehicles","Battery/Fuel-cell electric","PEUGEOT","UNKNOWN",3
"Light commercial vehicles","Battery/Fuel-cell electric","PROTON","JUMBUCK",3
"Light commercial vehicles","Battery/Fuel-cell electric","RENAULT","KANGOO",235
"Light commercial vehicles","Battery/Fuel-cell electric","SKYWELL","EC11E",15
"Light commercial vehicles","Battery/Fuel-cell electric","SKYWELL","UNKNOWN",3
"Light commercial vehicles","Battery/Fuel-cell electric","SUBARU","BRUMBY",0
"Light commercial vehicles","Battery/Fuel-cell electric","SUBARU","UNKNOWN",3
"Light commercial vehicles","Battery/Fuel-cell electric","SUZUKI","MIGHTY BOY",0
"Light commercial vehicles","Battery/Fuel-cell electric","SUZUKI","SIERRA",3
"Light commercial vehicles","Battery/Fuel-cell electric","SUZUKI","UNKNOWN",0
"Light commercial vehicles","Battery/Fuel-cell electric","TOYOTA","HILUX",4
"Light commercial vehicles","Battery/Fuel-cell electric","TOYOTA","LANDCRUISER",4
"Light commercial vehicles","Battery/Fuel-cell electric","TOYOTA","UNKNOWN",0
"Light commercial vehicles","Battery/Fuel-cell electric","UNKNOWN","UNKNOWN",112
"Light commercial vehicles","Battery/Fuel-cell electric","VAUXHALL","UNKNOWN",0
"Light commercial vehicles","Battery/Fuel-cell electric","VOLKSWAGEN","ID.BUZZ",28
"Light commercial vehicles","Battery/Fuel-cell electric","VOLKSWAGEN","KOMBI",0
"Light commercial vehicles","Battery/Fuel-cell electric","VOLKSWAGEN","TRANSPORTER",3
"Light commercial vehicles","Battery/Fuel-cell electric","VOLKSWAGEN","TYPE 2",0
"Light commercial vehicles","Other","AUSTIN","HAMPSHIRE",0
"Light commercial vehicles","Other","BEDFORD","CF",9
"Light commercial vehicles","Other","BEDFORD","J1",3
"Light commercial vehicles","Other","BEDFORD","UNKNOWN",9
"Light commercial vehicles","Other","BENTLEY","MARK 6",0
"Light commercial vehicles","Other","CHEVROLET","APACHE",0
"Light commercial vehicles","Other","CHEVROLET","C10",8
"Light commercial vehicles","Other","CHEVROLET","C1500",3
"Light commercial vehicles","Other","CHEVROLET","C20",0
"Light commercial vehicles","Other","CHEVROLET","C30",13
"Light commercial vehicles","Other","CHEVROLET","C3500",7
"Light commercial vehicles","Other","CHEVROLET","CHEYENNE",0
"Light commercial vehicles","Other","CHEVROLET","EL CAMINO",0
"Light commercial vehicles","Other","CHEVROLET","G20",3
"Light commercial vehicles","Other","CHEVROLET","K1500",3
"Light commercial vehicles","Other","CHEVROLET","K20",3
"Light commercial vehicles","Other","CHEVROLET","K2500",0
"Light commercial vehicles","Other","CHEVROLET","K3500",3
"Light commercial vehicles","Other","CHEVROLET","MASTER",0
"Light commercial vehicles","Other","CHEVROLET","SILVERADO",7
"Light commercial vehicles","Other","CHEVROLET","STANDARD",0
"Light commercial vehicles","Other","CHEVROLET","STYLEMASTER",0
"Light commercial vehicles","Other","CHEVROLET","UNKNOWN",33
"Light commercial vehicles","Other","CHRYSLER","UNKNOWN",0
"Light commercial vehicles","Other","CHRYSLER","VALIANT",7
"Light commercial vehicles","Other","CHRYSLER","WAYFARER",3
"Light commercial vehicles","Other","DAIHATSU","DELTA",0
"Light commercial vehicles","Other","DATSUN","1500",0
"Light commercial vehicles","Other","DATSUN","UNKNOWN",3
"Light commercial vehicles","Other","DE SOTO","UNKNOWN",0
"Light commercial vehicles","Other","DODGE","AT4",3
"Light commercial vehicles","Other","DODGE","D300",0
"Light commercial vehicles","Other","DODGE","D5N",4
"Light commercial vehicles","Other","DODGE","UNKNOWN",13
"Light commercial vehicles","Other","ESSEX","UNKNOWN",3
"Light commercial vehicles","Other","FIAT","DUCATO",3
"Light commercial vehicles","Other","FORD","BRONCO",9
"Light commercial vehicles","Other","FORD","COURIER",95
"Light commercial vehicles","Other","FORD","CUSTOM",0
"Light commercial vehicles","Other","FORD","DE LUXE",0
"Light commercial vehicles","Other","FORD","ECONOVAN",24
"Light commercial vehicles","Other","FORD","F SERIES",4
"Light commercial vehicles","Other","FORD","F100",230
"Light commercial vehicles","Other","FORD","F150",94
"Light commercial vehicles","Other","FORD","F250",54
"Light commercial vehicles","Other","FORD","FALCON",21543
"Light commercial vehicles","Other","FORD","FREIGHTER",0
"Light commercial vehicles","Other","FORD","GALAXIE",3
"Light commercial vehicles","Other","FORD","JAILBAR",3
"Light commercial vehicles","Other","FORD","MAINLINE",8
"Light commercial vehicles","Other","FORD","MAVERICK",3
"Light commercial vehicles","Other","FORD","MODEL A",4
"Light commercial vehicles","Other","FORD","RANCHERO",3
"Light commercial vehicles","Other","FORD","RANGER",3
"Light commercial vehicles","Other","FORD","TRADER",3
"Light commercial vehicles","Other","FORD","TRANSIT",13
"Light commercial vehicles","Other","FORD","UNKNOWN",115
"Light commercial vehicles","Other","FORD","ZEPHYR",3
"Light commercial vehicles","Other","GMC","C1500",0
"Light commercial vehicles","Other","GMC","C3500",3
"Light commercial vehicles","Other","GMC","K1500",3
"Light commercial vehicles","Other","GMC","K2500",0
"Light commercial vehicles","Other","GMC","SIERRA",3
"Light commercial vehicles","Other","GMC","UNKNOWN",3
"Light commercial vehicles","Other","GREAT WALL","V240",3
"Light commercial vehicles","Other","HILLMAN","UNKNOWN",0
"Light commercial vehicles","Other","HOLDEN","BELMONT",0
"Light commercial vehicles","Other","HOLDEN","COLORADO",9
"Light commercial vehicles","Other","HOLDEN","COMBO",3
"Light commercial vehicles","Other","HOLDEN","COMMODORE",47
"Light commercial vehicles","Other","HOLDEN","COUPE",0
"Light commercial vehicles","Other","HOLDEN","CREWMAN",21
"Light commercial vehicles","Other","HOLDEN","EH SERIES",3
"Light commercial vehicles","Other","HOLDEN","EJ SERIES",0
"Light commercial vehicles","Other","HOLDEN","EK SERIES",3
"Light commercial vehicles","Other","HOLDEN","FC SERIES",0
"Light commercial vehicles","Other","HOLDEN","FJ SERIES",3
"Light commercial vehicles","Other","HOLDEN","FX SERIES",0
"Light commercial vehicles","Other","HOLDEN","HD SERIES",3
"Light commercial vehicles","Other","HOLDEN","HJ SERIES",28
"Light commercial vehicles","Other","HOLDEN","HOLDEN UTILITY",304
"Light commercial vehicles","Other","HOLDEN","HQ SERIES",44
"Light commercial vehicles","Other","HOLDEN","HR SERIES",3
"Light commercial vehicles","Other","HOLDEN","HSV",0
"Light commercial vehicles","Other","HOLDEN","HT SERIES",0
"Light commercial vehicles","Other","HOLDEN","HX SERIES",21
"Light commercial vehicles","Other","HOLDEN","HZ SERIES",66
"Light commercial vehicles","Other","HOLDEN","KINGSWOOD",22
"Light commercial vehicles","Other","HOLDEN","ONE TONNER",12
"Light commercial vehicles","Other","HOLDEN","RODEO",174
"Light commercial vehicles","Other","HOLDEN","SANDMAN",3
"Light commercial vehicles","Other","HOLDEN","UNKNOWN",113
"Light commercial vehicles","Other","HOLDEN","UTILITY",3
"Light commercial vehicles","Other","HOLDEN","WB SERIES",82
"Light commercial vehicles","Other","HOME MADE","UNKNOWN",0
"Light commercial vehicles","Other","INTERNATIONAL","AA110",0
"Light commercial vehicles","Other","INTERNATIONAL","AR110",0
"Light commercial vehicles","Other","INTERNATIONAL","UNKNOWN",4
"Light commercial vehicles","Other","JEEP","CHEROKEE",0
"Light commercial vehicles","Other","JEEP","CJ-6",0
"Light commercial vehicles","Other","JEEP","CJ-7",0
"Light commercial vehicles","Other","JEEP","J10",0
"Light commercial vehicles","Other","JEEP","J20",3
"Light commercial vehicles","Other","JEEP","UNKNOWN",9
"Light commercial vehicles","Other","LAND ROVER","101",0
"Light commercial vehicles","Other","LAND ROVER","DEFENDER",0
"Light commercial vehicles","Other","LAND ROVER","UNKNOWN",8
"Light commercial vehicles","Other","MAZDA","B1800",3
"Light commercial vehicles","Other","MAZDA","B2000",0
"Light commercial vehicles","Other","MAZDA","B2200",3
"Light commercial vehicles","Other","MAZDA","B2500",4
"Light commercial vehicles","Other","MAZDA","B2600",98
"Light commercial vehicles","Other","MAZDA","B3000",0
"Light commercial vehicles","Other","MAZDA","B4000",0
"Light commercial vehicles","Other","MAZDA","E2000",35
"Light commercial vehicles","Other","MAZDA","T3500",0
"Light commercial vehicles","Other","MAZDA","UNKNOWN",0
"Light commercial vehicles","Other","MERCEDES-BENZ","SPRINTER",3
"Light commercial vehicles","Other","MERCEDES-BENZ","UNKNOWN",0
"Light commercial vehicles","Other","MITSUBISHI","DELICA",0
"Light commercial vehicles","Other","MITSUBISHI","EXPRESS",56
"Light commercial vehicles","Other","MITSUBISHI","L300 EXPRESS",3
"Light commercial vehicles","Other","MITSUBISHI","TRITON",130
"Light commercial vehicles","Other","MITSUBISHI","UNKNOWN",0
"Light commercial vehicles","Other","MORRIS","UNKNOWN",0
"Light commercial vehicles","Other","NISSAN","720",3
"Light commercial vehicles","Other","NISSAN","ATLAS",0
"Light commercial vehicles","Other","NISSAN","B120",3
"Light commercial vehicles","Other","NISSAN","NAVARA",57
"Light commercial vehicles","Other","NISSAN","PATROL",38
"Light commercial vehicles","Other","NISSAN","UNKNOWN",5
"Light commercial vehicles","Other","NISSAN","URVAN",5
"Light commercial vehicles","Other","PEUGEOT","404",3
"Light commercial vehicles","Other","PLYMOUTH","UNKNOWN",3
"Light commercial vehicles","Other","RAM","1500",0
"Light commercial vehicles","Other","RENAULT","KANGOO",0
"Light commercial vehicles","Other","RENAULT","MASTER",0
"Light commercial vehicles","Other","RENAULT","TRAFIC",0
"Light commercial vehicles","Other","REO","UNKNOWN",3
"Light commercial vehicles","Other","STUDEBAKER","UNKNOWN",0
"Light commercial vehicles","Other","SUBARU","BRUMBY",0
"Light commercial vehicles","Other","SUZUKI","CARRY",0
"Light commercial vehicles","Other","SUZUKI","SIERRA",0
"Light commercial vehicles","Other","SUZUKI","UNKNOWN",0
"Light commercial vehicles","Other","SUZUKI","VITARA",0
"Light commercial vehicles","Other","TOYOTA","COMMUTER",36
"Light commercial vehicles","Other","TOYOTA","HIACE",171
"Light commercial vehicles","Other","TOYOTA","HILUX",263
"Light commercial vehicles","Other","TOYOTA","LANDCRUISER",101
"Light commercial vehicles","Other","TOYOTA","LITEACE",0
"Light commercial vehicles","Other","TOYOTA","TOWNACE",14
"Light commercial vehicles","Other","TOYOTA","TUNDRA",3
"Light commercial vehicles","Other","TOYOTA","UNKNOWN",30
"Light commercial vehicles","Other","VOLKSWAGEN","CADDY",3
"Light commercial vehicles","Other","VOLKSWAGEN","CARAVELLE",3
"Light commercial vehicles","Other","VOLKSWAGEN","KOMBI",3
"Light commercial vehicles","Other","VOLKSWAGEN","TRANSPORTER",3
"Light commercial vehicles","Other","VOLKSWAGEN","UNKNOWN",0
"Light commercial vehicles","Other","WILLYS","UNKNOWN",0
"Light rigid trucks","Petrol","AUSTIN","UNKNOWN",0
"Light rigid trucks","Petrol","BEDFORD","A SERIES",3
"Light rigid trucks","Petrol","BEDFORD","J SERIES",3
"Light rigid trucks","Petrol","BEDFORD","J1",3
"Light rigid trucks","Petrol","BEDFORD","J2",3
"Light rigid trucks","Petrol","BEDFORD","J3",0
"Light rigid trucks","Petrol","BEDFORD","K SERIES",3
"Light rigid trucks","Petrol","BEDFORD","ML",4
"Light rigid trucks","Petrol","BEDFORD","UNKNOWN",10
"Light rigid trucks","Petrol","CHEVROLET","3100",0
"Light rigid trucks","Petrol","CHEVROLET","AB NATIONAL",0
"Light rigid trucks","Petrol","CHEVROLET","BLITZ",6
"Light rigid trucks","Petrol","CHEVROLET","C30",0
"Light rigid trucks","Petrol","CHEVROLET","C3500",3
"Light rigid trucks","Petrol","CHEVROLET","K1500",0
"Light rigid trucks","Petrol","CHEVROLET","LOADMASTER",0
"Light rigid trucks","Petrol","CHEVROLET","MAPLE LEAF",5
"Light rigid trucks","Petrol","CHEVROLET","SILVERADO",236
"Light rigid trucks","Petrol","CHEVROLET","UNKNOWN",17
"Light rigid trucks","Petrol","CITROEN","BERLINGO",0
"Light rigid trucks","Petrol","COMMER","SUPERPOISE",0
"Light rigid trucks","Petrol","COMMER","UNKNOWN",3
"Light rigid trucks","Petrol","DAIHATSU","DELTA",108
"Light rigid trucks","Petrol","DAIHATSU","HIJET",11
"Light rigid trucks","Petrol","DAIHATSU","TAFT",3
"Light rigid trucks","Petrol","DAIHATSU","UNKNOWN",9
"Light rigid trucks","Petrol","DAIMLER","UNKNOWN",0
"Light rigid trucks","Petrol","DATSUN","720",0
"Light rigid trucks","Petrol","DATSUN","HOMER",0
"Light rigid trucks","Petrol","DATSUN","ONE TON",3
"Light rigid trucks","Petrol","DATSUN","UNKNOWN",3
"Light rigid trucks","Petrol","DIAMOND T","UNKNOWN",0
"Light rigid trucks","Petrol","DODGE","AT4",3
"Light rigid trucks","Petrol","DODGE","D300",3
"Light rigid trucks","Petrol","DODGE","D400",0
"Light rigid trucks","Petrol","DODGE","D500",3
"Light rigid trucks","Petrol","DODGE","D5N",5
"Light rigid trucks","Petrol","DODGE","FARGO",0
"Light rigid trucks","Petrol","DODGE","RAM 1500",13
"Light rigid trucks","Petrol","DODGE","RAM 2500",61
"Light rigid trucks","Petrol","DODGE","RAM 3500",6
"Light rigid trucks","Petrol","DODGE","UNKNOWN",10
"Light rigid trucks","Petrol","DODGE","WC-51",3
"Light rigid trucks","Petrol","FARGO","UNKNOWN",0
"Light rigid trucks","Petrol","FORD","BLITZ",3
"Light rigid trucks","Petrol","FORD","COURIER",13
"Light rigid trucks","Petrol","FORD","D SERIES",3
"Light rigid trucks","Petrol","FORD","ECONOVAN",3
"Light rigid trucks","Petrol","FORD","F100",5
"Light rigid trucks","Petrol","FORD","F150",45
"Light rigid trucks","Petrol","FORD","F250",1147
"Light rigid trucks","Petrol","FORD","F350",472
"Light rigid trucks","Petrol","FORD","F500",3
"Light rigid trucks","Petrol","FORD","F600",3
"Light rigid trucks","Petrol","FORD","FALCON",8
"Light rigid trucks","Petrol","FORD","JAILBAR",3
"Light rigid trucks","Petrol","FORD","MAVERICK",0
"Light rigid trucks","Petrol","FORD","MODEL A",3
"Light rigid trucks","Petrol","FORD","TRADER",11
"Light rigid trucks","Petrol","FORD","TRANSIT",91
"Light rigid trucks","Petrol","FORD","UNKNOWN",34
"Light rigid trucks","Petrol","FOTON","AUMARK",6
"Light rigid trucks","Petrol","FUSO","CANTER",201
"Light rigid trucks","Petrol","GMC","SIERRA",8
"Light rigid trucks","Petrol","GMC","UNKNOWN",4
"Light rigid trucks","Petrol","GOLDEN DRAGON","UNKNOWN",0
"Light rigid trucks","Petrol","HINO","300 SERIES",8
"Light rigid trucks","Petrol","HINO","DUTRO",28
"Light rigid trucks","Petrol","HINO","DYNA",12
"Light rigid trucks","Petrol","HOLDEN","BEDFORD",0
"Light rigid trucks","Petrol","HOLDEN","COMMODORE",3
"Light rigid trucks","Petrol","HOLDEN","CREWMAN",3
"Light rigid trucks","Petrol","HOLDEN","HJ SERIES",0
"Light rigid trucks","Petrol","HOLDEN","HX SERIES",3
"Light rigid trucks","Petrol","HOLDEN","HZ SERIES",0
"Light rigid trucks","Petrol","HOLDEN","ONE TONNER",4
"Light rigid trucks","Petrol","HOLDEN","RODEO",86
"Light rigid trucks","Petrol","HOLDEN","UNKNOWN",9
"Light rigid trucks","Petrol","HOLDEN","WB SERIES",4
"Light rigid trucks","Petrol","HUMMER","H2",0
"Light rigid trucks","Petrol","HYUNDAI","HD45",0
"Light rigid trucks","Petrol","INEOS","GRENADIER",69
"Light rigid trucks","Petrol","INTERNATIONAL","AA160",0
"Light rigid trucks","Petrol","INTERNATIONAL","AB130",10
"Light rigid trucks","Petrol","INTERNATIONAL","ACCO",0
"Light rigid trucks","Petrol","INTERNATIONAL","C1300",27
"Light rigid trucks","Petrol","INTERNATIONAL","C1500",4
"Light rigid trucks","Petrol","INTERNATIONAL","D SERIES",3
"Light rigid trucks","Petrol","INTERNATIONAL","D1310",21
"Light rigid trucks","Petrol","INTERNATIONAL","D1510",3
"Light rigid trucks","Petrol","INTERNATIONAL","D1610",3
"Light rigid trucks","Petrol","INTERNATIONAL","UNKNOWN",52
"Light rigid trucks","Petrol","ISUZU","ELF",0
"Light rigid trucks","Petrol","ISUZU","FRR",0
"Light rigid trucks","Petrol","ISUZU","NKR",74
"Light rigid trucks","Petrol","ISUZU","NLR",67
"Light rigid trucks","Petrol","ISUZU","NLS",3
"Light rigid trucks","Petrol","ISUZU","NMR",7
"Light rigid trucks","Petrol","ISUZU","NNR",61
"Light rigid trucks","Petrol","ISUZU","NPR",236
"Light rigid trucks","Petrol","ISUZU","NPS",0
"Light rigid trucks","Petrol","ISUZU","UNKNOWN",20
"Light rigid trucks","Petrol","IVECO","DAILY",71
"Light rigid trucks","Petrol","JEEP","GLADIATOR",12
"Light rigid trucks","Petrol","JEEP","J SERIES",0
"Light rigid trucks","Petrol","KAWASAKI","UNKNOWN",0
"Light rigid trucks","Petrol","KIA","CERES",3
"Light rigid trucks","Petrol","LAND ROVER","UNKNOWN",3
"Light rigid trucks","Petrol","LDV","DELIVER 9",52
"Light rigid trucks","Petrol","LDV","G10",0
"Light rigid trucks","Petrol","LDV","V80",3
"Light rigid trucks","Petrol","LEYLAND","UNKNOWN",0
"Light rigid trucks","Petrol","MACK","UNKNOWN",3
"Light rigid trucks","Petrol","MAZDA","1000",3
"Light rigid trucks","Petrol","MAZDA","B2600",16
"Light rigid trucks","Petrol","MAZDA","B4000",3
"Light rigid trucks","Petrol","MAZDA","E2000",16
"Light rigid trucks","Petrol","MAZDA","T2000",7
"Light rigid trucks","Petrol","MAZDA","T3500",12
"Light rigid trucks","Petrol","MAZDA","T4000",23
"Light rigid trucks","Petrol","MAZDA","T4600",8
"Light rigid trucks","Petrol","MAZDA","TITAN",3
"Light rigid trucks","Petrol","MAZDA","UNKNOWN",5
"Light rigid trucks","Petrol","MERCEDES-BENZ","SPRINTER",114
"Light rigid trucks","Petrol","MITSUBISHI","CANTER",109
"Light rigid trucks","Petrol","MITSUBISHI","DELICA",3
"Light rigid trucks","Petrol","MITSUBISHI","MINICAB",0
"Light rigid trucks","Petrol","MITSUBISHI","TRITON",13
"Light rigid trucks","Petrol","MITSUBISHI","UNKNOWN",4
"Light rigid trucks","Petrol","MORRIS","COMMERCIAL LC3",3
"Light rigid trucks","Petrol","NISSAN","720",0
"Light rigid trucks","Petrol","NISSAN","CABSTAR",4
"Light rigid trucks","Petrol","NISSAN","NAVARA",8
"Light rigid trucks","Petrol","NISSAN","PATROL",3
"Light rigid trucks","Petrol","NISSAN","UNKNOWN",3
"Light rigid trucks","Petrol","OLDSMOBILE","UNKNOWN",0
"Light rigid trucks","Petrol","PEUGEOT","UNKNOWN",3
"Light rigid trucks","Petrol","RAM","1500",1323
"Light rigid trucks","Petrol","RAM","2500",69
"Light rigid trucks","Petrol","RENAULT","MASTER",6
"Light rigid trucks","Petrol","REO","UNKNOWN",0
"Light rigid trucks","Petrol","SSANGYONG","MUSSO",0
"Light rigid trucks","Petrol","STUDEBAKER","US6",0
"Light rigid trucks","Petrol","SUZUKI","APV",0
"Light rigid trucks","Petrol","SUZUKI","CARRY",6
"Light rigid trucks","Petrol","TOYOTA","DYNA",457
"Light rigid trucks","Petrol","TOYOTA","HIACE",7
"Light rigid trucks","Petrol","TOYOTA","HILUX",101
"Light rigid trucks","Petrol","TOYOTA","LANDCRUISER",11
"Light rigid trucks","Petrol","TOYOTA","STOUT",3
"Light rigid trucks","Petrol","TOYOTA","TOWNACE",3
"Light rigid trucks","Petrol","TOYOTA","TOYOACE",3
"Light rigid trucks","Petrol","TOYOTA","TUNDRA",145
"Light rigid trucks","Petrol","TOYOTA","UNKNOWN",29
"Light rigid trucks","Petrol","UNKNOWN","UNKNOWN",5
"Light rigid trucks","Petrol","VOLKSWAGEN","CRAFTER",4
"Light rigid trucks","Petrol","VOLKSWAGEN","KOMBI",3
"Light rigid trucks","Petrol","VOLKSWAGEN","TRANSPORTER",7
"Light rigid trucks","Petrol","VOLVO","FL",3
"Light rigid trucks","Diesel","AGRALE MARRUA","UNKNOWN",0
"Light rigid trucks","Diesel","BEDFORD","J SERIES",3
"Light rigid trucks","Diesel","BEDFORD","TK",3
"Light rigid trucks","Diesel","BEDFORD","UNKNOWN",0
"Light rigid trucks","Diesel","BEDFORD-ISUZU","UNKNOWN",0
"Light rigid trucks","Diesel","CHEVROLET","K2500",0
"Light rigid trucks","Diesel","CHEVROLET","SILVERADO",2340
"Light rigid trucks","Diesel","COMMER","UNKNOWN",3
"Light rigid trucks","Diesel","CUSTOM MADE","UNKNOWN",3
"Light rigid trucks","Diesel","DAIHATSU","DELTA",1501
"Light rigid trucks","Diesel","DAIHATSU","UNKNOWN",36
"Light rigid trucks","Diesel","DAIMLER","UNKNOWN",0
"Light rigid trucks","Diesel","DATSUN","720",0
"Light rigid trucks","Diesel","DODGE","AT4",0
"Light rigid trucks","Diesel","DODGE","CHARGER",0
"Light rigid trucks","Diesel","DODGE","D5N",3
"Light rigid trucks","Diesel","DODGE","RAM 1500",3
"Light rigid trucks","Diesel","DODGE","RAM 2500",2947
"Light rigid trucks","Diesel","DODGE","RAM 3500",187
"Light rigid trucks","Diesel","FIAT","DUCATO",3909
"Light rigid trucks","Diesel","FORD","COURIER",7
"Light rigid trucks","Diesel","FORD","D SERIES",0
"Light rigid trucks","Diesel","FORD","ECONOVAN",0
"Light rigid trucks","Diesel","FORD","F150",3
"Light rigid trucks","Diesel","FORD","F250",7596
"Light rigid trucks","Diesel","FORD","F350",643
"Light rigid trucks","Diesel","FORD","F450",0
"Light rigid trucks","Diesel","FORD","MAVERICK",0
"Light rigid trucks","Diesel","FORD","RANGER",3776
"Light rigid trucks","Diesel","FORD","TRADER",313
"Light rigid trucks","Diesel","FORD","TRANSIT",14774
"Light rigid trucks","Diesel","FORD","UNKNOWN",7
"Light rigid trucks","Diesel","FOTON","AUMARK",517
"Light rigid trucks","Diesel","FOTON","TUNLAND",0
"Light rigid trucks","Diesel","FOTON","UNKNOWN",0
"Light rigid trucks","Diesel","FUSO","CANTER",23421
"Light rigid trucks","Diesel","GMC","SIERRA",158
"Light rigid trucks","Diesel","GMC","UNKNOWN",0
"Light rigid trucks","Diesel","HINO","300 SERIES",24053
"Light rigid trucks","Diesel","HINO","AC140",0
"Light rigid trucks","Diesel","HINO","DUTRO",2865
"Light rigid trucks","Diesel","HINO","DYNA",335
"Light rigid trucks","Diesel","HINO","FB4J",0
"Light rigid trucks","Diesel","HINO","FC",4
"Light rigid trucks","Diesel","HINO","FD",0
"Light rigid trucks","Diesel","HINO","FG",3
"Light rigid trucks","Diesel","HINO","FT",0
"Light rigid trucks","Diesel","HINO","GT",3
"Light rigid trucks","Diesel","HINO","RANGER",3
"Light rigid trucks","Diesel","HINO","UNKNOWN",18
"Light rigid trucks","Diesel","HOLDEN","COLORADO",3
"Light rigid trucks","Diesel","HOLDEN","RODEO",19
"Light rigid trucks","Diesel","HYUNDAI","HD45",38
"Light rigid trucks","Diesel","HYUNDAI","HD65",3
"Light rigid trucks","Diesel","HYUNDAI","MIGHTY",401
"Light rigid trucks","Diesel","HYUNDAI","UNKNOWN",15
"Light rigid trucks","Diesel","INEOS","GRENADIER",403
"Light rigid trucks","Diesel","INTERNATIONAL","AB130",0
"Light rigid trucks","Diesel","INTERNATIONAL","C1300",5
"Light rigid trucks","Diesel","INTERNATIONAL","D SERIES",0
"Light rigid trucks","Diesel","INTERNATIONAL","D1310",5
"Light rigid trucks","Diesel","INTERNATIONAL","D1410",0
"Light rigid trucks","Diesel","INTERNATIONAL","D1510",0
"Light rigid trucks","Diesel","INTERNATIONAL","N1650",3
"Light rigid trucks","Diesel","INTERNATIONAL","UNKNOWN",3
"Light rigid trucks","Diesel","ISUZU","D-MAX",1972
"Light rigid trucks","Diesel","ISUZU","ELF",90
"Light rigid trucks","Diesel","ISUZU","FFR",3
"Light rigid trucks","Diesel","ISUZU","FRR",5
"Light rigid trucks","Diesel","ISUZU","FSR",4
"Light rigid trucks","Diesel","ISUZU","FSS",0
"Light rigid trucks","Diesel","ISUZU","FVM",0
"Light rigid trucks","Diesel","ISUZU","KS",0
"Light rigid trucks","Diesel","ISUZU","KT",0
"Light rigid trucks","Diesel","ISUZU","N SERIES",66
"Light rigid trucks","Diesel","ISUZU","NKR",3791
"Light rigid trucks","Diesel","ISUZU","NLR",13444
"Light rigid trucks","Diesel","ISUZU","NLS",479
"Light rigid trucks","Diesel","ISUZU","NMR",583
"Light rigid trucks","Diesel","ISUZU","NNR",11452
"Light rigid trucks","Diesel","ISUZU","NPR",27611
"Light rigid trucks","Diesel","ISUZU","NPS",404
"Light rigid trucks","Diesel","ISUZU","NQR",20
"Light rigid trucks","Diesel","ISUZU","NRR",3
"Light rigid trucks","Diesel","ISUZU","SBR",0
"Light rigid trucks","Diesel","ISUZU","TLD",4
"Light rigid trucks","Diesel","ISUZU","UNKNOWN",55
"Light rigid trucks","Diesel","ISUZU-HICOM","UNKNOWN",0
"Light rigid trucks","Diesel","IVECO","DAILY",7799
"Light rigid trucks","Diesel","IVECO","UNKNOWN",0
"Light rigid trucks","Diesel","JAC","N721",0
"Light rigid trucks","Diesel","JAC","UNKNOWN",3
"Light rigid trucks","Diesel","JMC","UNKNOWN",13
"Light rigid trucks","Diesel","KENWORTH","W SERIES",3
"Light rigid trucks","Diesel","KIA","CERES",9
"Light rigid trucks","Diesel","KIA","K2700",61
"Light rigid trucks","Diesel","KIA","K2900",5
"Light rigid trucks","Diesel","LAND ROVER","110",11
"Light rigid trucks","Diesel","LAND ROVER","DEFENDER",8
"Light rigid trucks","Diesel","LAND ROVER","PERENTIE",0
"Light rigid trucks","Diesel","LAND ROVER","UNKNOWN",12
"Light rigid trucks","Diesel","LDV","DELIVER 9",8922
"Light rigid trucks","Diesel","LDV","G10",19
"Light rigid trucks","Diesel","LDV","T60",18
"Light rigid trucks","Diesel","LDV","V80",23
"Light rigid trucks","Diesel","LEYLAND","UNKNOWN",3
"Light rigid trucks","Diesel","MACK","B61",3
"Light rigid trucks","Diesel","MAHINDRA","PIK-UP",3
"Light rigid trucks","Diesel","MAZDA","B2200",3
"Light rigid trucks","Diesel","MAZDA","B2500",9
"Light rigid trucks","Diesel","MAZDA","B3000",664
"Light rigid trucks","Diesel","MAZDA","B3200",5
"Light rigid trucks","Diesel","MAZDA","E2200",7
"Light rigid trucks","Diesel","MAZDA","E2500",6
"Light rigid trucks","Diesel","MAZDA","PARKWAY",3
"Light rigid trucks","Diesel","MAZDA","T3000",4
"Light rigid trucks","Diesel","MAZDA","T3500",387
"Light rigid trucks","Diesel","MAZDA","T4000",506
"Light rigid trucks","Diesel","MAZDA","T4100",4
"Light rigid trucks","Diesel","MAZDA","T4600",269
"Light rigid trucks","Diesel","MAZDA","TITAN",132
"Light rigid trucks","Diesel","MAZDA","UNKNOWN",12
"Light rigid trucks","Diesel","MERCEDES-BENZ","912",0
"Light rigid trucks","Diesel","MERCEDES-BENZ","G300",197
"Light rigid trucks","Diesel","MERCEDES-BENZ","SPRINTER",28565
"Light rigid trucks","Diesel","MERCEDES-BENZ","UNIMOG",0
"Light rigid trucks","Diesel","MERCEDES-BENZ","VITO",0
"Light rigid trucks","Diesel","MITSUBISHI","CANTER",4154
"Light rigid trucks","Diesel","MITSUBISHI","FE SERIES",8
"Light rigid trucks","Diesel","MITSUBISHI","FE211",3
"Light rigid trucks","Diesel","MITSUBISHI","FG SERIES",89
"Light rigid trucks","Diesel","MITSUBISHI","TRITON",6
"Light rigid trucks","Diesel","MITSUBISHI","UNKNOWN",17
"Light rigid trucks","Diesel","NISSAN","ATLAS",154
"Light rigid trucks","Diesel","NISSAN","CABSTAR",7
"Light rigid trucks","Diesel","NISSAN","CONDOR",40
"Light rigid trucks","Diesel","NISSAN","NAVARA",26
"Light rigid trucks","Diesel","NISSAN","PATROL",67
"Light rigid trucks","Diesel","NISSAN","TITAN",3
"Light rigid trucks","Diesel","NISSAN","UNKNOWN",3
"Light rigid trucks","Diesel","OKA","LT SERIES",0
"Light rigid trucks","Diesel","OKA","UNKNOWN",0
"Light rigid trucks","Diesel","PEUGEOT","BOXER",213
"Light rigid trucks","Diesel","PEUGEOT","SUPER SONIC",9
"Light rigid trucks","Diesel","PEUGEOT","UNKNOWN",0
"Light rigid trucks","Diesel","RAM","1500",6
"Light rigid trucks","Diesel","RAM","2500",857
"Light rigid trucks","Diesel","RAM","3500",3
"Light rigid trucks","Diesel","RENAULT","MASTER",11403
"Light rigid trucks","Diesel","RENAULT","TRAFIC",3
"Light rigid trucks","Diesel","SSANGYONG","MUSSO",0
"Light rigid trucks","Diesel","TOYOTA","COMMUTER",200
"Light rigid trucks","Diesel","TOYOTA","DYNA",2619
"Light rigid trucks","Diesel","TOYOTA","HIACE",222
"Light rigid trucks","Diesel","TOYOTA","HILUX",2456
"Light rigid trucks","Diesel","TOYOTA","LANDCRUISER",25846
"Light rigid trucks","Diesel","TOYOTA","TOWNACE",0
"Light rigid trucks","Diesel","TOYOTA","TOYOACE",4
"Light rigid trucks","Diesel","TOYOTA","TUNDRA",16
"Light rigid trucks","Diesel","TOYOTA","UNKNOWN",59
"Light rigid trucks","Diesel","UD","MKA SERIES",0
"Light rigid trucks","Diesel","VOLKSWAGEN","AMAROK",30
"Light rigid trucks","Diesel","VOLKSWAGEN","CRAFTER",8745
"Light rigid trucks","Diesel","VOLKSWAGEN","LT",0
"Light rigid trucks","Diesel","VOLKSWAGEN","TRANSPORTER",7
"Light rigid trucks","Diesel","WHITE","UNKNOWN",0
"Light rigid trucks","Dual fuel","BEDFORD","CF",3
"Light rigid trucks","Dual fuel","BEDFORD","J3",3
"Light rigid trucks","Dual fuel","CHEVROLET","C3500",3
"Light rigid trucks","Dual fuel","CHEVROLET","UNKNOWN",0
"Light rigid trucks","Dual fuel","DAIHATSU","DELTA",3
"Light rigid trucks","Dual fuel","DODGE","D5N",0
"Light rigid trucks","Dual fuel","DODGE","RAM 2500",5
"Light rigid trucks","Dual fuel","DODGE","RAM 3500",3
"Light rigid trucks","Dual fuel","FIAT","DUCATO",3
"Light rigid trucks","Dual fuel","FORD","COURIER",0
"Light rigid trucks","Dual fuel","FORD","D SERIES",0
"Light rigid trucks","Dual fuel","FORD","F150",0
"Light rigid trucks","Dual fuel","FORD","F250",249
"Light rigid trucks","Dual fuel","FORD","F350",178
"Light rigid trucks","Dual fuel","FORD","THAMES",3
"Light rigid trucks","Dual fuel","FORD","TRADER",3
"Light rigid trucks","Dual fuel","FORD","TRANSIT",12
"Light rigid trucks","Dual fuel","FORD","UNKNOWN",0
"Light rigid trucks","Dual fuel","FUSO","CANTER",16
"Light rigid trucks","Dual fuel","GMC","C2500",0
"Light rigid trucks","Dual fuel","GMC","SIERRA",0
"Light rigid trucks","Dual fuel","HINO","300 SERIES",25
"Light rigid trucks","Dual fuel","HINO","DUTRO",3
"Light rigid trucks","Dual fuel","HOLDEN","RODEO",6
"Light rigid trucks","Dual fuel","INTERNATIONAL","C1300",0
"Light rigid trucks","Dual fuel","INTERNATIONAL","D SERIES",3
"Light rigid trucks","Dual fuel","INTERNATIONAL","D1310",5
"Light rigid trucks","Dual fuel","ISUZU","NKR",3
"Light rigid trucks","Dual fuel","ISUZU","NLR",14
"Light rigid trucks","Dual fuel","ISUZU","NNR",0
"Light rigid trucks","Dual fuel","ISUZU","NPR",27
"Light rigid trucks","Dual fuel","ISUZU","NPS",3
"Light rigid trucks","Dual fuel","IVECO","DAILY",10
"Light rigid trucks","Dual fuel","LDV","DELIVER 9",0
"Light rigid trucks","Dual fuel","MAZDA","B2600",0
"Light rigid trucks","Dual fuel","MAZDA","E2000",0
"Light rigid trucks","Dual fuel","MAZDA","T4000",3
"Light rigid trucks","Dual fuel","MERCEDES-BENZ","SPRINTER",11
"Light rigid trucks","Dual fuel","MITSUBISHI","CANTER",5
"Light rigid trucks","Dual fuel","MITSUBISHI","TRITON",0
"Light rigid trucks","Dual fuel","MITSUBISHI","UNKNOWN",0
"Light rigid trucks","Dual fuel","NISSAN","NAVARA",0
"Light rigid trucks","Dual fuel","NISSAN","UNKNOWN",0
"Light rigid trucks","Dual fuel","RAM","1500",0
"Light rigid trucks","Dual fuel","RENAULT","MASTER",4
"Light rigid trucks","Dual fuel","TOYOTA","DYNA",18
"Light rigid trucks","Dual fuel","TOYOTA","HIACE",3
"Light rigid trucks","Dual fuel","TOYOTA","HILUX",0
"Light rigid trucks","Dual fuel","TOYOTA","LANDCRUISER",0
"Light rigid trucks","Dual fuel","TOYOTA","TUNDRA",24
"Light rigid trucks","Hybrid electric","DODGE","RAM 2500",3
"Light rigid trucks","Hybrid electric","FORD","F150",0
"Light rigid trucks","Hybrid electric","FUSO","CANTER",3
"Light rigid trucks","Hybrid electric","HINO","300 SERIES",101
"Light rigid trucks","Hybrid electric","RAM","1500",44
"Light rigid trucks","Hybrid electric","TOYOTA","HILUX",14
"Light rigid trucks","Hybrid electric","TOYOTA","TUNDRA",359
"Light rigid trucks","Battery/Fuel-cell electric","BCI","UNKNOWN",0
"Light rigid trucks","Battery/Fuel-cell electric","EURISE","UNKNOWN",6
"Light rigid trucks","Battery/Fuel-cell electric","FORD","F150",59
"Light rigid trucks","Battery/Fuel-cell electric","FORD","TRANSIT",135
"Light rigid trucks","Battery/Fuel-cell electric","FOTON","IBLUE",92
"Light rigid trucks","Battery/Fuel-cell electric","FUSO","CANTER",4
"Light rigid trucks","Battery/Fuel-cell electric","HINO","300 SERIES",6
"Light rigid trucks","Battery/Fuel-cell electric","HINO","DYNA",3
"Light rigid trucks","Battery/Fuel-cell electric","IVECO","DAILY",0
"Light rigid trucks","Battery/Fuel-cell electric","JAC","UNKNOWN",7
"Light rigid trucks","Battery/Fuel-cell electric","LDV","DELIVER 7",3
"Light rigid trucks","Battery/Fuel-cell electric","LDV","DELIVER 9",81
"Light rigid trucks","Battery/Fuel-cell electric","LDV","EDELIVER 7",149
"Light rigid trucks","Battery/Fuel-cell electric","LDV","UNKNOWN",6
"Light rigid trucks","Battery/Fuel-cell electric","MAZDA","T4600",0
"Light rigid trucks","Battery/Fuel-cell electric","MERCEDES-BENZ","SPRINTER",7
"Light rigid trucks","Battery/Fuel-cell electric","SKYWELL","EC11E",4
"Light rigid trucks","Battery/Fuel-cell electric","TOYOTA","HILUX",0
"Light rigid trucks","Other","CHEVROLET","C3500",0
"Light rigid trucks","Other","FORD","F SERIES",0
"Light rigid trucks","Other","FORD","F250",20
"Light rigid trucks","Other","FORD","F350",73
"Light rigid trucks","Other","FORD","TRADER",0
"Light rigid trucks","Other","FUSO","CANTER",0
"Light rigid trucks","Other","HINO","300 SERIES",3
"Light rigid trucks","Other","HINO","DUTRO",0
"Light rigid trucks","Other","HOLDEN","RODEO",3
"Light rigid trucks","Other","INTERNATIONAL","AB130",3
"Light rigid trucks","Other","ISUZU","NLR",5
"Light rigid trucks","Other","ISUZU","NPR",0
"Light rigid trucks","Other","IVECO","DAILY",3
"Light rigid trucks","Other","LDV","DELIVER 9",0
"Light rigid trucks","Other","MAZDA","B2600",3
"Light rigid trucks","Other","MAZDA","T3500",3
"Light rigid trucks","Other","MAZDA","TITAN",0
"Light rigid trucks","Other","MERCEDES-BENZ","SPRINTER",3
"Light rigid trucks","Other","MITSUBISHI","CANTER",3
"Light rigid trucks","Other","TOYOTA","DYNA",7
"Light rigid trucks","Other","TOYOTA","UNKNOWN",0
"Heavy rigid trucks","Petrol","AEC","UNKNOWN",3
"Heavy rigid trucks","Petrol","AIRSTREAM","UNKNOWN",3
"Heavy rigid trucks","Petrol","ALBION","UNKNOWN",3
"Heavy rigid trucks","Petrol","ATKINSON","UNKNOWN",3
"Heavy rigid trucks","Petrol","AUSTIN","338N",3
"Heavy rigid trucks","Petrol","AUSTIN","K2",3
"Heavy rigid trucks","Petrol","AUSTIN","UNKNOWN",58
"Heavy rigid trucks","Petrol","BEDFORD","A SERIES",3
"Heavy rigid trucks","Petrol","BEDFORD","CF",3
"Heavy rigid trucks","Petrol","BEDFORD","CJ",4
"Heavy rigid trucks","Petrol","BEDFORD","FJ",3
"Heavy rigid trucks","Petrol","BEDFORD","J SERIES",10
"Heavy rigid trucks","Petrol","BEDFORD","J1",3
"Heavy rigid trucks","Petrol","BEDFORD","J2",12
"Heavy rigid trucks","Petrol","BEDFORD","J3",14
"Heavy rigid trucks","Petrol","BEDFORD","J5",28
"Heavy rigid trucks","Petrol","BEDFORD","K SERIES",4
"Heavy rigid trucks","Petrol","BEDFORD","KG",8
"Heavy rigid trucks","Petrol","BEDFORD","ML",3
"Heavy rigid trucks","Petrol","BEDFORD","SB",3
"Heavy rigid trucks","Petrol","BEDFORD","TJ",9
"Heavy rigid trucks","Petrol","BEDFORD","TK",55
"Heavy rigid trucks","Petrol","BEDFORD","UNKNOWN",691
"Heavy rigid trucks","Petrol","BEDFORD-ISUZU","UNKNOWN",50
"Heavy rigid trucks","Petrol","BMC","UNKNOWN",3
"Heavy rigid trucks","Petrol","CHEVROLET","150",6
"Heavy rigid trucks","Petrol","CHEVROLET","BLITZ",3
"Heavy rigid trucks","Petrol","CHEVROLET","C1500",0
"Heavy rigid trucks","Petrol","CHEVROLET","C30",0
"Heavy rigid trucks","Petrol","CHEVROLET","C3500",7
"Heavy rigid trucks","Petrol","CHEVROLET","CHEVELLE",0
"Heavy rigid trucks","Petrol","CHEVROLET","EXPRESS",3
"Heavy rigid trucks","Petrol","CHEVROLET","K3500",3
"Heavy rigid trucks","Petrol","CHEVROLET","LOADMASTER",0
"Heavy rigid trucks","Petrol","CHEVROLET","MAPLE LEAF",4
"Heavy rigid trucks","Petrol","CHEVROLET","SILVERADO",30
"Heavy rigid trucks","Petrol","CHEVROLET","UNKNOWN",119
"Heavy rigid trucks","Petrol","CHRYSLER","D5N",15
"Heavy rigid trucks","Petrol","CHRYSLER","DODGE",10
"Heavy rigid trucks","Petrol","CHRYSLER","UNKNOWN",48
"Heavy rigid trucks","Petrol","CHRYSLER","VALIANT",0
"Heavy rigid trucks","Petrol","COMMER","SUPERPOISE",4
"Heavy rigid trucks","Petrol","COMMER","UNKNOWN",13
"Heavy rigid trucks","Petrol","DAF","CF RANGE",21
"Heavy rigid trucks","Petrol","DAF","LF RANGE",5
"Heavy rigid trucks","Petrol","DAF","UNKNOWN",3
"Heavy rigid trucks","Petrol","DAIHATSU","DELTA",19
"Heavy rigid trucks","Petrol","DAIHATSU","UNKNOWN",10
"Heavy rigid trucks","Petrol","DAIMLER","UNKNOWN",3
"Heavy rigid trucks","Petrol","DATSUN","UNKNOWN",3
"Heavy rigid trucks","Petrol","DE SOTO","UNKNOWN",3
"Heavy rigid trucks","Petrol","DENNIS EAGLE","ELITE",5
"Heavy rigid trucks","Petrol","DIAMOND REO","UNKNOWN",4
"Heavy rigid trucks","Petrol","DIAMOND T","UNKNOWN",7
"Heavy rigid trucks","Petrol","DODGE","575",17
"Heavy rigid trucks","Petrol","DODGE","AT4",51
"Heavy rigid trucks","Petrol","DODGE","D300",0
"Heavy rigid trucks","Petrol","DODGE","D3F",3
"Heavy rigid trucks","Petrol","DODGE","D400",9
"Heavy rigid trucks","Petrol","DODGE","D5",3
"Heavy rigid trucks","Petrol","DODGE","D500",6
"Heavy rigid trucks","Petrol","DODGE","D5N",74
"Heavy rigid trucks","Petrol","DODGE","DA",0
"Heavy rigid trucks","Petrol","DODGE","RAM 2500",0
"Heavy rigid trucks","Petrol","DODGE","RAM 3500",12
"Heavy rigid trucks","Petrol","DODGE","UNKNOWN",795
"Heavy rigid trucks","Petrol","FARGO","UNKNOWN",0
"Heavy rigid trucks","Petrol","FIAT","UNKNOWN",0
"Heavy rigid trucks","Petrol","FLEETWOOD","UNKNOWN",0
"Heavy rigid trucks","Petrol","FODEN","UNKNOWN",6
"Heavy rigid trucks","Petrol","FORD","9000",3
"Heavy rigid trucks","Petrol","FORD","BEARCAT",0
"Heavy rigid trucks","Petrol","FORD","BLITZ",4
"Heavy rigid trucks","Petrol","FORD","CARGO",7
"Heavy rigid trucks","Petrol","FORD","CONSUL",0
"Heavy rigid trucks","Petrol","FORD","D SERIES",32
"Heavy rigid trucks","Petrol","FORD","ECONOLINE",0
"Heavy rigid trucks","Petrol","FORD","F SERIES",0
"Heavy rigid trucks","Petrol","FORD","F100",6
"Heavy rigid trucks","Petrol","FORD","F150",3
"Heavy rigid trucks","Petrol","FORD","F250",10
"Heavy rigid trucks","Petrol","FORD","F350",44
"Heavy rigid trucks","Petrol","FORD","F450",3
"Heavy rigid trucks","Petrol","FORD","F500",20
"Heavy rigid trucks","Petrol","FORD","F550",0
"Heavy rigid trucks","Petrol","FORD","F600",33
"Heavy rigid trucks","Petrol","FORD","F650",3
"Heavy rigid trucks","Petrol","FORD","F700",21
"Heavy rigid trucks","Petrol","FORD","FREIGHTER",0
"Heavy rigid trucks","Petrol","FORD","L-SERIES",4
"Heavy rigid trucks","Petrol","FORD","L SERIES",5
"Heavy rigid trucks","Petrol","FORD","L800",0
"Heavy rigid trucks","Petrol","FORD","L900",3
"Heavy rigid trucks","Petrol","FORD","LN7000",0
"Heavy rigid trucks","Petrol","FORD","LN900",4
"Heavy rigid trucks","Petrol","FORD","LNT8000",3
"Heavy rigid trucks","Petrol","FORD","LNT900",0
"Heavy rigid trucks","Petrol","FORD","LNT9000",0
"Heavy rigid trucks","Petrol","FORD","LT9000",0
"Heavy rigid trucks","Petrol","FORD","LTL9000",3
"Heavy rigid trucks","Petrol","FORD","LTS8000",3
"Heavy rigid trucks","Petrol","FORD","LTS9000",3
"Heavy rigid trucks","Petrol","FORD","THAMES",5
"Heavy rigid trucks","Petrol","FORD","TRADER",26
"Heavy rigid trucks","Petrol","FORD","TRANSIT",3
"Heavy rigid trucks","Petrol","FORD","UNKNOWN",506
"Heavy rigid trucks","Petrol","FOTON","AUMAN",3
"Heavy rigid trucks","Petrol","FOTON","AUMARK",3
"Heavy rigid trucks","Petrol","FREIGHTLINER","CASCADIA",0
"Heavy rigid trucks","Petrol","FREIGHTLINER","CL112",12
"Heavy rigid trucks","Petrol","FREIGHTLINER","CORONADO",3
"Heavy rigid trucks","Petrol","FREIGHTLINER","FL112",8
"Heavy rigid trucks","Petrol","FREIGHTLINER","FL80",4
"Heavy rigid trucks","Petrol","FUSO","CANTER",149
"Heavy rigid trucks","Petrol","FUSO","FK",97
"Heavy rigid trucks","Petrol","FUSO","FM",52
"Heavy rigid trucks","Petrol","FUSO","FN",15
"Heavy rigid trucks","Petrol","FUSO","FS",11
"Heavy rigid trucks","Petrol","FUSO","FU",3
"Heavy rigid trucks","Petrol","FUSO","FV",15
"Heavy rigid trucks","Petrol","GMC","SIERRA",15
"Heavy rigid trucks","Petrol","GMC","UNKNOWN",20
"Heavy rigid trucks","Petrol","HINO","300 SERIES",35
"Heavy rigid trucks","Petrol","HINO","DUTRO",40
"Heavy rigid trucks","Petrol","HINO","DYNA",7
"Heavy rigid trucks","Petrol","HINO","FB4J",3
"Heavy rigid trucks","Petrol","HINO","FC",90
"Heavy rigid trucks","Petrol","HINO","FD",124
"Heavy rigid trucks","Petrol","HINO","FE",52
"Heavy rigid trucks","Petrol","HINO","FF",20
"Heavy rigid trucks","Petrol","HINO","FG",53
"Heavy rigid trucks","Petrol","HINO","FL",4
"Heavy rigid trucks","Petrol","HINO","FM",52
"Heavy rigid trucks","Petrol","HINO","FS",12
"Heavy rigid trucks","Petrol","HINO","FT",0
"Heavy rigid trucks","Petrol","HINO","FY",9
"Heavy rigid trucks","Petrol","HINO","GD",33
"Heavy rigid trucks","Petrol","HINO","GH",66
"Heavy rigid trucks","Petrol","HINO","GT",19
"Heavy rigid trucks","Petrol","HINO","KL",0
"Heavy rigid trucks","Petrol","HINO","RANGER",3
"Heavy rigid trucks","Petrol","HINO","UNKNOWN",43
"Heavy rigid trucks","Petrol","HMC","UNKNOWN",0
"Heavy rigid trucks","Petrol","HUMBER","UNKNOWN",0
"Heavy rigid trucks","Petrol","HUMMER","H2",12
"Heavy rigid trucks","Petrol","HUMMER","UNKNOWN",3
"Heavy rigid trucks","Petrol","HYUNDAI","MIGHTY",9
"Heavy rigid trucks","Petrol","INTERNATIONAL","1850",3
"Heavy rigid trucks","Petrol","INTERNATIONAL","1910",9
"Heavy rigid trucks","Petrol","INTERNATIONAL","1980",0
"Heavy rigid trucks","Petrol","INTERNATIONAL","9200",0
"Heavy rigid trucks","Petrol","INTERNATIONAL","9900I",0
"Heavy rigid trucks","Petrol","INTERNATIONAL","AA160",9
"Heavy rigid trucks","Petrol","INTERNATIONAL","AB160",13
"Heavy rigid trucks","Petrol","INTERNATIONAL","AB180",5
"Heavy rigid trucks","Petrol","INTERNATIONAL","ACCO",147
"Heavy rigid trucks","Petrol","INTERNATIONAL","ACCO 1710",17
"Heavy rigid trucks","Petrol","INTERNATIONAL","ACCO 1730",0
"Heavy rigid trucks","Petrol","INTERNATIONAL","ACCO 1810",40
"Heavy rigid trucks","Petrol","INTERNATIONAL","ACCO 1830",9
"Heavy rigid trucks","Petrol","INTERNATIONAL","ACCO 1840",3
"Heavy rigid trucks","Petrol","INTERNATIONAL","ACCO 1850",4
"Heavy rigid trucks","Petrol","INTERNATIONAL","ACCO 1910",5
"Heavy rigid trucks","Petrol","INTERNATIONAL","ACCO 1930",0
"Heavy rigid trucks","Petrol","INTERNATIONAL","ACCO 1950",0
"Heavy rigid trucks","Petrol","INTERNATIONAL","ACCO 2150",3
"Heavy rigid trucks","Petrol","INTERNATIONAL","ACCO 2250",0
"Heavy rigid trucks","Petrol","INTERNATIONAL","ACCO 2350",6
"Heavy rigid trucks","Petrol","INTERNATIONAL","ACCO 3070",3
"Heavy rigid trucks","Petrol","INTERNATIONAL","ACCO 610A",9
"Heavy rigid trucks","Petrol","INTERNATIONAL","C1300",8
"Heavy rigid trucks","Petrol","INTERNATIONAL","C1500",20
"Heavy rigid trucks","Petrol","INTERNATIONAL","C1600",26
"Heavy rigid trucks","Petrol","INTERNATIONAL","C1800",15
"Heavy rigid trucks","Petrol","INTERNATIONAL","C1840",4
"Heavy rigid trucks","Petrol","INTERNATIONAL","D SERIES",20
"Heavy rigid trucks","Petrol","INTERNATIONAL","D1310",9
"Heavy rigid trucks","Petrol","INTERNATIONAL","D1410",8
"Heavy rigid trucks","Petrol","INTERNATIONAL","D1510",26
"Heavy rigid trucks","Petrol","INTERNATIONAL","D1610",21
"Heavy rigid trucks","Petrol","INTERNATIONAL","D1710",15
"Heavy rigid trucks","Petrol","INTERNATIONAL","D1810",10
"Heavy rigid trucks","Petrol","INTERNATIONAL","F SERIES",3
"Heavy rigid trucks","Petrol","INTERNATIONAL","K SERIES",0
"Heavy rigid trucks","Petrol","INTERNATIONAL","N1630",3
"Heavy rigid trucks","Petrol","INTERNATIONAL","S SERIES",3
"Heavy rigid trucks","Petrol","INTERNATIONAL","S2670",4
"Heavy rigid trucks","Petrol","INTERNATIONAL","S3600",0
"Heavy rigid trucks","Petrol","INTERNATIONAL","T2650",0
"Heavy rigid trucks","Petrol","INTERNATIONAL","T2670",5
"Heavy rigid trucks","Petrol","INTERNATIONAL","T2700",0
"Heavy rigid trucks","Petrol","INTERNATIONAL","TF2670",0
"Heavy rigid trucks","Petrol","INTERNATIONAL","TK2670",0
"Heavy rigid trucks","Petrol","INTERNATIONAL","TRANSTAR",0
"Heavy rigid trucks","Petrol","INTERNATIONAL","UNKNOWN",1551
"Heavy rigid trucks","Petrol","ISUZU","CXY",9
"Heavy rigid trucks","Petrol","ISUZU","CXZ",14
"Heavy rigid trucks","Petrol","ISUZU","ELF",5
"Heavy rigid trucks","Petrol","ISUZU","EXY",4
"Heavy rigid trucks","Petrol","ISUZU","F SERIES",3
"Heavy rigid trucks","Petrol","ISUZU","FFR",0
"Heavy rigid trucks","Petrol","ISUZU","FRD",11
"Heavy rigid trucks","Petrol","ISUZU","FRR",213
"Heavy rigid trucks","Petrol","ISUZU","FSD",17
"Heavy rigid trucks","Petrol","ISUZU","FSR",144
"Heavy rigid trucks","Petrol","ISUZU","FSS",5
"Heavy rigid trucks","Petrol","ISUZU","FTR",37
"Heavy rigid trucks","Petrol","ISUZU","FTS",17
"Heavy rigid trucks","Petrol","ISUZU","FUR",5
"Heavy rigid trucks","Petrol","ISUZU","FUZ",7
"Heavy rigid trucks","Petrol","ISUZU","FVD",24
"Heavy rigid trucks","Petrol","ISUZU","FVL",20
"Heavy rigid trucks","Petrol","ISUZU","FVM",12
"Heavy rigid trucks","Petrol","ISUZU","FVR",58
"Heavy rigid trucks","Petrol","ISUZU","FVY",17
"Heavy rigid trucks","Petrol","ISUZU","FVZ",56
"Heavy rigid trucks","Petrol","ISUZU","FXD",3
"Heavy rigid trucks","Petrol","ISUZU","FXL",0
"Heavy rigid trucks","Petrol","ISUZU","FXR",0
"Heavy rigid trucks","Petrol","ISUZU","FXY",10
"Heavy rigid trucks","Petrol","ISUZU","FXZ",20
"Heavy rigid trucks","Petrol","ISUZU","FYH",9
"Heavy rigid trucks","Petrol","ISUZU","FYJ",28
"Heavy rigid trucks","Petrol","ISUZU","FYS",0
"Heavy rigid trucks","Petrol","ISUZU","GIGA",0
"Heavy rigid trucks","Petrol","ISUZU","GVR",3
"Heavy rigid trucks","Petrol","ISUZU","JCR",3
"Heavy rigid trucks","Petrol","ISUZU","JCR360",0
"Heavy rigid trucks","Petrol","ISUZU","JCR500",3
"Heavy rigid trucks","Petrol","ISUZU","KS",3
"Heavy rigid trucks","Petrol","ISUZU","NKR",3
"Heavy rigid trucks","Petrol","ISUZU","NLR",6
"Heavy rigid trucks","Petrol","ISUZU","NMR",10
"Heavy rigid trucks","Petrol","ISUZU","NNR",5
"Heavy rigid trucks","Petrol","ISUZU","NPR",224
"Heavy rigid trucks","Petrol","ISUZU","NPS",34
"Heavy rigid trucks","Petrol","ISUZU","NQR",101
"Heavy rigid trucks","Petrol","ISUZU","NRR",0
"Heavy rigid trucks","Petrol","ISUZU","SBR",12
"Heavy rigid trucks","Petrol","ISUZU","SCR",0
"Heavy rigid trucks","Petrol","ISUZU","UNKNOWN",127
"Heavy rigid trucks","Petrol","IVECO","2350",0
"Heavy rigid trucks","Petrol","IVECO","2350G",4
"Heavy rigid trucks","Petrol","IVECO","6300",3
"Heavy rigid trucks","Petrol","IVECO","ACCO",32
"Heavy rigid trucks","Petrol","IVECO","DAILY",15
"Heavy rigid trucks","Petrol","IVECO","EUROCARGO",7
"Heavy rigid trucks","Petrol","IVECO","EUROTECH",3
"Heavy rigid trucks","Petrol","IVECO","ML150",3
"Heavy rigid trucks","Petrol","IVECO","ML160",4
"Heavy rigid trucks","Petrol","IVECO","ML180",0
"Heavy rigid trucks","Petrol","IVECO","ML230",3
"Heavy rigid trucks","Petrol","IVECO","POWERSTAR",3
"Heavy rigid trucks","Petrol","IVECO","S-WAY",4
"Heavy rigid trucks","Petrol","IVECO","STRALIS",27
"Heavy rigid trucks","Petrol","IVECO","UNKNOWN",4
"Heavy rigid trucks","Petrol","JAC","J75",5
"Heavy rigid trucks","Petrol","JAC","N721",0
"Heavy rigid trucks","Petrol","JEEP","UNKNOWN",3
"Heavy rigid trucks","Petrol","KENWORTH","K100G",0
"Heavy rigid trucks","Petrol","KENWORTH","K104",0
"Heavy rigid trucks","Petrol","KENWORTH","K123",0
"Heavy rigid trucks","Petrol","KENWORTH","K200",7
"Heavy rigid trucks","Petrol","KENWORTH","T300",0
"Heavy rigid trucks","Petrol","KENWORTH","T350",11
"Heavy rigid trucks","Petrol","KENWORTH","T358",3
"Heavy rigid trucks","Petrol","KENWORTH","T359",11
"Heavy rigid trucks","Petrol","KENWORTH","T360",3
"Heavy rigid trucks","Petrol","KENWORTH","T388",3
"Heavy rigid trucks","Petrol","KENWORTH","T400",3
"Heavy rigid trucks","Petrol","KENWORTH","T401",9
"Heavy rigid trucks","Petrol","KENWORTH","T402",0
"Heavy rigid trucks","Petrol","KENWORTH","T404",3
"Heavy rigid trucks","Petrol","KENWORTH","T404SAR",3
"Heavy rigid trucks","Petrol","KENWORTH","T408",3
"Heavy rigid trucks","Petrol","KENWORTH","T408SAR",0
"Heavy rigid trucks","Petrol","KENWORTH","T409",11
"Heavy rigid trucks","Petrol","KENWORTH","T440",3
"Heavy rigid trucks","Petrol","KENWORTH","T480",0
"Heavy rigid trucks","Petrol","KENWORTH","T609",0
"Heavy rigid trucks","Petrol","KENWORTH","T610",4
"Heavy rigid trucks","Petrol","KENWORTH","T650",3
"Heavy rigid trucks","Petrol","KENWORTH","T909",0
"Heavy rigid trucks","Petrol","KENWORTH","UNKNOWN",13
"Heavy rigid trucks","Petrol","KENWORTH","W900",0
"Heavy rigid trucks","Petrol","KENWORTH","W924",3
"Heavy rigid trucks","Petrol","LAND ROVER","110",3
"Heavy rigid trucks","Petrol","LAND ROVER","DEFENDER",3
"Heavy rigid trucks","Petrol","LAND ROVER","MILITARY",0
"Heavy rigid trucks","Petrol","LAND ROVER","PERENTIE",3
"Heavy rigid trucks","Petrol","LAND ROVER","UNKNOWN",3
"Heavy rigid trucks","Petrol","LEADER","UNKNOWN",3
"Heavy rigid trucks","Petrol","LEYLAND","UNKNOWN",28
"Heavy rigid trucks","Petrol","MACK","CH FLEETLINER",3
"Heavy rigid trucks","Petrol","MACK","CH SERIES",7
"Heavy rigid trucks","Petrol","MACK","CH VALUELINER",0
"Heavy rigid trucks","Petrol","MACK","CH666",4
"Heavy rigid trucks","Petrol","MACK","CH688",3
"Heavy rigid trucks","Petrol","MACK","CHR",3
"Heavy rigid trucks","Petrol","MACK","CHR SERIES",3
"Heavy rigid trucks","Petrol","MACK","CHR688",3
"Heavy rigid trucks","Petrol","MACK","CMHR TRIDENT",0
"Heavy rigid trucks","Petrol","MACK","CSMR SERIES",3
"Heavy rigid trucks","Petrol","MACK","CX688",3
"Heavy rigid trucks","Petrol","MACK","FLEETLINER",4
"Heavy rigid trucks","Petrol","MACK","GRANITE",4
"Heavy rigid trucks","Petrol","MACK","MANAGER",0
"Heavy rigid trucks","Petrol","MACK","METROLINER",13
"Heavy rigid trucks","Petrol","MACK","MIDLUM",3
"Heavy rigid trucks","Petrol","MACK","MLR SERIES",3
"Heavy rigid trucks","Petrol","MACK","QUANTUM",3
"Heavy rigid trucks","Petrol","MACK","R SERIES",0
"Heavy rigid trucks","Petrol","MACK","R600",0
"Heavy rigid trucks","Petrol","MACK","R685",0
"Heavy rigid trucks","Petrol","MACK","R688",3
"Heavy rigid trucks","Petrol","MACK","RM686",3
"Heavy rigid trucks","Petrol","MACK","TRIDENT",5
"Heavy rigid trucks","Petrol","MACK","UNKNOWN",23
"Heavy rigid trucks","Petrol","MACK","VALUELINER",3
"Heavy rigid trucks","Petrol","MAN","22. SERIES",0
"Heavy rigid trucks","Petrol","MAN","LM2000",0
"Heavy rigid trucks","Petrol","MAN","TGA",3
"Heavy rigid trucks","Petrol","MAN","TGM",5
"Heavy rigid trucks","Petrol","MAN","TGX",0
"Heavy rigid trucks","Petrol","MAN","UNKNOWN",3
"Heavy rigid trucks","Petrol","MAZDA","E2000",0
"Heavy rigid trucks","Petrol","MAZDA","T2000",0
"Heavy rigid trucks","Petrol","MAZDA","T3500",0
"Heavy rigid trucks","Petrol","MAZDA","T4000",16
"Heavy rigid trucks","Petrol","MAZDA","T4100",4
"Heavy rigid trucks","Petrol","MAZDA","T4600",10
"Heavy rigid trucks","Petrol","MAZDA","TITAN",0
"Heavy rigid trucks","Petrol","MAZDA","UNKNOWN",14
"Heavy rigid trucks","Petrol","MERCEDES-BENZ","1417",3
"Heavy rigid trucks","Petrol","MERCEDES-BENZ","1419",3
"Heavy rigid trucks","Petrol","MERCEDES-BENZ","1422",3
"Heavy rigid trucks","Petrol","MERCEDES-BENZ","1625",3
"Heavy rigid trucks","Petrol","MERCEDES-BENZ","2222",0
"Heavy rigid trucks","Petrol","MERCEDES-BENZ","2224",0
"Heavy rigid trucks","Petrol","MERCEDES-BENZ","2228",5
"Heavy rigid trucks","Petrol","MERCEDES-BENZ","2233",0
"Heavy rigid trucks","Petrol","MERCEDES-BENZ","2235",3
"Heavy rigid trucks","Petrol","MERCEDES-BENZ","ACTROS",12
"Heavy rigid trucks","Petrol","MERCEDES-BENZ","ATEGO",21
"Heavy rigid trucks","Petrol","MERCEDES-BENZ","AXOR",3
"Heavy rigid trucks","Petrol","MERCEDES-BENZ","ECONIC",3
"Heavy rigid trucks","Petrol","MERCEDES-BENZ","S600",0
"Heavy rigid trucks","Petrol","MERCEDES-BENZ","SPRINTER",5
"Heavy rigid trucks","Petrol","MERCEDES-BENZ","UNIMOG",30
"Heavy rigid trucks","Petrol","MERCEDES-BENZ","UNKNOWN",27
"Heavy rigid trucks","Petrol","MERCEDES-BENZ","VARIO",3
"Heavy rigid trucks","Petrol","MITSUBISHI","CANTER",61
"Heavy rigid trucks","Petrol","MITSUBISHI","FG SERIES",3
"Heavy rigid trucks","Petrol","MITSUBISHI","FH SERIES",4
"Heavy rigid trucks","Petrol","MITSUBISHI","FK SERIES",58
"Heavy rigid trucks","Petrol","MITSUBISHI","FK115",3
"Heavy rigid trucks","Petrol","MITSUBISHI","FK415",3
"Heavy rigid trucks","Petrol","MITSUBISHI","FK417",3
"Heavy rigid trucks","Petrol","MITSUBISHI","FM SERIES",36
"Heavy rigid trucks","Petrol","MITSUBISHI","FM215",3
"Heavy rigid trucks","Petrol","MITSUBISHI","FM515",11
"Heavy rigid trucks","Petrol","MITSUBISHI","FN SERIES",0
"Heavy rigid trucks","Petrol","MITSUBISHI","FP418",0
"Heavy rigid trucks","Petrol","MITSUBISHI","FS SERIES",0
"Heavy rigid trucks","Petrol","MITSUBISHI","FV SERIES",10
"Heavy rigid trucks","Petrol","MITSUBISHI","UNKNOWN",64
"Heavy rigid trucks","Petrol","MONACO MOTORHOME","UNKNOWN",3
"Heavy rigid trucks","Petrol","NISSAN","ATLAS",3
"Heavy rigid trucks","Petrol","NISSAN","CABSTAR",3
"Heavy rigid trucks","Petrol","NISSAN","CK SERIES",0
"Heavy rigid trucks","Petrol","NISSAN","CM SERIES",4
"Heavy rigid trucks","Petrol","NISSAN","CONDOR",3
"Heavy rigid trucks","Petrol","NISSAN","UNKNOWN",21
"Heavy rigid trucks","Petrol","OSHKOSH","UNKNOWN",0
"Heavy rigid trucks","Petrol","RAM","2500",4
"Heavy rigid trucks","Petrol","RAM","3500",5
"Heavy rigid trucks","Petrol","RENAULT","MIDLUM",0
"Heavy rigid trucks","Petrol","REO","UNKNOWN",3
"Heavy rigid trucks","Petrol","SCANIA","112",3
"Heavy rigid trucks","Petrol","SCANIA","142",0
"Heavy rigid trucks","Petrol","SCANIA","G SERIES",8
"Heavy rigid trucks","Petrol","SCANIA","P SERIES",28
"Heavy rigid trucks","Petrol","SCANIA","R SERIES",5
"Heavy rigid trucks","Petrol","SCANIA","T SERIES",3
"Heavy rigid trucks","Petrol","SCANIA","UNKNOWN",6
"Heavy rigid trucks","Petrol","SEDDON ATKINSON","UNKNOWN",3
"Heavy rigid trucks","Petrol","SINOTRUK","T5G",7
"Heavy rigid trucks","Petrol","SINOTRUK","UNKNOWN",0
"Heavy rigid trucks","Petrol","SPORTSCOASH","UNKNOWN",0
"Heavy rigid trucks","Petrol","STERLING","LT7500",3
"Heavy rigid trucks","Petrol","STERLING","LT9500",6
"Heavy rigid trucks","Petrol","STERLING","UNKNOWN",3
"Heavy rigid trucks","Petrol","STUDEBAKER","UNKNOWN",8
"Heavy rigid trucks","Petrol","STUDEBAKER","US6",5
"Heavy rigid trucks","Petrol","TATRA","OTA T815-2 8X8",0
"Heavy rigid trucks","Petrol","TOYOTA","DYNA",44
"Heavy rigid trucks","Petrol","TOYOTA","HILUX",0
"Heavy rigid trucks","Petrol","TOYOTA","LANDCRUISER",7
"Heavy rigid trucks","Petrol","TOYOTA","UNKNOWN",62
"Heavy rigid trucks","Petrol","UD","CDB",0
"Heavy rigid trucks","Petrol","UD","CGB",0
"Heavy rigid trucks","Petrol","UD","CGB SERIES",0
"Heavy rigid trucks","Petrol","UD","CONDOR",0
"Heavy rigid trucks","Petrol","UD","CPC SERIES",3
"Heavy rigid trucks","Petrol","UD","CRONER",3
"Heavy rigid trucks","Petrol","UD","CW SERIES",3
"Heavy rigid trucks","Petrol","UD","CWB",3
"Heavy rigid trucks","Petrol","UD","CWB SERIES",14
"Heavy rigid trucks","Petrol","UD","GWB",0
"Heavy rigid trucks","Petrol","UD","GWB SERIES",4
"Heavy rigid trucks","Petrol","UD","MKA SERIES",7
"Heavy rigid trucks","Petrol","UD","MKB SERIES",12
"Heavy rigid trucks","Petrol","UD","PD SERIES",0
"Heavy rigid trucks","Petrol","UD","PK",0
"Heavy rigid trucks","Petrol","UD","PK SERIES",0
"Heavy rigid trucks","Petrol","UD","PKC SERIES",14
"Heavy rigid trucks","Petrol","UD","QUON",0
"Heavy rigid trucks","Petrol","UD","UNKNOWN",15
"Heavy rigid trucks","Petrol","UNKNOWN","UNKNOWN",15
"Heavy rigid trucks","Petrol","VOLKSWAGEN","KOMBI",0
"Heavy rigid trucks","Petrol","VOLVO","F12",5
"Heavy rigid trucks","Petrol","VOLVO","F16",0
"Heavy rigid trucks","Petrol","VOLVO","F7",3
"Heavy rigid trucks","Petrol","VOLVO","F86",3
"Heavy rigid trucks","Petrol","VOLVO","FE",14
"Heavy rigid trucks","Petrol","VOLVO","FH",10
"Heavy rigid trucks","Petrol","VOLVO","FL",14
"Heavy rigid trucks","Petrol","VOLVO","FM",84
"Heavy rigid trucks","Petrol","VOLVO","N12",6
"Heavy rigid trucks","Petrol","VOLVO","NL12",0
"Heavy rigid trucks","Petrol","VOLVO","UNKNOWN",15
"Heavy rigid trucks","Petrol","WESTERN STAR","4784",3
"Heavy rigid trucks","Petrol","WESTERN STAR","4800",7
"Heavy rigid trucks","Petrol","WESTERN STAR","4864",5
"Heavy rigid trucks","Petrol","WESTERN STAR","4964",0
"Heavy rigid trucks","Petrol","WESTERN STAR","CONSTELLATION",0
"Heavy rigid trucks","Petrol","WESTERN STAR","UNKNOWN",3
"Heavy rigid trucks","Petrol","WHITE","UNKNOWN",6
"Heavy rigid trucks","Diesel","AEC","UNKNOWN",9
"Heavy rigid trucks","Diesel","ALBION","UNKNOWN",13
"Heavy rigid trucks","Diesel","AM GENERAL","UNKNOWN",8
"Heavy rigid trucks","Diesel","AMTRUK","UNKNOWN",3
"Heavy rigid trucks","Diesel","ANSAIR","UNKNOWN",0
"Heavy rigid trucks","Diesel","ASIA MOTORS","COMBI",3
"Heavy rigid trucks","Diesel","ASIA MOTORS","UNKNOWN",13
"Heavy rigid trucks","Diesel","ATKINSON","UNKNOWN",117
"Heavy rigid trucks","Diesel","AUSTIN","UNKNOWN",9
"Heavy rigid trucks","Diesel","AUSTRAL","UNKNOWN",34
"Heavy rigid trucks","Diesel","AUTOCAR","UNKNOWN",4
"Heavy rigid trucks","Diesel","AVIA","UNKNOWN",3
"Heavy rigid trucks","Diesel","BEDFORD","B SERIES",3
"Heavy rigid trucks","Diesel","BEDFORD","BLP",0
"Heavy rigid trucks","Diesel","BEDFORD","CF",0
"Heavy rigid trucks","Diesel","BEDFORD","FJ",3
"Heavy rigid trucks","Diesel","BEDFORD","J SERIES",4
"Heavy rigid trucks","Diesel","BEDFORD","K SERIES",0
"Heavy rigid trucks","Diesel","BEDFORD","KG",10
"Heavy rigid trucks","Diesel","BEDFORD","SB",10
"Heavy rigid trucks","Diesel","BEDFORD","TK",41
"Heavy rigid trucks","Diesel","BEDFORD","UNKNOWN",313
"Heavy rigid trucks","Diesel","BEDFORD-ISUZU","UNKNOWN",88
"Heavy rigid trucks","Diesel","BLUEBIRD","UNKNOWN",0
"Heavy rigid trucks","Diesel","BRISTOL","UNKNOWN",3
"Heavy rigid trucks","Diesel","CATERPILLAR","CT",37
"Heavy rigid trucks","Diesel","CATERPILLAR","CT610",112
"Heavy rigid trucks","Diesel","CATERPILLAR","CT630",97
"Heavy rigid trucks","Diesel","CATERPILLAR","CT700",22
"Heavy rigid trucks","Diesel","CATERPILLAR","UNKNOWN",64
"Heavy rigid trucks","Diesel","CHEVROLET","3500",3
"Heavy rigid trucks","Diesel","CHEVROLET","C/K",0
"Heavy rigid trucks","Diesel","CHEVROLET","C3500",0
"Heavy rigid trucks","Diesel","CHEVROLET","KODIAK",9
"Heavy rigid trucks","Diesel","CHEVROLET","SIERRA",3
"Heavy rigid trucks","Diesel","CHEVROLET","SILVERADO",1742
"Heavy rigid trucks","Diesel","CHEVROLET","UNKNOWN",9
"Heavy rigid trucks","Diesel","CHRYSLER","D5N",3
"Heavy rigid trucks","Diesel","CHRYSLER","DODGE",5
"Heavy rigid trucks","Diesel","CHRYSLER","UNKNOWN",36
"Heavy rigid trucks","Diesel","COMMER","UNKNOWN",50
"Heavy rigid trucks","Diesel","CONTACT","UNKNOWN",0
"Heavy rigid trucks","Diesel","COUNTRY COACH","UNKNOWN",4
"Heavy rigid trucks","Diesel","COUNTRY COACH INC.","UNKNOWN",0
"Heavy rigid trucks","Diesel","CSEPEL","UNKNOWN",0
"Heavy rigid trucks","Diesel","CUMMINS","UNKNOWN",3
"Heavy rigid trucks","Diesel","CUSTOM MADE","UNKNOWN",14
"Heavy rigid trucks","Diesel","DAEWOO","UNKNOWN",3
"Heavy rigid trucks","Diesel","DAF","2500",9
"Heavy rigid trucks","Diesel","DAF","CF RANGE",2437
"Heavy rigid trucks","Diesel","DAF","CF RANGER",11
"Heavy rigid trucks","Diesel","DAF","LF RANGE",649
"Heavy rigid trucks","Diesel","DAF","UNKNOWN",139
"Heavy rigid trucks","Diesel","DAF","XF RANGE",30
"Heavy rigid trucks","Diesel","DAIHATSU","DELTA",604
"Heavy rigid trucks","Diesel","DAIHATSU","UNKNOWN",75
"Heavy rigid trucks","Diesel","DAIMLER","UNKNOWN",6
"Heavy rigid trucks","Diesel","DATSUN","UNKNOWN",4
"Heavy rigid trucks","Diesel","DENNIS EAGLE","ELITE",601
"Heavy rigid trucks","Diesel","DENNIS EAGLE","UNKNOWN",89
"Heavy rigid trucks","Diesel","DIAMOND REO","UNKNOWN",41
"Heavy rigid trucks","Diesel","DIAMOND T","UNKNOWN",8
"Heavy rigid trucks","Diesel","DODGE","575",0
"Heavy rigid trucks","Diesel","DODGE","AT4",5
"Heavy rigid trucks","Diesel","DODGE","D3F",8
"Heavy rigid trucks","Diesel","DODGE","D500",3
"Heavy rigid trucks","Diesel","DODGE","D5N",22
"Heavy rigid trucks","Diesel","DODGE","RAM 1500",0
"Heavy rigid trucks","Diesel","DODGE","RAM 2500",370
"Heavy rigid trucks","Diesel","DODGE","RAM 3500",478
"Heavy rigid trucks","Diesel","DODGE","UNKNOWN",254
"Heavy rigid trucks","Diesel","DONGFENG","EQ6760L5DY",5
"Heavy rigid trucks","Diesel","DOOSAN","UNKNOWN",3
"Heavy rigid trucks","Diesel","EXECUTIVE","UNKNOWN",0
"Heavy rigid trucks","Diesel","FIAT","130",5
"Heavy rigid trucks","Diesel","FIAT","DUCATO",136
"Heavy rigid trucks","Diesel","FIAT","UNKNOWN",31
"Heavy rigid trucks","Diesel","FODEN","UNKNOWN",5
"Heavy rigid trucks","Diesel","FORD","8000",16
"Heavy rigid trucks","Diesel","FORD","9000",23
"Heavy rigid trucks","Diesel","FORD","AEROMAX",4
"Heavy rigid trucks","Diesel","FORD","BEARCAT",6
"Heavy rigid trucks","Diesel","FORD","CARGO",354
"Heavy rigid trucks","Diesel","FORD","COURIER",0
"Heavy rigid trucks","Diesel","FORD","CUSTOM",0
"Heavy rigid trucks","Diesel","FORD","D SERIES",64
"Heavy rigid trucks","Diesel","FORD","F SERIES",0
"Heavy rigid trucks","Diesel","FORD","F250",603
"Heavy rigid trucks","Diesel","FORD","F350",1072
"Heavy rigid trucks","Diesel","FORD","F450",155
"Heavy rigid trucks","Diesel","FORD","F500",0
"Heavy rigid trucks","Diesel","FORD","F550",15
"Heavy rigid trucks","Diesel","FORD","F600",3
"Heavy rigid trucks","Diesel","FORD","F650",16
"Heavy rigid trucks","Diesel","FORD","F700",3
"Heavy rigid trucks","Diesel","FORD","HN80",10
"Heavy rigid trucks","Diesel","FORD","L-SERIES",113
"Heavy rigid trucks","Diesel","FORD","L SERIES",631
"Heavy rigid trucks","Diesel","FORD","L800",57
"Heavy rigid trucks","Diesel","FORD","L900",182
"Heavy rigid trucks","Diesel","FORD","LN7000",11
"Heavy rigid trucks","Diesel","FORD","LN8000",51
"Heavy rigid trucks","Diesel","FORD","LN900",9
"Heavy rigid trucks","Diesel","FORD","LN9000",18
"Heavy rigid trucks","Diesel","FORD","LNT800",12
"Heavy rigid trucks","Diesel","FORD","LNT8000",44
"Heavy rigid trucks","Diesel","FORD","LNT900",28
"Heavy rigid trucks","Diesel","FORD","LNT9000",92
"Heavy rigid trucks","Diesel","FORD","LT9000",7
"Heavy rigid trucks","Diesel","FORD","LTL9000",73
"Heavy rigid trucks","Diesel","FORD","LTS8000",38
"Heavy rigid trucks","Diesel","FORD","LTS900",65
"Heavy rigid trucks","Diesel","FORD","LTS9000",99
"Heavy rigid trucks","Diesel","FORD","MODEL T",3
"Heavy rigid trucks","Diesel","FORD","RANGER",13
"Heavy rigid trucks","Diesel","FORD","THAMES",10
"Heavy rigid trucks","Diesel","FORD","TORINO",0
"Heavy rigid trucks","Diesel","FORD","TRADER",912
"Heavy rigid trucks","Diesel","FORD","TRANSIT",3
"Heavy rigid trucks","Diesel","FORD","UNKNOWN",1449
"Heavy rigid trucks","Diesel","FORETRAVEL","UNKNOWN",3
"Heavy rigid trucks","Diesel","FOTON","AUMAN",38
"Heavy rigid trucks","Diesel","FOTON","AUMARK",141
"Heavy rigid trucks","Diesel","FOTON","UNKNOWN",8
"Heavy rigid trucks","Diesel","FREIGHTLINER","ARGOSY",320
"Heavy rigid trucks","Diesel","FREIGHTLINER","C112",99
"Heavy rigid trucks","Diesel","FREIGHTLINER","C120",36
"Heavy rigid trucks","Diesel","FREIGHTLINER","CASCADIA",197
"Heavy rigid trucks","Diesel","FREIGHTLINER","CL112",1419
"Heavy rigid trucks","Diesel","FREIGHTLINER","CL120",96
"Heavy rigid trucks","Diesel","FREIGHTLINER","CORONADO",489
"Heavy rigid trucks","Diesel","FREIGHTLINER","CST112",149
"Heavy rigid trucks","Diesel","FREIGHTLINER","CST120",101
"Heavy rigid trucks","Diesel","FREIGHTLINER","FL106",10
"Heavy rigid trucks","Diesel","FREIGHTLINER","FL112",722
"Heavy rigid trucks","Diesel","FREIGHTLINER","FL80",416
"Heavy rigid trucks","Diesel","FREIGHTLINER","FLB",16
"Heavy rigid trucks","Diesel","FREIGHTLINER","FLC112",25
"Heavy rigid trucks","Diesel","FREIGHTLINER","FLN112",6
"Heavy rigid trucks","Diesel","FREIGHTLINER","FLX",3
"Heavy rigid trucks","Diesel","FREIGHTLINER","SWAGMAN",3
"Heavy rigid trucks","Diesel","FREIGHTLINER","UNKNOWN",39
"Heavy rigid trucks","Diesel","FUSO","CANTER",16981
"Heavy rigid trucks","Diesel","FUSO","FK",11306
"Heavy rigid trucks","Diesel","FUSO","FM",6155
"Heavy rigid trucks","Diesel","FUSO","FN",3388
"Heavy rigid trucks","Diesel","FUSO","FP",27
"Heavy rigid trucks","Diesel","FUSO","FS",1038
"Heavy rigid trucks","Diesel","FUSO","FU",358
"Heavy rigid trucks","Diesel","FUSO","FV",2560
"Heavy rigid trucks","Diesel","FUSO","FV SERIES",10
"Heavy rigid trucks","Diesel","FUSO","UNKNOWN",11
"Heavy rigid trucks","Diesel","GAZ","UNKNOWN",3
"Heavy rigid trucks","Diesel","GILLIG","UNKNOWN",3
"Heavy rigid trucks","Diesel","GMC","3500",3
"Heavy rigid trucks","Diesel","GMC","SIERRA",420
"Heavy rigid trucks","Diesel","GMC","UNKNOWN",14
"Heavy rigid trucks","Diesel","GUY MOTORS","UNKNOWN",3
"Heavy rigid trucks","Diesel","HIGER","R SERIES",0
"Heavy rigid trucks","Diesel","HIGER","UNKNOWN",0
"Heavy rigid trucks","Diesel","HIGER","V-SERIES 9M",3
"Heavy rigid trucks","Diesel","HIGER","V SERIES 9M",3
"Heavy rigid trucks","Diesel","HINO","300 SERIES",16466
"Heavy rigid trucks","Diesel","HINO","500 SERIES",120
"Heavy rigid trucks","Diesel","HINO","AC140",3
"Heavy rigid trucks","Diesel","HINO","AC140K",0
"Heavy rigid trucks","Diesel","HINO","AK140K",3
"Heavy rigid trucks","Diesel","HINO","AK176",5
"Heavy rigid trucks","Diesel","HINO","BC144",8
"Heavy rigid trucks","Diesel","HINO","BD186",4
"Heavy rigid trucks","Diesel","HINO","BD190",10
"Heavy rigid trucks","Diesel","HINO","CM277",0
"Heavy rigid trucks","Diesel","HINO","DUTRO",3245
"Heavy rigid trucks","Diesel","HINO","DYNA",119
"Heavy rigid trucks","Diesel","HINO","FB4J",408
"Heavy rigid trucks","Diesel","HINO","FC",8730
"Heavy rigid trucks","Diesel","HINO","FD",11840
"Heavy rigid trucks","Diesel","HINO","FE",5524
"Heavy rigid trucks","Diesel","HINO","FF",1058
"Heavy rigid trucks","Diesel","HINO","FG",5186
"Heavy rigid trucks","Diesel","HINO","FH",18
"Heavy rigid trucks","Diesel","HINO","FL",1165
"Heavy rigid trucks","Diesel","HINO","FM",5413
"Heavy rigid trucks","Diesel","HINO","FR",70
"Heavy rigid trucks","Diesel","HINO","FS",1837
"Heavy rigid trucks","Diesel","HINO","FT",385
"Heavy rigid trucks","Diesel","HINO","FY",546
"Heavy rigid trucks","Diesel","HINO","GD",2168
"Heavy rigid trucks","Diesel","HINO","GH",6855
"Heavy rigid trucks","Diesel","HINO","GS",68
"Heavy rigid trucks","Diesel","HINO","GT",1616
"Heavy rigid trucks","Diesel","HINO","KL",29
"Heavy rigid trucks","Diesel","HINO","KL300",19
"Heavy rigid trucks","Diesel","HINO","KL340",12
"Heavy rigid trucks","Diesel","HINO","LB",15
"Heavy rigid trucks","Diesel","HINO","LB560",24
"Heavy rigid trucks","Diesel","HINO","RANGER",52
"Heavy rigid trucks","Diesel","HINO","RG",40
"Heavy rigid trucks","Diesel","HINO","RH160",3
"Heavy rigid trucks","Diesel","HINO","RK",13
"Heavy rigid trucks","Diesel","HINO","SH",6
"Heavy rigid trucks","Diesel","HINO","SS",180
"Heavy rigid trucks","Diesel","HINO","UNKNOWN",1188
"Heavy rigid trucks","Diesel","HOLDEN","COLORADO",3
"Heavy rigid trucks","Diesel","HUMMER","H1",3
"Heavy rigid trucks","Diesel","HUMMER","HMC4",3
"Heavy rigid trucks","Diesel","HUMMER","UNKNOWN",3
"Heavy rigid trucks","Diesel","HYUNDAI","HD65",36
"Heavy rigid trucks","Diesel","HYUNDAI","HD75",41
"Heavy rigid trucks","Diesel","HYUNDAI","MIGHTY",799
"Heavy rigid trucks","Diesel","HYUNDAI","PAVISE",85
"Heavy rigid trucks","Diesel","HYUNDAI","UNKNOWN",11
"Heavy rigid trucks","Diesel","HYUNDAI","XCIENT",7
"Heavy rigid trucks","Diesel","INTERNATIONAL","1850",202
"Heavy rigid trucks","Diesel","INTERNATIONAL","1910",9
"Heavy rigid trucks","Diesel","INTERNATIONAL","1980",8
"Heavy rigid trucks","Diesel","INTERNATIONAL","2150",28
"Heavy rigid trucks","Diesel","INTERNATIONAL","2350",43
"Heavy rigid trucks","Diesel","INTERNATIONAL","2600",5
"Heavy rigid trucks","Diesel","INTERNATIONAL","2670",18
"Heavy rigid trucks","Diesel","INTERNATIONAL","3070",23
"Heavy rigid trucks","Diesel","INTERNATIONAL","3600",23
"Heavy rigid trucks","Diesel","INTERNATIONAL","4670",3
"Heavy rigid trucks","Diesel","INTERNATIONAL","4700",4
"Heavy rigid trucks","Diesel","INTERNATIONAL","4870",10
"Heavy rigid trucks","Diesel","INTERNATIONAL","4900",13
"Heavy rigid trucks","Diesel","INTERNATIONAL","7400",17
"Heavy rigid trucks","Diesel","INTERNATIONAL","7600",142
"Heavy rigid trucks","Diesel","INTERNATIONAL","9000",5
"Heavy rigid trucks","Diesel","INTERNATIONAL","9200",17
"Heavy rigid trucks","Diesel","INTERNATIONAL","9200I",55
"Heavy rigid trucks","Diesel","INTERNATIONAL","9900",20
"Heavy rigid trucks","Diesel","INTERNATIONAL","9900I",25
"Heavy rigid trucks","Diesel","INTERNATIONAL","AB160",0
"Heavy rigid trucks","Diesel","INTERNATIONAL","AB180",5
"Heavy rigid trucks","Diesel","INTERNATIONAL","ACCO",2608
"Heavy rigid trucks","Diesel","INTERNATIONAL","ACCO 1710",26
"Heavy rigid trucks","Diesel","INTERNATIONAL","ACCO 1730",29
"Heavy rigid trucks","Diesel","INTERNATIONAL","ACCO 1810",18
"Heavy rigid trucks","Diesel","INTERNATIONAL","ACCO 1830",245
"Heavy rigid trucks","Diesel","INTERNATIONAL","ACCO 1840",8
"Heavy rigid trucks","Diesel","INTERNATIONAL","ACCO 1850",180
"Heavy rigid trucks","Diesel","INTERNATIONAL","ACCO 1910",11
"Heavy rigid trucks","Diesel","INTERNATIONAL","ACCO 1930",16
"Heavy rigid trucks","Diesel","INTERNATIONAL","ACCO 1950",163
"Heavy rigid trucks","Diesel","INTERNATIONAL","ACCO 1952",12
"Heavy rigid trucks","Diesel","INTERNATIONAL","ACCO 2150",18
"Heavy rigid trucks","Diesel","INTERNATIONAL","ACCO 2250",83
"Heavy rigid trucks","Diesel","INTERNATIONAL","ACCO 2350",611
"Heavy rigid trucks","Diesel","INTERNATIONAL","ACCO 3070",41
"Heavy rigid trucks","Diesel","INTERNATIONAL","ACCO 610A",3
"Heavy rigid trucks","Diesel","INTERNATIONAL","ATKINSON",15
"Heavy rigid trucks","Diesel","INTERNATIONAL","C1500",3
"Heavy rigid trucks","Diesel","INTERNATIONAL","C1600",7
"Heavy rigid trucks","Diesel","INTERNATIONAL","C1800",26
"Heavy rigid trucks","Diesel","INTERNATIONAL","C1840",3
"Heavy rigid trucks","Diesel","INTERNATIONAL","D SERIES",12
"Heavy rigid trucks","Diesel","INTERNATIONAL","D1310",3
"Heavy rigid trucks","Diesel","INTERNATIONAL","D1410",0
"Heavy rigid trucks","Diesel","INTERNATIONAL","D1510",0
"Heavy rigid trucks","Diesel","INTERNATIONAL","D1610",6
"Heavy rigid trucks","Diesel","INTERNATIONAL","D1710",0
"Heavy rigid trucks","Diesel","INTERNATIONAL","D1810",3
"Heavy rigid trucks","Diesel","INTERNATIONAL","EAGLE",51
"Heavy rigid trucks","Diesel","INTERNATIONAL","EUROTECH",11
"Heavy rigid trucks","Diesel","INTERNATIONAL","F SERIES",6
"Heavy rigid trucks","Diesel","INTERNATIONAL","F2350",20
"Heavy rigid trucks","Diesel","INTERNATIONAL","F3470",24
"Heavy rigid trucks","Diesel","INTERNATIONAL","F4670",6
"Heavy rigid trucks","Diesel","INTERNATIONAL","F4870",7
"Heavy rigid trucks","Diesel","INTERNATIONAL","N SERIES",65
"Heavy rigid trucks","Diesel","INTERNATIONAL","N1630",116
"Heavy rigid trucks","Diesel","INTERNATIONAL","N1650",44
"Heavy rigid trucks","Diesel","INTERNATIONAL","N1750",13
"Heavy rigid trucks","Diesel","INTERNATIONAL","POWERSTAR",0
"Heavy rigid trucks","Diesel","INTERNATIONAL","PROSTAR",48
"Heavy rigid trucks","Diesel","INTERNATIONAL","S-LINE",48
"Heavy rigid trucks","Diesel","INTERNATIONAL","S SERIES",163
"Heavy rigid trucks","Diesel","INTERNATIONAL","S2600",75
"Heavy rigid trucks","Diesel","INTERNATIONAL","S2650",12
"Heavy rigid trucks","Diesel","INTERNATIONAL","S2670",184
"Heavy rigid trucks","Diesel","INTERNATIONAL","S3300",36
"Heavy rigid trucks","Diesel","INTERNATIONAL","S3600",235
"Heavy rigid trucks","Diesel","INTERNATIONAL","T-LINE",52
"Heavy rigid trucks","Diesel","INTERNATIONAL","T2650",46
"Heavy rigid trucks","Diesel","INTERNATIONAL","T2670",445
"Heavy rigid trucks","Diesel","INTERNATIONAL","T2700",77
"Heavy rigid trucks","Diesel","INTERNATIONAL","TF SERIES",13
"Heavy rigid trucks","Diesel","INTERNATIONAL","TF2670",67
"Heavy rigid trucks","Diesel","INTERNATIONAL","TK2670",31
"Heavy rigid trucks","Diesel","INTERNATIONAL","TRANSTAR",62
"Heavy rigid trucks","Diesel","INTERNATIONAL","UNKNOWN",3427
"Heavy rigid trucks","Diesel","ISO","UNKNOWN",0
"Heavy rigid trucks","Diesel","ISUZU","CXY",800
"Heavy rigid trucks","Diesel","ISUZU","CXZ",860
"Heavy rigid trucks","Diesel","ISUZU","D-MAX",13
"Heavy rigid trucks","Diesel","ISUZU","ELF",57
"Heavy rigid trucks","Diesel","ISUZU","EXY",166
"Heavy rigid trucks","Diesel","ISUZU","F SERIES",48
"Heavy rigid trucks","Diesel","ISUZU","F3",17
"Heavy rigid trucks","Diesel","ISUZU","FFR",43
"Heavy rigid trucks","Diesel","ISUZU","FH SERIES",429
"Heavy rigid trucks","Diesel","ISUZU","FRD",881
"Heavy rigid trucks","Diesel","ISUZU","FRR",20561
"Heavy rigid trucks","Diesel","ISUZU","FSD",1985
"Heavy rigid trucks","Diesel","ISUZU","FSR",12674
"Heavy rigid trucks","Diesel","ISUZU","FSS",1316
"Heavy rigid trucks","Diesel","ISUZU","FTR",4459
"Heavy rigid trucks","Diesel","ISUZU","FTS",2103
"Heavy rigid trucks","Diesel","ISUZU","FUR",70
"Heavy rigid trucks","Diesel","ISUZU","FUZ",29
"Heavy rigid trucks","Diesel","ISUZU","FVD",3150
"Heavy rigid trucks","Diesel","ISUZU","FVL",2322
"Heavy rigid trucks","Diesel","ISUZU","FVM",1444
"Heavy rigid trucks","Diesel","ISUZU","FVR",5562
"Heavy rigid trucks","Diesel","ISUZU","FVY",1924
"Heavy rigid trucks","Diesel","ISUZU","FVZ",5931
"Heavy rigid trucks","Diesel","ISUZU","FXD",455
"Heavy rigid trucks","Diesel","ISUZU","FXL",235
"Heavy rigid trucks","Diesel","ISUZU","FXM",32
"Heavy rigid trucks","Diesel","ISUZU","FXR",421
"Heavy rigid trucks","Diesel","ISUZU","FXY",1216
"Heavy rigid trucks","Diesel","ISUZU","FXZ",2215
"Heavy rigid trucks","Diesel","ISUZU","FYH",1452
"Heavy rigid trucks","Diesel","ISUZU","FYJ",2931
"Heavy rigid trucks","Diesel","ISUZU","FYS",13
"Heavy rigid trucks","Diesel","ISUZU","FYX",104
"Heavy rigid trucks","Diesel","ISUZU","GIGA",9
"Heavy rigid trucks","Diesel","ISUZU","GVD",21
"Heavy rigid trucks","Diesel","ISUZU","GVR",45
"Heavy rigid trucks","Diesel","ISUZU","GXD",12
"Heavy rigid trucks","Diesel","ISUZU","GXR SERIES",4
"Heavy rigid trucks","Diesel","ISUZU","JCR",58
"Heavy rigid trucks","Diesel","ISUZU","JCR360",16
"Heavy rigid trucks","Diesel","ISUZU","JCR420",19
"Heavy rigid trucks","Diesel","ISUZU","JCR500",152
"Heavy rigid trucks","Diesel","ISUZU","JCS",9
"Heavy rigid trucks","Diesel","ISUZU","KS",22
"Heavy rigid trucks","Diesel","ISUZU","KT",16
"Heavy rigid trucks","Diesel","ISUZU","LT1 BUS",14
"Heavy rigid trucks","Diesel","ISUZU","N SERIES",24
"Heavy rigid trucks","Diesel","ISUZU","NH NP",169
"Heavy rigid trucks","Diesel","ISUZU","NKR",145
"Heavy rigid trucks","Diesel","ISUZU","NLR",506
"Heavy rigid trucks","Diesel","ISUZU","NLS",3
"Heavy rigid trucks","Diesel","ISUZU","NMR",737
"Heavy rigid trucks","Diesel","ISUZU","NNR",448
"Heavy rigid trucks","Diesel","ISUZU","NPR",25000
"Heavy rigid trucks","Diesel","ISUZU","NPS",7506
"Heavy rigid trucks","Diesel","ISUZU","NQR",10554
"Heavy rigid trucks","Diesel","ISUZU","NRR",11
"Heavy rigid trucks","Diesel","ISUZU","SBR",465
"Heavy rigid trucks","Diesel","ISUZU","SCR",17
"Heavy rigid trucks","Diesel","ISUZU","SCR420",10
"Heavy rigid trucks","Diesel","ISUZU","SCR480",21
"Heavy rigid trucks","Diesel","ISUZU","TLD",9
"Heavy rigid trucks","Diesel","ISUZU","UNKNOWN",8771
"Heavy rigid trucks","Diesel","IVECO","2350",84
"Heavy rigid trucks","Diesel","IVECO","2350G",405
"Heavy rigid trucks","Diesel","IVECO","6300",8
"Heavy rigid trucks","Diesel","IVECO","6500",8
"Heavy rigid trucks","Diesel","IVECO","6700",16
"Heavy rigid trucks","Diesel","IVECO","9900I",14
"Heavy rigid trucks","Diesel","IVECO","ACCO",4221
"Heavy rigid trucks","Diesel","IVECO","ASTRA",43
"Heavy rigid trucks","Diesel","IVECO","DAILY",2170
"Heavy rigid trucks","Diesel","IVECO","DELTA",0
"Heavy rigid trucks","Diesel","IVECO","EAGLE",7
"Heavy rigid trucks","Diesel","IVECO","EUROCARGO",1348
"Heavy rigid trucks","Diesel","IVECO","EUROTECH",350
"Heavy rigid trucks","Diesel","IVECO","ML SERIES",23
"Heavy rigid trucks","Diesel","IVECO","ML100",42
"Heavy rigid trucks","Diesel","IVECO","ML120",110
"Heavy rigid trucks","Diesel","IVECO","ML150",43
"Heavy rigid trucks","Diesel","IVECO","ML160",286
"Heavy rigid trucks","Diesel","IVECO","ML180",70
"Heavy rigid trucks","Diesel","IVECO","ML225",44
"Heavy rigid trucks","Diesel","IVECO","ML230",27
"Heavy rigid trucks","Diesel","IVECO","POWERSTAR",294
"Heavy rigid trucks","Diesel","IVECO","ROAD CRUISER",3
"Heavy rigid trucks","Diesel","IVECO","S-WAY",108
"Heavy rigid trucks","Diesel","IVECO","STRALIS",1771
"Heavy rigid trucks","Diesel","IVECO","T-WAY",20
"Heavy rigid trucks","Diesel","IVECO","TRAKKER",43
"Heavy rigid trucks","Diesel","IVECO","UNKNOWN",1124
"Heavy rigid trucks","Diesel","IVECO","X-WAY",16
"Heavy rigid trucks","Diesel","JAC","J75",15
"Heavy rigid trucks","Diesel","JAC","N721",10
"Heavy rigid trucks","Diesel","JAC","UNKNOWN",39
"Heavy rigid trucks","Diesel","JEEP","UNKNOWN",3
"Heavy rigid trucks","Diesel","JMC","UNKNOWN",21
"Heavy rigid trucks","Diesel","KAISER","UNKNOWN",0
"Heavy rigid trucks","Diesel","KENWORTH","C500",8
"Heavy rigid trucks","Diesel","KENWORTH","C501",3
"Heavy rigid trucks","Diesel","KENWORTH","C508",3
"Heavy rigid trucks","Diesel","KENWORTH","C509",9
"Heavy rigid trucks","Diesel","KENWORTH","K SERIES",94
"Heavy rigid trucks","Diesel","KENWORTH","K100",70
"Heavy rigid trucks","Diesel","KENWORTH","K100E",99
"Heavy rigid trucks","Diesel","KENWORTH","K100G",74
"Heavy rigid trucks","Diesel","KENWORTH","K104",307
"Heavy rigid trucks","Diesel","KENWORTH","K108",72
"Heavy rigid trucks","Diesel","KENWORTH","K120",17
"Heavy rigid trucks","Diesel","KENWORTH","K123",30
"Heavy rigid trucks","Diesel","KENWORTH","K124",19
"Heavy rigid trucks","Diesel","KENWORTH","K125",68
"Heavy rigid trucks","Diesel","KENWORTH","K200",259
"Heavy rigid trucks","Diesel","KENWORTH","K220",8
"Heavy rigid trucks","Diesel","KENWORTH","K300",13
"Heavy rigid trucks","Diesel","KENWORTH","L700",16
"Heavy rigid trucks","Diesel","KENWORTH","T SERIES",8
"Heavy rigid trucks","Diesel","KENWORTH","T300",209
"Heavy rigid trucks","Diesel","KENWORTH","T350",545
"Heavy rigid trucks","Diesel","KENWORTH","T358",355
"Heavy rigid trucks","Diesel","KENWORTH","T359",1588
"Heavy rigid trucks","Diesel","KENWORTH","T360",1344
"Heavy rigid trucks","Diesel","KENWORTH","T388",87
"Heavy rigid trucks","Diesel","KENWORTH","T400",134
"Heavy rigid trucks","Diesel","KENWORTH","T401",627
"Heavy rigid trucks","Diesel","KENWORTH","T402",67
"Heavy rigid trucks","Diesel","KENWORTH","T403",127
"Heavy rigid trucks","Diesel","KENWORTH","T404",629
"Heavy rigid trucks","Diesel","KENWORTH","T404SAR",91
"Heavy rigid trucks","Diesel","KENWORTH","T408",357
"Heavy rigid trucks","Diesel","KENWORTH","T408SAR",29
"Heavy rigid trucks","Diesel","KENWORTH","T409",1092
"Heavy rigid trucks","Diesel","KENWORTH","T409SAR",12
"Heavy rigid trucks","Diesel","KENWORTH","T410",344
"Heavy rigid trucks","Diesel","KENWORTH","T440",66
"Heavy rigid trucks","Diesel","KENWORTH","T450",66
"Heavy rigid trucks","Diesel","KENWORTH","T480",85
"Heavy rigid trucks","Diesel","KENWORTH","T600",222
"Heavy rigid trucks","Diesel","KENWORTH","T601",78
"Heavy rigid trucks","Diesel","KENWORTH","T604",89
"Heavy rigid trucks","Diesel","KENWORTH","T608",33
"Heavy rigid trucks","Diesel","KENWORTH","T609",63
"Heavy rigid trucks","Diesel","KENWORTH","T610",1075
"Heavy rigid trucks","Diesel","KENWORTH","T650",102
"Heavy rigid trucks","Diesel","KENWORTH","T658",40
"Heavy rigid trucks","Diesel","KENWORTH","T659",136
"Heavy rigid trucks","Diesel","KENWORTH","T900",40
"Heavy rigid trucks","Diesel","KENWORTH","T904",61
"Heavy rigid trucks","Diesel","KENWORTH","T908",79
"Heavy rigid trucks","Diesel","KENWORTH","T909",408
"Heavy rigid trucks","Diesel","KENWORTH","T950",98
"Heavy rigid trucks","Diesel","KENWORTH","UNKNOWN",803
"Heavy rigid trucks","Diesel","KENWORTH","W SERIES",38
"Heavy rigid trucks","Diesel","KENWORTH","W900",69
"Heavy rigid trucks","Diesel","KENWORTH","W923",20
"Heavy rigid trucks","Diesel","KENWORTH","W924",32
"Heavy rigid trucks","Diesel","KENWORTH","W925",57
"Heavy rigid trucks","Diesel","KIA","K2700",3
"Heavy rigid trucks","Diesel","KIA","K2900",0
"Heavy rigid trucks","Diesel","LA  FRANCE","UNKNOWN",0
"Heavy rigid trucks","Diesel","LAND ROVER","110",33
"Heavy rigid trucks","Diesel","LAND ROVER","COUNTY",3
"Heavy rigid trucks","Diesel","LAND ROVER","DEFENDER",25
"Heavy rigid trucks","Diesel","LAND ROVER","MILITARY",4
"Heavy rigid trucks","Diesel","LAND ROVER","PERENTIE",23
"Heavy rigid trucks","Diesel","LAND ROVER","UNKNOWN",107
"Heavy rigid trucks","Diesel","LEADER","UNKNOWN",101
"Heavy rigid trucks","Diesel","LEYLAND","ATLANTEAN",4
"Heavy rigid trucks","Diesel","LEYLAND","BOXER",29
"Heavy rigid trucks","Diesel","LEYLAND","CHIEFTAIN",11
"Heavy rigid trucks","Diesel","LEYLAND","HARRIER",9
"Heavy rigid trucks","Diesel","LEYLAND","MASTIFF",9
"Heavy rigid trucks","Diesel","LEYLAND","TIGER",3
"Heavy rigid trucks","Diesel","LEYLAND","UNKNOWN",276
"Heavy rigid trucks","Diesel","MACK","ANTHEM",79
"Heavy rigid trucks","Diesel","MACK","B61",10
"Heavy rigid trucks","Diesel","MACK","CH FLEETLINER",103
"Heavy rigid trucks","Diesel","MACK","CH SERIES",394
"Heavy rigid trucks","Diesel","MACK","CH VALUELINER",28
"Heavy rigid trucks","Diesel","MACK","CH666",10
"Heavy rigid trucks","Diesel","MACK","CH688",67
"Heavy rigid trucks","Diesel","MACK","CH698",49
"Heavy rigid trucks","Diesel","MACK","CHR",41
"Heavy rigid trucks","Diesel","MACK","CHR FLEETLINER",123
"Heavy rigid trucks","Diesel","MACK","CHR SERIES",426
"Heavy rigid trucks","Diesel","MACK","CHR688",32
"Heavy rigid trucks","Diesel","MACK","CHR788",20
"Heavy rigid trucks","Diesel","MACK","CLR SERIES",9
"Heavy rigid trucks","Diesel","MACK","CLR SUPERLINER",10
"Heavy rigid trucks","Diesel","MACK","CLS TRIDENT",21
"Heavy rigid trucks","Diesel","MACK","CLX SUPERLINER",22
"Heavy rigid trucks","Diesel","MACK","CMH TRIDENT",110
"Heavy rigid trucks","Diesel","MACK","CMHR TRIDENT",243
"Heavy rigid trucks","Diesel","MACK","CMHT TRIDENT",12
"Heavy rigid trucks","Diesel","MACK","CMM SERIES",7
"Heavy rigid trucks","Diesel","MACK","CMMR SERIES",135
"Heavy rigid trucks","Diesel","MACK","CMMT SERIES",66
"Heavy rigid trucks","Diesel","MACK","CSM SERIES",46
"Heavy rigid trucks","Diesel","MACK","CSMR SERIES",556
"Heavy rigid trucks","Diesel","MACK","CX SERIES",54
"Heavy rigid trucks","Diesel","MACK","CX688",6
"Heavy rigid trucks","Diesel","MACK","ECONODYNE",5
"Heavy rigid trucks","Diesel","MACK","ELITE",10
"Heavy rigid trucks","Diesel","MACK","FLEETLINER",405
"Heavy rigid trucks","Diesel","MACK","FR 700",7
"Heavy rigid trucks","Diesel","MACK","GRANITE",948
"Heavy rigid trucks","Diesel","MACK","MAGNUM",0
"Heavy rigid trucks","Diesel","MACK","MANAGER",19
"Heavy rigid trucks","Diesel","MACK","MCR SERIES",8
"Heavy rigid trucks","Diesel","MACK","METROLINER",2306
"Heavy rigid trucks","Diesel","MACK","MHR SERIES",9
"Heavy rigid trucks","Diesel","MACK","MIDLINER",13
"Heavy rigid trucks","Diesel","MACK","MIDLUM",172
"Heavy rigid trucks","Diesel","MACK","ML SERIES",39
"Heavy rigid trucks","Diesel","MACK","MLR SERIES",41
"Heavy rigid trucks","Diesel","MACK","PREMIUM",167
"Heavy rigid trucks","Diesel","MACK","QUANTUM",247
"Heavy rigid trucks","Diesel","MACK","R SERIES",121
"Heavy rigid trucks","Diesel","MACK","R600",113
"Heavy rigid trucks","Diesel","MACK","R685",10
"Heavy rigid trucks","Diesel","MACK","R686",57
"Heavy rigid trucks","Diesel","MACK","R688",95
"Heavy rigid trucks","Diesel","MACK","R700",3
"Heavy rigid trucks","Diesel","MACK","R721",4
"Heavy rigid trucks","Diesel","MACK","RM686",42
"Heavy rigid trucks","Diesel","MACK","SELECT",14
"Heavy rigid trucks","Diesel","MACK","SUPERLINER",329
"Heavy rigid trucks","Diesel","MACK","TITAN",11
"Heavy rigid trucks","Diesel","MACK","TRIDENT",2240
"Heavy rigid trucks","Diesel","MACK","ULTRALINER",8
"Heavy rigid trucks","Diesel","MACK","UNKNOWN",1287
"Heavy rigid trucks","Diesel","MACK","VALUELINER",234
"Heavy rigid trucks","Diesel","MACK","VISION",268
"Heavy rigid trucks","Diesel","MAN","10. SERIES",18
"Heavy rigid trucks","Diesel","MAN","12. SERIES",5
"Heavy rigid trucks","Diesel","MAN","15. SERIES",16
"Heavy rigid trucks","Diesel","MAN","16. SERIES",7
"Heavy rigid trucks","Diesel","MAN","18. SERIES",25
"Heavy rigid trucks","Diesel","MAN","22. SERIES",37
"Heavy rigid trucks","Diesel","MAN","25. SERIES",8
"Heavy rigid trucks","Diesel","MAN","26. SERIES",38
"Heavy rigid trucks","Diesel","MAN","F2000",8
"Heavy rigid trucks","Diesel","MAN","F90",11
"Heavy rigid trucks","Diesel","MAN","L2000",64
"Heavy rigid trucks","Diesel","MAN","LE",16
"Heavy rigid trucks","Diesel","MAN","LE280",18
"Heavy rigid trucks","Diesel","MAN","LM2000",50
"Heavy rigid trucks","Diesel","MAN","TG4",18
"Heavy rigid trucks","Diesel","MAN","TGA",336
"Heavy rigid trucks","Diesel","MAN","TGL",46
"Heavy rigid trucks","Diesel","MAN","TGM",818
"Heavy rigid trucks","Diesel","MAN","TGS",334
"Heavy rigid trucks","Diesel","MAN","TGX",53
"Heavy rigid trucks","Diesel","MAN","UNKNOWN",679
"Heavy rigid trucks","Diesel","MARMON","UNKNOWN",3
"Heavy rigid trucks","Diesel","MAZDA","B3000",3
"Heavy rigid trucks","Diesel","MAZDA","B3200",6
"Heavy rigid trucks","Diesel","MAZDA","E2500",0
"Heavy rigid trucks","Diesel","MAZDA","T3000",9
"Heavy rigid trucks","Diesel","MAZDA","T3500",222
"Heavy rigid trucks","Diesel","MAZDA","T4000",478
"Heavy rigid trucks","Diesel","MAZDA","T4100",134
"Heavy rigid trucks","Diesel","MAZDA","T4600",434
"Heavy rigid trucks","Diesel","MAZDA","TITAN",90
"Heavy rigid trucks","Diesel","MAZDA","UNKNOWN",210
"Heavy rigid trucks","Diesel","MCA","UNKNOWN",0
"Heavy rigid trucks","Diesel","MCI","UNKNOWN",0
"Heavy rigid trucks","Diesel","MERCEDES-BENZ","1217",12
"Heavy rigid trucks","Diesel","MERCEDES-BENZ","1222",18
"Heavy rigid trucks","Diesel","MERCEDES-BENZ","1417",18
"Heavy rigid trucks","Diesel","MERCEDES-BENZ","1418",36
"Heavy rigid trucks","Diesel","MERCEDES-BENZ","1419",17
"Heavy rigid trucks","Diesel","MERCEDES-BENZ","1422",43
"Heavy rigid trucks","Diesel","MERCEDES-BENZ","1424",3
"Heavy rigid trucks","Diesel","MERCEDES-BENZ","1425",4
"Heavy rigid trucks","Diesel","MERCEDES-BENZ","1517",70
"Heavy rigid trucks","Diesel","MERCEDES-BENZ","1617",3
"Heavy rigid trucks","Diesel","MERCEDES-BENZ","1625",12
"Heavy rigid trucks","Diesel","MERCEDES-BENZ","1734",4
"Heavy rigid trucks","Diesel","MERCEDES-BENZ","190",0
"Heavy rigid trucks","Diesel","MERCEDES-BENZ","2219",11
"Heavy rigid trucks","Diesel","MERCEDES-BENZ","2222",45
"Heavy rigid trucks","Diesel","MERCEDES-BENZ","2224",18
"Heavy rigid trucks","Diesel","MERCEDES-BENZ","2225",82
"Heavy rigid trucks","Diesel","MERCEDES-BENZ","2228",54
"Heavy rigid trucks","Diesel","MERCEDES-BENZ","2233",39
"Heavy rigid trucks","Diesel","MERCEDES-BENZ","2235",65
"Heavy rigid trucks","Diesel","MERCEDES-BENZ","2238",7
"Heavy rigid trucks","Diesel","MERCEDES-BENZ","2244",7
"Heavy rigid trucks","Diesel","MERCEDES-BENZ","2434",49
"Heavy rigid trucks","Diesel","MERCEDES-BENZ","2435",86
"Heavy rigid trucks","Diesel","MERCEDES-BENZ","2534",69
"Heavy rigid trucks","Diesel","MERCEDES-BENZ","2550",11
"Heavy rigid trucks","Diesel","MERCEDES-BENZ","350",0
"Heavy rigid trucks","Diesel","MERCEDES-BENZ","709",11
"Heavy rigid trucks","Diesel","MERCEDES-BENZ","911",23
"Heavy rigid trucks","Diesel","MERCEDES-BENZ","912",36
"Heavy rigid trucks","Diesel","MERCEDES-BENZ","96X",64
"Heavy rigid trucks","Diesel","MERCEDES-BENZ","ACTROS",2343
"Heavy rigid trucks","Diesel","MERCEDES-BENZ","AROCS",192
"Heavy rigid trucks","Diesel","MERCEDES-BENZ","ATEGO",1850
"Heavy rigid trucks","Diesel","MERCEDES-BENZ","AXOR",328
"Heavy rigid trucks","Diesel","MERCEDES-BENZ","ECONIC",415
"Heavy rigid trucks","Diesel","MERCEDES-BENZ","G300",0
"Heavy rigid trucks","Diesel","MERCEDES-BENZ","LA911",25
"Heavy rigid trucks","Diesel","MERCEDES-BENZ","S-CLASS",3
"Heavy rigid trucks","Diesel","MERCEDES-BENZ","SPRINTER",1032
"Heavy rigid trucks","Diesel","MERCEDES-BENZ","UNIMOG",684
"Heavy rigid trucks","Diesel","MERCEDES-BENZ","UNKNOWN",748
"Heavy rigid trucks","Diesel","MERCEDES-BENZ","VALENTE",3
"Heavy rigid trucks","Diesel","MERCEDES-BENZ","VARIO",154
"Heavy rigid trucks","Diesel","MITSUBISHI","CANTER",2674
"Heavy rigid trucks","Diesel","MITSUBISHI","F SERIES",15
"Heavy rigid trucks","Diesel","MITSUBISHI","FE SERIES",10
"Heavy rigid trucks","Diesel","MITSUBISHI","FE211",7
"Heavy rigid trucks","Diesel","MITSUBISHI","FG SERIES",517
"Heavy rigid trucks","Diesel","MITSUBISHI","FH SERIES",297
"Heavy rigid trucks","Diesel","MITSUBISHI","FIGHTER",37
"Heavy rigid trucks","Diesel","MITSUBISHI","FK SERIES",3864
"Heavy rigid trucks","Diesel","MITSUBISHI","FK102",27
"Heavy rigid trucks","Diesel","MITSUBISHI","FK115",28
"Heavy rigid trucks","Diesel","MITSUBISHI","FK415",53
"Heavy rigid trucks","Diesel","MITSUBISHI","FK417",14
"Heavy rigid trucks","Diesel","MITSUBISHI","FK418",18
"Heavy rigid trucks","Diesel","MITSUBISHI","FK455",20
"Heavy rigid trucks","Diesel","MITSUBISHI","FM SERIES",2942
"Heavy rigid trucks","Diesel","MITSUBISHI","FM215",119
"Heavy rigid trucks","Diesel","MITSUBISHI","FM515",454
"Heavy rigid trucks","Diesel","MITSUBISHI","FM555",64
"Heavy rigid trucks","Diesel","MITSUBISHI","FN SERIES",73
"Heavy rigid trucks","Diesel","MITSUBISHI","FP SERIES",125
"Heavy rigid trucks","Diesel","MITSUBISHI","FP418",8
"Heavy rigid trucks","Diesel","MITSUBISHI","FS SERIES",125
"Heavy rigid trucks","Diesel","MITSUBISHI","FV SERIES",967
"Heavy rigid trucks","Diesel","MITSUBISHI","FV415",32
"Heavy rigid trucks","Diesel","MITSUBISHI","SIGMA",3
"Heavy rigid trucks","Diesel","MITSUBISHI","TRITON",3
"Heavy rigid trucks","Diesel","MITSUBISHI","UNKNOWN",1538
"Heavy rigid trucks","Diesel","MONACO","UNKNOWN",3
"Heavy rigid trucks","Diesel","NISSAN","ATLAS",111
"Heavy rigid trucks","Diesel","NISSAN","CABSTAR",19
"Heavy rigid trucks","Diesel","NISSAN","CG SERIES",10
"Heavy rigid trucks","Diesel","NISSAN","CK SERIES",25
"Heavy rigid trucks","Diesel","NISSAN","CM SERIES",132
"Heavy rigid trucks","Diesel","NISSAN","CMA SERIES",15
"Heavy rigid trucks","Diesel","NISSAN","CONDOR",123
"Heavy rigid trucks","Diesel","NISSAN","CPB SERIES",40
"Heavy rigid trucks","Diesel","NISSAN","CW SERIES",71
"Heavy rigid trucks","Diesel","NISSAN","PATROL",19
"Heavy rigid trucks","Diesel","NISSAN","UNKNOWN",604
"Heavy rigid trucks","Diesel","OKA","LT SERIES",19
"Heavy rigid trucks","Diesel","OKA","UNKNOWN",102
"Heavy rigid trucks","Diesel","OKA","XT SERIES",12
"Heavy rigid trucks","Diesel","OPTARE","UNKNOWN",3
"Heavy rigid trucks","Diesel","OSHKOSH","UNKNOWN",10
"Heavy rigid trucks","Diesel","PERFORMAX","UNKNOWN",0
"Heavy rigid trucks","Diesel","PETERBILT","379",8
"Heavy rigid trucks","Diesel","PETERBILT","UNKNOWN",17
"Heavy rigid trucks","Diesel","PEUGEOT","SUPER SONIC",0
"Heavy rigid trucks","Diesel","PEUGEOT","UNKNOWN",3
"Heavy rigid trucks","Diesel","PRIME","UNKNOWN",3
"Heavy rigid trucks","Diesel","RAM","2500",170
"Heavy rigid trucks","Diesel","RAM","3500",161
"Heavy rigid trucks","Diesel","RAMBLER","UNKNOWN",0
"Heavy rigid trucks","Diesel","RENAULT","KERAX",3
"Heavy rigid trucks","Diesel","RENAULT","MIDLUM",15
"Heavy rigid trucks","Diesel","RENAULT","UNKNOWN",11
"Heavy rigid trucks","Diesel","REO","UNKNOWN",0
"Heavy rigid trucks","Diesel","RFW","UNKNOWN",10
"Heavy rigid trucks","Diesel","ROADMASTER","UNKNOWN",9
"Heavy rigid trucks","Diesel","SAAB","UNKNOWN",0
"Heavy rigid trucks","Diesel","SCANIA","112",40
"Heavy rigid trucks","Diesel","SCANIA","142",8
"Heavy rigid trucks","Diesel","SCANIA","G SERIES",1166
"Heavy rigid trucks","Diesel","SCANIA","K CHASSIS",34
"Heavy rigid trucks","Diesel","SCANIA","L SERIES",20
"Heavy rigid trucks","Diesel","SCANIA","N SERIES",7
"Heavy rigid trucks","Diesel","SCANIA","P SERIES",3439
"Heavy rigid trucks","Diesel","SCANIA","R SERIES",1350
"Heavy rigid trucks","Diesel","SCANIA","T SERIES",125
"Heavy rigid trucks","Diesel","SCANIA","UNKNOWN",284
"Heavy rigid trucks","Diesel","SEDDON ATKINSON","UNKNOWN",0
"Heavy rigid trucks","Diesel","SHACMAN","UNKNOWN",3
"Heavy rigid trucks","Diesel","SINGER","UNKNOWN",0
"Heavy rigid trucks","Diesel","SINOTRUK","C7",14
"Heavy rigid trucks","Diesel","SINOTRUK","C7H",50
"Heavy rigid trucks","Diesel","SINOTRUK","T5G",454
"Heavy rigid trucks","Diesel","SINOTRUK","UNKNOWN",48
"Heavy rigid trucks","Diesel","SPARTAN","UNKNOWN",12
"Heavy rigid trucks","Diesel","STERLING","AT9500",87
"Heavy rigid trucks","Diesel","STERLING","HX7500",30
"Heavy rigid trucks","Diesel","STERLING","HX9500",46
"Heavy rigid trucks","Diesel","STERLING","LT7500",517
"Heavy rigid trucks","Diesel","STERLING","LT9500",622
"Heavy rigid trucks","Diesel","STERLING","UNKNOWN",266
"Heavy rigid trucks","Diesel","STEWART & STEVENSON","UNKNOWN",3
"Heavy rigid trucks","Diesel","STUDEBAKER","UNKNOWN",0
"Heavy rigid trucks","Diesel","TATRA","OTA T815-2 4X4",9
"Heavy rigid trucks","Diesel","TATRA","OTA T815-2 6X6",21
"Heavy rigid trucks","Diesel","TATRA","OTA T815-2 8X8",52
"Heavy rigid trucks","Diesel","TATRA","T158",102
"Heavy rigid trucks","Diesel","TATRA","T815",5
"Heavy rigid trucks","Diesel","TATRA","UNKNOWN",152
"Heavy rigid trucks","Diesel","THWAITES","UNKNOWN",3
"Heavy rigid trucks","Diesel","TOYOTA","D6000",10
"Heavy rigid trucks","Diesel","TOYOTA","DA115",55
"Heavy rigid trucks","Diesel","TOYOTA","DYNA",1106
"Heavy rigid trucks","Diesel","TOYOTA","HILUX",9
"Heavy rigid trucks","Diesel","TOYOTA","LANDCRUISER",246
"Heavy rigid trucks","Diesel","TOYOTA","TOYOACE",3
"Heavy rigid trucks","Diesel","TOYOTA","UNKNOWN",315
"Heavy rigid trucks","Diesel","UD","CDB",343
"Heavy rigid trucks","Diesel","UD","CGA SERIES",21
"Heavy rigid trucks","Diesel","UD","CGB",394
"Heavy rigid trucks","Diesel","UD","CGB SERIES",306
"Heavy rigid trucks","Diesel","UD","CKA SERIES",9
"Heavy rigid trucks","Diesel","UD","CKB SERIES",108
"Heavy rigid trucks","Diesel","UD","CLG SERIES",104
"Heavy rigid trucks","Diesel","UD","CMA SERIES",19
"Heavy rigid trucks","Diesel","UD","CMF SERIES",413
"Heavy rigid trucks","Diesel","UD","CONDOR",175
"Heavy rigid trucks","Diesel","UD","CPB SERIES",125
"Heavy rigid trucks","Diesel","UD","CPC SERIES",398
"Heavy rigid trucks","Diesel","UD","CRONER",75
"Heavy rigid trucks","Diesel","UD","CW SERIES",69
"Heavy rigid trucks","Diesel","UD","CWA SERIES",228
"Heavy rigid trucks","Diesel","UD","CWB",253
"Heavy rigid trucks","Diesel","UD","CWB SERIES",1439
"Heavy rigid trucks","Diesel","UD","GKB SERIES",6
"Heavy rigid trucks","Diesel","UD","GW SERIES",12
"Heavy rigid trucks","Diesel","UD","GWB",224
"Heavy rigid trucks","Diesel","UD","GWB SERIES",725
"Heavy rigid trucks","Diesel","UD","LKC SERIES",249
"Heavy rigid trucks","Diesel","UD","MK SERIES",12
"Heavy rigid trucks","Diesel","UD","MKA SERIES",533
"Heavy rigid trucks","Diesel","UD","MKB SERIES",4024
"Heavy rigid trucks","Diesel","UD","PD SERIES",214
"Heavy rigid trucks","Diesel","UD","PDC SERIES",45
"Heavy rigid trucks","Diesel","UD","PK",81
"Heavy rigid trucks","Diesel","UD","PK SERIES",595
"Heavy rigid trucks","Diesel","UD","PKB SERIES",97
"Heavy rigid trucks","Diesel","UD","PKC SERIES",4749
"Heavy rigid trucks","Diesel","UD","QUON",289
"Heavy rigid trucks","Diesel","UD","RB30",3
"Heavy rigid trucks","Diesel","UD","RB31",3
"Heavy rigid trucks","Diesel","UD","UNKNOWN",2590
"Heavy rigid trucks","Diesel","UNKNOWN","UNKNOWN",312
"Heavy rigid trucks","Diesel","VARLEY ELECTRIC VEHICLES","UNKNOWN",3
"Heavy rigid trucks","Diesel","VARLEY SPECIALIZED VEHICLES","UNKNOWN",3
"Heavy rigid trucks","Diesel","VOGUE","UNKNOWN",0
"Heavy rigid trucks","Diesel","VOLKSWAGEN","AMAROK",3
"Heavy rigid trucks","Diesel","VOLKSWAGEN","CRAFTER",104
"Heavy rigid trucks","Diesel","VOLVO","122",0
"Heavy rigid trucks","Diesel","VOLVO","F10",76
"Heavy rigid trucks","Diesel","VOLVO","F12",172
"Heavy rigid trucks","Diesel","VOLVO","F16",28
"Heavy rigid trucks","Diesel","VOLVO","F7",189
"Heavy rigid trucks","Diesel","VOLVO","F86",40
"Heavy rigid trucks","Diesel","VOLVO","FE",2649
"Heavy rigid trucks","Diesel","VOLVO","FH",1585
"Heavy rigid trucks","Diesel","VOLVO","FL",1695
"Heavy rigid trucks","Diesel","VOLVO","FL6",87
"Heavy rigid trucks","Diesel","VOLVO","FM",8415
"Heavy rigid trucks","Diesel","VOLVO","G88",14
"Heavy rigid trucks","Diesel","VOLVO","N10",72
"Heavy rigid trucks","Diesel","VOLVO","N12",116
"Heavy rigid trucks","Diesel","VOLVO","NH",124
"Heavy rigid trucks","Diesel","VOLVO","NL",43
"Heavy rigid trucks","Diesel","VOLVO","NL10",24
"Heavy rigid trucks","Diesel","VOLVO","NL12",99
"Heavy rigid trucks","Diesel","VOLVO","UNKNOWN",800
"Heavy rigid trucks","Diesel","WESTERN STAR","2800",16
"Heavy rigid trucks","Diesel","WESTERN STAR","3800",40
"Heavy rigid trucks","Diesel","WESTERN STAR","3864",16
"Heavy rigid trucks","Diesel","WESTERN STAR","4700",45
"Heavy rigid trucks","Diesel","WESTERN STAR","4764",56
"Heavy rigid trucks","Diesel","WESTERN STAR","4784",218
"Heavy rigid trucks","Diesel","WESTERN STAR","4800",1326
"Heavy rigid trucks","Diesel","WESTERN STAR","4864",394
"Heavy rigid trucks","Diesel","WESTERN STAR","4900",121
"Heavy rigid trucks","Diesel","WESTERN STAR","4964",86
"Heavy rigid trucks","Diesel","WESTERN STAR","5800",35
"Heavy rigid trucks","Diesel","WESTERN STAR","5864",28
"Heavy rigid trucks","Diesel","WESTERN STAR","5900",3
"Heavy rigid trucks","Diesel","WESTERN STAR","5964",24
"Heavy rigid trucks","Diesel","WESTERN STAR","7564",4
"Heavy rigid trucks","Diesel","WESTERN STAR","CONSTELLATION",109
"Heavy rigid trucks","Diesel","WESTERN STAR","UNKNOWN",217
"Heavy rigid trucks","Diesel","WESTERN STAR","X-SERIES",39
"Heavy rigid trucks","Diesel","WHITE","UNKNOWN",114
"Heavy rigid trucks","Diesel","WORKHORSE","P-SERIES",7
"Heavy rigid trucks","Diesel","WORKHORSE","P SERIES",3
"Heavy rigid trucks","Diesel","WORKHORSE","UNKNOWN",3
"Heavy rigid trucks","Diesel","ZHONG TONG","UNKNOWN",3
"Heavy rigid trucks","Dual fuel","BEAVER","UNKNOWN",0
"Heavy rigid trucks","Dual fuel","BEDFORD","J SERIES",0
"Heavy rigid trucks","Dual fuel","BEDFORD","J5",3
"Heavy rigid trucks","Dual fuel","BEDFORD","TK",7
"Heavy rigid trucks","Dual fuel","BEDFORD","UNKNOWN",14
"Heavy rigid trucks","Dual fuel","BEDFORD-ISUZU","UNKNOWN",0
"Heavy rigid trucks","Dual fuel","CHEVROLET","C2500",3
"Heavy rigid trucks","Dual fuel","CHEVROLET","C30",0
"Heavy rigid trucks","Dual fuel","CHEVROLET","KODIAK",0
"Heavy rigid trucks","Dual fuel","CHEVROLET","LOADMASTER",0
"Heavy rigid trucks","Dual fuel","CHEVROLET","SILVERADO",5
"Heavy rigid trucks","Dual fuel","CHEVROLET","UNKNOWN",4
"Heavy rigid trucks","Dual fuel","CHRYSLER","DODGE",3
"Heavy rigid trucks","Dual fuel","CHRYSLER","UNKNOWN",0
"Heavy rigid trucks","Dual fuel","DAF","CF RANGE",3
"Heavy rigid trucks","Dual fuel","DAF","LF RANGE",3
"Heavy rigid trucks","Dual fuel","DAIHATSU","UNKNOWN",3
"Heavy rigid trucks","Dual fuel","DENNIS EAGLE","ELITE",6
"Heavy rigid trucks","Dual fuel","DODGE","AT4",0
"Heavy rigid trucks","Dual fuel","DODGE","D300",0
"Heavy rigid trucks","Dual fuel","DODGE","D3F",0
"Heavy rigid trucks","Dual fuel","DODGE","D400",0
"Heavy rigid trucks","Dual fuel","DODGE","D5N",3
"Heavy rigid trucks","Dual fuel","DODGE","UNKNOWN",8
"Heavy rigid trucks","Dual fuel","FODEN","UNKNOWN",0
"Heavy rigid trucks","Dual fuel","FORD","CARGO",0
"Heavy rigid trucks","Dual fuel","FORD","F250",4
"Heavy rigid trucks","Dual fuel","FORD","F350",9
"Heavy rigid trucks","Dual fuel","FORD","F500",0
"Heavy rigid trucks","Dual fuel","FORD","F700",3
"Heavy rigid trucks","Dual fuel","FORD","L900",3
"Heavy rigid trucks","Dual fuel","FORD","MIRADA",0
"Heavy rigid trucks","Dual fuel","FORD","TRADER",3
"Heavy rigid trucks","Dual fuel","FORD","UNKNOWN",16
"Heavy rigid trucks","Dual fuel","FREIGHTLINER","CASCADIA",3
"Heavy rigid trucks","Dual fuel","FREIGHTLINER","CL112",4
"Heavy rigid trucks","Dual fuel","FREIGHTLINER","FL112",0
"Heavy rigid trucks","Dual fuel","FUSO","CANTER",24
"Heavy rigid trucks","Dual fuel","FUSO","FK",13
"Heavy rigid trucks","Dual fuel","FUSO","FM",6
"Heavy rigid trucks","Dual fuel","FUSO","FN",3
"Heavy rigid trucks","Dual fuel","FUSO","FS",3
"Heavy rigid trucks","Dual fuel","FUSO","FV",3
"Heavy rigid trucks","Dual fuel","GMC","UNKNOWN",0
"Heavy rigid trucks","Dual fuel","HINO","300 SERIES",24
"Heavy rigid trucks","Dual fuel","HINO","DUTRO",3
"Heavy rigid trucks","Dual fuel","HINO","FC",8
"Heavy rigid trucks","Dual fuel","HINO","FD",20
"Heavy rigid trucks","Dual fuel","HINO","FE",6
"Heavy rigid trucks","Dual fuel","HINO","FF",3
"Heavy rigid trucks","Dual fuel","HINO","FG",9
"Heavy rigid trucks","Dual fuel","HINO","FM",9
"Heavy rigid trucks","Dual fuel","HINO","FS",0
"Heavy rigid trucks","Dual fuel","HINO","FY",4
"Heavy rigid trucks","Dual fuel","HINO","GH",8
"Heavy rigid trucks","Dual fuel","INTERNATIONAL","7600",3
"Heavy rigid trucks","Dual fuel","INTERNATIONAL","ACCO",8
"Heavy rigid trucks","Dual fuel","INTERNATIONAL","ACCO 1710",3
"Heavy rigid trucks","Dual fuel","INTERNATIONAL","ACCO 1810",5
"Heavy rigid trucks","Dual fuel","INTERNATIONAL","ACCO 610A",0
"Heavy rigid trucks","Dual fuel","INTERNATIONAL","C1300",0
"Heavy rigid trucks","Dual fuel","INTERNATIONAL","D1310",0
"Heavy rigid trucks","Dual fuel","INTERNATIONAL","D1410",0
"Heavy rigid trucks","Dual fuel","INTERNATIONAL","D1510",4
"Heavy rigid trucks","Dual fuel","INTERNATIONAL","UNKNOWN",25
"Heavy rigid trucks","Dual fuel","ISUZU","FH SERIES",0
"Heavy rigid trucks","Dual fuel","ISUZU","FRR",13
"Heavy rigid trucks","Dual fuel","ISUZU","FSD",3
"Heavy rigid trucks","Dual fuel","ISUZU","FSR",8
"Heavy rigid trucks","Dual fuel","ISUZU","FSS",3
"Heavy rigid trucks","Dual fuel","ISUZU","FTR",4
"Heavy rigid trucks","Dual fuel","ISUZU","FTS",3
"Heavy rigid trucks","Dual fuel","ISUZU","FVD",8
"Heavy rigid trucks","Dual fuel","ISUZU","FVR",4
"Heavy rigid trucks","Dual fuel","ISUZU","FVY",7
"Heavy rigid trucks","Dual fuel","ISUZU","FVZ",7
"Heavy rigid trucks","Dual fuel","ISUZU","FXD",0
"Heavy rigid trucks","Dual fuel","ISUZU","FXY",3
"Heavy rigid trucks","Dual fuel","ISUZU","FXZ",9
"Heavy rigid trucks","Dual fuel","ISUZU","FYJ",5
"Heavy rigid trucks","Dual fuel","ISUZU","NLR",0
"Heavy rigid trucks","Dual fuel","ISUZU","NNR",0
"Heavy rigid trucks","Dual fuel","ISUZU","NPR",21
"Heavy rigid trucks","Dual fuel","ISUZU","NPS",5
"Heavy rigid trucks","Dual fuel","ISUZU","NQR",10
"Heavy rigid trucks","Dual fuel","ISUZU","UNKNOWN",5
"Heavy rigid trucks","Dual fuel","IVECO","2350G",0
"Heavy rigid trucks","Dual fuel","IVECO","ACCO",17
"Heavy rigid trucks","Dual fuel","IVECO","DAILY",3
"Heavy rigid trucks","Dual fuel","IVECO","EUROCARGO",3
"Heavy rigid trucks","Dual fuel","IVECO","ML160",0
"Heavy rigid trucks","Dual fuel","IVECO","UNKNOWN",3
"Heavy rigid trucks","Dual fuel","KENWORTH","T350",0
"Heavy rigid trucks","Dual fuel","KENWORTH","T359",5
"Heavy rigid trucks","Dual fuel","KENWORTH","T401",0
"Heavy rigid trucks","Dual fuel","KENWORTH","T404",0
"Heavy rigid trucks","Dual fuel","KENWORTH","T409",0
"Heavy rigid trucks","Dual fuel","KENWORTH","T908",0
"Heavy rigid trucks","Dual fuel","KENWORTH","T909",0
"Heavy rigid trucks","Dual fuel","KENWORTH","W925",3
"Heavy rigid trucks","Dual fuel","LEYLAND","UNKNOWN",3
"Heavy rigid trucks","Dual fuel","MACK","CH FLEETLINER",0
"Heavy rigid trucks","Dual fuel","MACK","CMMR SERIES",3
"Heavy rigid trucks","Dual fuel","MACK","CMMT SERIES",3
"Heavy rigid trucks","Dual fuel","MACK","GRANITE",0
"Heavy rigid trucks","Dual fuel","MACK","RM686",3
"Heavy rigid trucks","Dual fuel","MACK","SUPERLINER",0
"Heavy rigid trucks","Dual fuel","MACK","TRIDENT",3
"Heavy rigid trucks","Dual fuel","MAN","LE280",0
"Heavy rigid trucks","Dual fuel","MAN","TGM",0
"Heavy rigid trucks","Dual fuel","MAZDA","T3500",3
"Heavy rigid trucks","Dual fuel","MAZDA","T4600",0
"Heavy rigid trucks","Dual fuel","MAZDA","UNKNOWN",3
"Heavy rigid trucks","Dual fuel","MERCEDES-BENZ","2228",0
"Heavy rigid trucks","Dual fuel","MERCEDES-BENZ","ACTROS",3
"Heavy rigid trucks","Dual fuel","MERCEDES-BENZ","ATEGO",3
"Heavy rigid trucks","Dual fuel","MERCEDES-BENZ","AXOR",3
"Heavy rigid trucks","Dual fuel","MERCEDES-BENZ","ECONIC",5
"Heavy rigid trucks","Dual fuel","MERCEDES-BENZ","UNIMOG",4
"Heavy rigid trucks","Dual fuel","MERCEDES-BENZ","UNKNOWN",0
"Heavy rigid trucks","Dual fuel","MITSUBISHI","CANTER",5
"Heavy rigid trucks","Dual fuel","MITSUBISHI","FG SERIES",3
"Heavy rigid trucks","Dual fuel","MITSUBISHI","FK SERIES",3
"Heavy rigid trucks","Dual fuel","MITSUBISHI","FM SERIES",3
"Heavy rigid trucks","Dual fuel","MITSUBISHI","FV SERIES",0
"Heavy rigid trucks","Dual fuel","MITSUBISHI","UNKNOWN",3
"Heavy rigid trucks","Dual fuel","NISSAN","UNKNOWN",0
"Heavy rigid trucks","Dual fuel","OKA","UNKNOWN",3
"Heavy rigid trucks","Dual fuel","OKA","XT SERIES",0
"Heavy rigid trucks","Dual fuel","RAM","3500",3
"Heavy rigid trucks","Dual fuel","SCANIA","P SERIES",0
"Heavy rigid trucks","Dual fuel","SCANIA","R SERIES",3
"Heavy rigid trucks","Dual fuel","SCANIA","T SERIES",0
"Heavy rigid trucks","Dual fuel","SCANIA","UNKNOWN",0
"Heavy rigid trucks","Dual fuel","STERLING","LT7500",0
"Heavy rigid trucks","Dual fuel","STERLING","LT9500",3
"Heavy rigid trucks","Dual fuel","TOYOTA","LANDCRUISER",0
"Heavy rigid trucks","Dual fuel","TOYOTA","UNKNOWN",0
"Heavy rigid trucks","Dual fuel","UD","CPB SERIES",0
"Heavy rigid trucks","Dual fuel","UD","MKB SERIES",6
"Heavy rigid trucks","Dual fuel","UD","PKB SERIES",3
"Heavy rigid trucks","Dual fuel","UD","PKC SERIES",3
"Heavy rigid trucks","Dual fuel","UD","UNKNOWN",3
"Heavy rigid trucks","Dual fuel","UNKNOWN","UNKNOWN",3
"Heavy rigid trucks","Dual fuel","VOLVO","F10",3
"Heavy rigid trucks","Dual fuel","VOLVO","F12",0
"Heavy rigid trucks","Dual fuel","VOLVO","F7",0
"Heavy rigid trucks","Dual fuel","VOLVO","FH",4
"Heavy rigid trucks","Dual fuel","VOLVO","FL",3
"Heavy rigid trucks","Dual fuel","VOLVO","FM",8
"Heavy rigid trucks","Dual fuel","WESTERN STAR","4800",3
"Heavy rigid trucks","Dual fuel","WESTERN STAR","4964",3
"Heavy rigid trucks","Hybrid electric","FUSO","CANTER",30
"Heavy rigid trucks","Hybrid electric","HINO","300 SERIES",141
"Heavy rigid trucks","Hybrid electric","HINO","DUTRO",4
"Heavy rigid trucks","Hybrid electric","ISUZU","NPR",0
"Heavy rigid trucks","Hybrid electric","MERCEDES-BENZ","ECONIC",3
"Heavy rigid trucks","Hybrid electric","MITSUBISHI","FK SERIES",3
"Heavy rigid trucks","Hybrid electric","TOYOTA","DYNA",7
"Heavy rigid trucks","Battery/Fuel-cell electric","DAF","LF RANGE",0
"Heavy rigid trucks","Battery/Fuel-cell electric","FOTON","AUMAN",3
"Heavy rigid trucks","Battery/Fuel-cell electric","FOTON","IBLUE",45
"Heavy rigid trucks","Battery/Fuel-cell electric","FUSO","CANTER",57
"Heavy rigid trucks","Battery/Fuel-cell electric","FUSO","FS",0
"Heavy rigid trucks","Battery/Fuel-cell electric","HINO","300 SERIES",18
"Heavy rigid trucks","Battery/Fuel-cell electric","HINO","DUTRO",3
"Heavy rigid trucks","Battery/Fuel-cell electric","HINO","FC",0
"Heavy rigid trucks","Battery/Fuel-cell electric","HINO","FD",3
"Heavy rigid trucks","Battery/Fuel-cell electric","HINO","FE",3
"Heavy rigid trucks","Battery/Fuel-cell electric","HINO","FG",3
"Heavy rigid trucks","Battery/Fuel-cell electric","HINO","GH",0
"Heavy rigid trucks","Battery/Fuel-cell electric","HINO","UNKNOWN",3
"Heavy rigid trucks","Battery/Fuel-cell electric","HYUNDAI","MIGHTY ELECTRIC",24
"Heavy rigid trucks","Battery/Fuel-cell electric","ISUZU","FRR",3
"Heavy rigid trucks","Battery/Fuel-cell electric","ISUZU","FVR",3
"Heavy rigid trucks","Battery/Fuel-cell electric","ISUZU","NPR",3
"Heavy rigid trucks","Battery/Fuel-cell electric","ISUZU","NQR",3
"Heavy rigid trucks","Battery/Fuel-cell electric","IVECO","ACCO",3
"Heavy rigid trucks","Battery/Fuel-cell electric","IVECO","DAILY",0
"Heavy rigid trucks","Battery/Fuel-cell electric","IVECO","STRALIS",0
"Heavy rigid trucks","Battery/Fuel-cell electric","IVECO","UNKNOWN",0
"Heavy rigid trucks","Battery/Fuel-cell electric","JAC","N721",16
"Heavy rigid trucks","Battery/Fuel-cell electric","JAC","UNKNOWN",3
"Heavy rigid trucks","Battery/Fuel-cell electric","MERCEDES-BENZ","ACTROS",3
"Heavy rigid trucks","Battery/Fuel-cell electric","MERCEDES-BENZ","UNKNOWN",3
"Heavy rigid trucks","Battery/Fuel-cell electric","NISSAN","CM SERIES",0
"Heavy rigid trucks","Battery/Fuel-cell electric","SANY","UNKNOWN",3
"Heavy rigid trucks","Battery/Fuel-cell electric","SCANIA","P SERIES",6
"Heavy rigid trucks","Battery/Fuel-cell electric","SEA ELECTRIC","300 85",52
"Heavy rigid trucks","Battery/Fuel-cell electric","UNKNOWN","UNKNOWN",0
"Heavy rigid trucks","Battery/Fuel-cell electric","VOLVO","FE",3
"Heavy rigid trucks","Battery/Fuel-cell electric","VOLVO","FL",50
"Heavy rigid trucks","Battery/Fuel-cell electric","WESTERN STAR","4800",0
"Heavy rigid trucks","Other","BEDFORD","TK",0
"Heavy rigid trucks","Other","BEDFORD","UNKNOWN",10
"Heavy rigid trucks","Other","CHEVROLET","3500",0
"Heavy rigid trucks","Other","CHEVROLET","UNKNOWN",3
"Heavy rigid trucks","Other","DENNIS EAGLE","ELITE",10
"Heavy rigid trucks","Other","DODGE","D3F",3
"Heavy rigid trucks","Other","DODGE","D5N",3
"Heavy rigid trucks","Other","DODGE","UNKNOWN",4
"Heavy rigid trucks","Other","FODEN","UNKNOWN",3
"Heavy rigid trucks","Other","FORD","D SERIES",0
"Heavy rigid trucks","Other","FORD","F350",4
"Heavy rigid trucks","Other","FORD","F600",3
"Heavy rigid trucks","Other","FORD","L SERIES",3
"Heavy rigid trucks","Other","FORD","LN900",0
"Heavy rigid trucks","Other","FORD","UNKNOWN",5
"Heavy rigid trucks","Other","FREIGHTLINER","FL80",0
"Heavy rigid trucks","Other","FUSO","CANTER",0
"Heavy rigid trucks","Other","FUSO","FK",3
"Heavy rigid trucks","Other","FUSO","FM",3
"Heavy rigid trucks","Other","FUSO","FN",0
"Heavy rigid trucks","Other","FUSO","FV",3
"Heavy rigid trucks","Other","GMC","C3500",0
"Heavy rigid trucks","Other","HINO","300 SERIES",0
"Heavy rigid trucks","Other","HINO","DUTRO",3
"Heavy rigid trucks","Other","HINO","FD",3
"Heavy rigid trucks","Other","HINO","FG",3
"Heavy rigid trucks","Other","HINO","FM",0
"Heavy rigid trucks","Other","INTERNATIONAL","1910",0
"Heavy rigid trucks","Other","INTERNATIONAL","ACCO",5
"Heavy rigid trucks","Other","INTERNATIONAL","ACCO 1710",3
"Heavy rigid trucks","Other","INTERNATIONAL","ACCO 1810",4
"Heavy rigid trucks","Other","INTERNATIONAL","D1510",3
"Heavy rigid trucks","Other","INTERNATIONAL","UNKNOWN",17
"Heavy rigid trucks","Other","ISUZU","CXZ",0
"Heavy rigid trucks","Other","ISUZU","FRR",0
"Heavy rigid trucks","Other","ISUZU","FSR",7
"Heavy rigid trucks","Other","ISUZU","FTR",0
"Heavy rigid trucks","Other","ISUZU","FVR",3
"Heavy rigid trucks","Other","ISUZU","FVZ",3
"Heavy rigid trucks","Other","ISUZU","FYH",3
"Heavy rigid trucks","Other","ISUZU","FYJ",0
"Heavy rigid trucks","Other","ISUZU","NPR",7
"Heavy rigid trucks","Other","ISUZU","NPS",0
"Heavy rigid trucks","Other","ISUZU","NQR",0
"Heavy rigid trucks","Other","ISUZU","UNKNOWN",3
"Heavy rigid trucks","Other","IVECO","ACCO",3
"Heavy rigid trucks","Other","KENWORTH","T610",0
"Heavy rigid trucks","Other","MACK","GRANITE",0
"Heavy rigid trucks","Other","MACK","METROLINER",3
"Heavy rigid trucks","Other","MACK","PREMIUM",0
"Heavy rigid trucks","Other","MACK","TRIDENT",3
"Heavy rigid trucks","Other","MACK","UNKNOWN",3
"Heavy rigid trucks","Other","MAN","TGS",0
"Heavy rigid trucks","Other","MAZDA","T3500",3
"Heavy rigid trucks","Other","MAZDA","T4100",3
"Heavy rigid trucks","Other","MAZDA","UNKNOWN",3
"Heavy rigid trucks","Other","MERCEDES-BENZ","ACTROS",0
"Heavy rigid trucks","Other","MERCEDES-BENZ","ECONIC",0
"Heavy rigid trucks","Other","MITSUBISHI","CANTER",3
"Heavy rigid trucks","Other","MITSUBISHI","FV SERIES",0
"Heavy rigid trucks","Other","MITSUBISHI","UNKNOWN",3
"Heavy rigid trucks","Other","SCANIA","G SERIES",0
"Heavy rigid trucks","Other","SCANIA","P SERIES",3
"Heavy rigid trucks","Other","SCANIA","R SERIES",3
"Heavy rigid trucks","Other","TOYOTA","UNKNOWN",3
"Heavy rigid trucks","Other","UD","MKA SERIES",3
"Heavy rigid trucks","Other","UD","UNKNOWN",0
"Heavy rigid trucks","Other","UNKNOWN","UNKNOWN",0
"Heavy rigid trucks","Other","VOLVO","N12",0
"Articulated trucks","Petrol","ATKINSON","UNKNOWN",0
"Articulated trucks","Petrol","BEDFORD","KG",0
"Articulated trucks","Petrol","BEDFORD","TK",0
"Articulated trucks","Petrol","BEDFORD","UNKNOWN",0
"Articulated trucks","Petrol","CATERPILLAR","CT",0
"Articulated trucks","Petrol","CATERPILLAR","CT610",0
"Articulated trucks","Petrol","CATERPILLAR","UNKNOWN",3
"Articulated trucks","Petrol","COMMER","UNKNOWN",3
"Articulated trucks","Petrol","DAF","CF RANGE",11
"Articulated trucks","Petrol","DAF","XF RANGE",3
"Articulated trucks","Petrol","DIAMOND T","UNKNOWN",3
"Articulated trucks","Petrol","DODGE","AT4",0
"Articulated trucks","Petrol","DODGE","UNKNOWN",7
"Articulated trucks","Petrol","FAW","UNKNOWN",3
"Articulated trucks","Petrol","FIAT","UNKNOWN",3
"Articulated trucks","Petrol","FORD","9000",0
"Articulated trucks","Petrol","FORD","F600",0
"Articulated trucks","Petrol","FORD","HN80",3
"Articulated trucks","Petrol","FORD","L SERIES",6
"Articulated trucks","Petrol","FORD","L900",4
"Articulated trucks","Petrol","FORD","LN9000",0
"Articulated trucks","Petrol","FORD","LNT900",0
"Articulated trucks","Petrol","FORD","LNT9000",3
"Articulated trucks","Petrol","FORD","LTL9000",3
"Articulated trucks","Petrol","FORD","LTS900",0
"Articulated trucks","Petrol","FORD","LTS9000",3
"Articulated trucks","Petrol","FORD","UNKNOWN",11
"Articulated trucks","Petrol","FREIGHTLINER","ARGOSY",13
"Articulated trucks","Petrol","FREIGHTLINER","C112",4
"Articulated trucks","Petrol","FREIGHTLINER","C120",3
"Articulated trucks","Petrol","FREIGHTLINER","CASCADIA",0
"Articulated trucks","Petrol","FREIGHTLINER","CL112",5
"Articulated trucks","Petrol","FREIGHTLINER","CL120",4
"Articulated trucks","Petrol","FREIGHTLINER","CORONADO",5
"Articulated trucks","Petrol","FREIGHTLINER","CST120",3
"Articulated trucks","Petrol","FREIGHTLINER","FL112",6
"Articulated trucks","Petrol","FREIGHTLINER","UNKNOWN",3
"Articulated trucks","Petrol","FUSO","FP",3
"Articulated trucks","Petrol","FUSO","FV",0
"Articulated trucks","Petrol","HINO","FS",0
"Articulated trucks","Petrol","HINO","SH",0
"Articulated trucks","Petrol","HINO","SS",3
"Articulated trucks","Petrol","INTERNATIONAL","1910",0
"Articulated trucks","Petrol","INTERNATIONAL","2150",0
"Articulated trucks","Petrol","INTERNATIONAL","2600",3
"Articulated trucks","Petrol","INTERNATIONAL","4670",0
"Articulated trucks","Petrol","INTERNATIONAL","4700",0
"Articulated trucks","Petrol","INTERNATIONAL","4870",0
"Articulated trucks","Petrol","INTERNATIONAL","7600",3
"Articulated trucks","Petrol","INTERNATIONAL","9200",3
"Articulated trucks","Petrol","INTERNATIONAL","9200I",5
"Articulated trucks","Petrol","INTERNATIONAL","9900I",3
"Articulated trucks","Petrol","INTERNATIONAL","AB180",0
"Articulated trucks","Petrol","INTERNATIONAL","ACCO",3
"Articulated trucks","Petrol","INTERNATIONAL","ACCO 2350",0
"Articulated trucks","Petrol","INTERNATIONAL","C1800",3
"Articulated trucks","Petrol","INTERNATIONAL","C1840",3
"Articulated trucks","Petrol","INTERNATIONAL","D1810",0
"Articulated trucks","Petrol","INTERNATIONAL","EAGLE",3
"Articulated trucks","Petrol","INTERNATIONAL","K SERIES",0
"Articulated trucks","Petrol","INTERNATIONAL","PROSTAR",3
"Articulated trucks","Petrol","INTERNATIONAL","S-LINE",4
"Articulated trucks","Petrol","INTERNATIONAL","S SERIES",0
"Articulated trucks","Petrol","INTERNATIONAL","S2600",0
"Articulated trucks","Petrol","INTERNATIONAL","S2670",3
"Articulated trucks","Petrol","INTERNATIONAL","S3600",3
"Articulated trucks","Petrol","INTERNATIONAL","T2650",0
"Articulated trucks","Petrol","INTERNATIONAL","TRANSTAR",3
"Articulated trucks","Petrol","INTERNATIONAL","UNKNOWN",46
"Articulated trucks","Petrol","ISUZU","CXY",3
"Articulated trucks","Petrol","ISUZU","CXZ",0
"Articulated trucks","Petrol","ISUZU","EXY",3
"Articulated trucks","Petrol","ISUZU","GVR",0
"Articulated trucks","Petrol","ISUZU","GXD",3
"Articulated trucks","Petrol","IVECO","ACCO",0
"Articulated trucks","Petrol","IVECO","POWERSTAR",5
"Articulated trucks","Petrol","IVECO","S-WAY",0
"Articulated trucks","Petrol","IVECO","STRALIS",7
"Articulated trucks","Petrol","IVECO","UNKNOWN",0
"Articulated trucks","Petrol","KENWORTH","C500",0
"Articulated trucks","Petrol","KENWORTH","C501",0
"Articulated trucks","Petrol","KENWORTH","C509",4
"Articulated trucks","Petrol","KENWORTH","K100",0
"Articulated trucks","Petrol","KENWORTH","K100E",3
"Articulated trucks","Petrol","KENWORTH","K100G",4
"Articulated trucks","Petrol","KENWORTH","K104",31
"Articulated trucks","Petrol","KENWORTH","K108",5
"Articulated trucks","Petrol","KENWORTH","K123",0
"Articulated trucks","Petrol","KENWORTH","K200",40
"Articulated trucks","Petrol","KENWORTH","K220",6
"Articulated trucks","Petrol","KENWORTH","T350",3
"Articulated trucks","Petrol","KENWORTH","T359",0
"Articulated trucks","Petrol","KENWORTH","T401",6
"Articulated trucks","Petrol","KENWORTH","T402",0
"Articulated trucks","Petrol","KENWORTH","T403",4
"Articulated trucks","Petrol","KENWORTH","T404",9
"Articulated trucks","Petrol","KENWORTH","T404SAR",0
"Articulated trucks","Petrol","KENWORTH","T408",9
"Articulated trucks","Petrol","KENWORTH","T408SAR",3
"Articulated trucks","Petrol","KENWORTH","T409",26
"Articulated trucks","Petrol","KENWORTH","T450",0
"Articulated trucks","Petrol","KENWORTH","T480",3
"Articulated trucks","Petrol","KENWORTH","T600",3
"Articulated trucks","Petrol","KENWORTH","T601",3
"Articulated trucks","Petrol","KENWORTH","T604",7
"Articulated trucks","Petrol","KENWORTH","T608",5
"Articulated trucks","Petrol","KENWORTH","T609",3
"Articulated trucks","Petrol","KENWORTH","T610",38
"Articulated trucks","Petrol","KENWORTH","T650",5
"Articulated trucks","Petrol","KENWORTH","T658",7
"Articulated trucks","Petrol","KENWORTH","T659",14
"Articulated trucks","Petrol","KENWORTH","T900",0
"Articulated trucks","Petrol","KENWORTH","T904",7
"Articulated trucks","Petrol","KENWORTH","T908",3
"Articulated trucks","Petrol","KENWORTH","T909",34
"Articulated trucks","Petrol","KENWORTH","T950",3
"Articulated trucks","Petrol","KENWORTH","UNKNOWN",13
"Articulated trucks","Petrol","KENWORTH","W900",7
"Articulated trucks","Petrol","KENWORTH","W924",0
"Articulated trucks","Petrol","KENWORTH","W925",0
"Articulated trucks","Petrol","MACK","CH FLEETLINER",3
"Articulated trucks","Petrol","MACK","CH SERIES",0
"Articulated trucks","Petrol","MACK","CH688",8
"Articulated trucks","Petrol","MACK","CH698",0
"Articulated trucks","Petrol","MACK","CHR",0
"Articulated trucks","Petrol","MACK","CHR FLEETLINER",0
"Articulated trucks","Petrol","MACK","CHR SERIES",6
"Articulated trucks","Petrol","MACK","CHR688",0
"Articulated trucks","Petrol","MACK","CHR788",3
"Articulated trucks","Petrol","MACK","CLR SERIES",3
"Articulated trucks","Petrol","MACK","CLS TRIDENT",0
"Articulated trucks","Petrol","MACK","CMHT TRIDENT",3
"Articulated trucks","Petrol","MACK","CMM SERIES",3
"Articulated trucks","Petrol","MACK","CX688",0
"Articulated trucks","Petrol","MACK","FLEETLINER",3
"Articulated trucks","Petrol","MACK","GRANITE",3
"Articulated trucks","Petrol","MACK","MANAGER",0
"Articulated trucks","Petrol","MACK","METROLINER",0
"Articulated trucks","Petrol","MACK","QUANTUM",3
"Articulated trucks","Petrol","MACK","R688",3
"Articulated trucks","Petrol","MACK","SUPERLINER",12
"Articulated trucks","Petrol","MACK","TRIDENT",8
"Articulated trucks","Petrol","MACK","UNKNOWN",17
"Articulated trucks","Petrol","MACK","VISION",3
"Articulated trucks","Petrol","MAN","TGA",0
"Articulated trucks","Petrol","MAN","TGS",4
"Articulated trucks","Petrol","MAN","UNKNOWN",0
"Articulated trucks","Petrol","MERCEDES-BENZ","1419",0
"Articulated trucks","Petrol","MERCEDES-BENZ","2233",3
"Articulated trucks","Petrol","MERCEDES-BENZ","2244",3
"Articulated trucks","Petrol","MERCEDES-BENZ","96X",0
"Articulated trucks","Petrol","MERCEDES-BENZ","ACTROS",27
"Articulated trucks","Petrol","MERCEDES-BENZ","ATEGO",0
"Articulated trucks","Petrol","MERCEDES-BENZ","AXOR",0
"Articulated trucks","Petrol","MERCEDES-BENZ","UNKNOWN",13
"Articulated trucks","Petrol","MITSUBISHI","FP SERIES",3
"Articulated trucks","Petrol","NISSAN","UNKNOWN",3
"Articulated trucks","Petrol","PETERBILT","379",0
"Articulated trucks","Petrol","SCANIA","G SERIES",11
"Articulated trucks","Petrol","SCANIA","P SERIES",6
"Articulated trucks","Petrol","SCANIA","R SERIES",28
"Articulated trucks","Petrol","SINOTRUK","C7H",3
"Articulated trucks","Petrol","STERLING","AT9500",3
"Articulated trucks","Petrol","STERLING","HX9500",0
"Articulated trucks","Petrol","STERLING","LT9500",7
"Articulated trucks","Petrol","UD","CWB SERIES",0
"Articulated trucks","Petrol","UD","GWB",3
"Articulated trucks","Petrol","UD","GWB SERIES",7
"Articulated trucks","Petrol","UD","QUON",0
"Articulated trucks","Petrol","VOLVO","F12",0
"Articulated trucks","Petrol","VOLVO","F7",0
"Articulated trucks","Petrol","VOLVO","F86",3
"Articulated trucks","Petrol","VOLVO","FH",55
"Articulated trucks","Petrol","VOLVO","FM",42
"Articulated trucks","Petrol","VOLVO","G88",0
"Articulated trucks","Petrol","VOLVO","N12",0
"Articulated trucks","Petrol","VOLVO","NL10",0
"Articulated trucks","Petrol","VOLVO","NL12",0
"Articulated trucks","Petrol","VOLVO","UNKNOWN",8
"Articulated trucks","Petrol","WESTERN STAR","3800",3
"Articulated trucks","Petrol","WESTERN STAR","4800",11
"Articulated trucks","Petrol","WESTERN STAR","4864",16
"Articulated trucks","Petrol","WESTERN STAR","4900",6
"Articulated trucks","Petrol","WESTERN STAR","4964",11
"Articulated trucks","Petrol","WESTERN STAR","5800",0
"Articulated trucks","Petrol","WESTERN STAR","CONSTELLATION",4
"Articulated trucks","Petrol","WESTERN STAR","UNKNOWN",8
"Articulated trucks","Petrol","WESTERN STAR","X-SERIES",3
"Articulated trucks","Petrol","WHITE","UNKNOWN",3
"Articulated trucks","Diesel","AEC","UNKNOWN",0
"Articulated trucks","Diesel","AMTRUK","UNKNOWN",3
"Articulated trucks","Diesel","ATKINSON","UNKNOWN",106
"Articulated trucks","Diesel","AUSTIN","UNKNOWN",0
"Articulated trucks","Diesel","AUTOCAR","UNKNOWN",3
"Articulated trucks","Diesel","BEDFORD","TK",3
"Articulated trucks","Diesel","BEDFORD","UNKNOWN",8
"Articulated trucks","Diesel","CATERPILLAR","CT",56
"Articulated trucks","Diesel","CATERPILLAR","CT610",47
"Articulated trucks","Diesel","CATERPILLAR","CT630",152
"Articulated trucks","Diesel","CATERPILLAR","CT700",11
"Articulated trucks","Diesel","CATERPILLAR","UNKNOWN",139
"Articulated trucks","Diesel","CHRYSLER","DODGE",3
"Articulated trucks","Diesel","COMMER","SUPERPOISE",0
"Articulated trucks","Diesel","COMMER","UNKNOWN",3
"Articulated trucks","Diesel","CUSTOM MADE","UNKNOWN",3
"Articulated trucks","Diesel","DAF","CF RANGE",2828
"Articulated trucks","Diesel","DAF","CF RANGER",63
"Articulated trucks","Diesel","DAF","LF RANGE",0
"Articulated trucks","Diesel","DAF","UNKNOWN",77
"Articulated trucks","Diesel","DAF","XF RANGE",826
"Articulated trucks","Diesel","DAF","XG RANGE",48
"Articulated trucks","Diesel","DIAMOND REO","UNKNOWN",25
"Articulated trucks","Diesel","DIAMOND T","UNKNOWN",7
"Articulated trucks","Diesel","DODGE","AT4",3
"Articulated trucks","Diesel","DODGE","D5N",7
"Articulated trucks","Diesel","DODGE","UNKNOWN",16
"Articulated trucks","Diesel","DUNBIER","UNKNOWN",3
"Articulated trucks","Diesel","FAW","UNKNOWN",3
"Articulated trucks","Diesel","FIAT","UNKNOWN",4
"Articulated trucks","Diesel","FORD","8000",0
"Articulated trucks","Diesel","FORD","9000",14
"Articulated trucks","Diesel","FORD","AEROMAX",8
"Articulated trucks","Diesel","FORD","CARGO",4
"Articulated trucks","Diesel","FORD","F650",0
"Articulated trucks","Diesel","FORD","HN80",25
"Articulated trucks","Diesel","FORD","L-SERIES",70
"Articulated trucks","Diesel","FORD","L SERIES",303
"Articulated trucks","Diesel","FORD","L800",0
"Articulated trucks","Diesel","FORD","L900",106
"Articulated trucks","Diesel","FORD","LN8000",4
"Articulated trucks","Diesel","FORD","LN900",6
"Articulated trucks","Diesel","FORD","LN9000",12
"Articulated trucks","Diesel","FORD","LNT900",23
"Articulated trucks","Diesel","FORD","LNT9000",22
"Articulated trucks","Diesel","FORD","LT9000",6
"Articulated trucks","Diesel","FORD","LTL9000",132
"Articulated trucks","Diesel","FORD","LTS900",74
"Articulated trucks","Diesel","FORD","LTS9000",77
"Articulated trucks","Diesel","FORD","UNKNOWN",322
"Articulated trucks","Diesel","FREIGHTLINER","ARGOSY",2665
"Articulated trucks","Diesel","FREIGHTLINER","C112",157
"Articulated trucks","Diesel","FREIGHTLINER","C120",193
"Articulated trucks","Diesel","FREIGHTLINER","CASCADIA",1059
"Articulated trucks","Diesel","FREIGHTLINER","CL112",533
"Articulated trucks","Diesel","FREIGHTLINER","CL120",209
"Articulated trucks","Diesel","FREIGHTLINER","CORONADO",1208
"Articulated trucks","Diesel","FREIGHTLINER","CST112",287
"Articulated trucks","Diesel","FREIGHTLINER","CST120",421
"Articulated trucks","Diesel","FREIGHTLINER","FL106",10
"Articulated trucks","Diesel","FREIGHTLINER","FL112",654
"Articulated trucks","Diesel","FREIGHTLINER","FL80",6
"Articulated trucks","Diesel","FREIGHTLINER","FLB",55
"Articulated trucks","Diesel","FREIGHTLINER","FLC112",50
"Articulated trucks","Diesel","FREIGHTLINER","FLN112",3
"Articulated trucks","Diesel","FREIGHTLINER","FLX",6
"Articulated trucks","Diesel","FREIGHTLINER","UNKNOWN",30
"Articulated trucks","Diesel","FUSO","CANTER",6
"Articulated trucks","Diesel","FUSO","FK",24
"Articulated trucks","Diesel","FUSO","FM",12
"Articulated trucks","Diesel","FUSO","FP",220
"Articulated trucks","Diesel","FUSO","FV",753
"Articulated trucks","Diesel","GMC","SIERRA",0
"Articulated trucks","Diesel","HINO","FC",8
"Articulated trucks","Diesel","HINO","FD",41
"Articulated trucks","Diesel","HINO","FE",4
"Articulated trucks","Diesel","HINO","FG",15
"Articulated trucks","Diesel","HINO","FM",20
"Articulated trucks","Diesel","HINO","FS",115
"Articulated trucks","Diesel","HINO","FY",0
"Articulated trucks","Diesel","HINO","GD",3
"Articulated trucks","Diesel","HINO","GH",38
"Articulated trucks","Diesel","HINO","SH",97
"Articulated trucks","Diesel","HINO","SS",330
"Articulated trucks","Diesel","HINO","UNKNOWN",3
"Articulated trucks","Diesel","HYUNDAI","XCIENT",13
"Articulated trucks","Diesel","INTERNATIONAL","1980",0
"Articulated trucks","Diesel","INTERNATIONAL","2150",5
"Articulated trucks","Diesel","INTERNATIONAL","2350",0
"Articulated trucks","Diesel","INTERNATIONAL","2600",16
"Articulated trucks","Diesel","INTERNATIONAL","2670",5
"Articulated trucks","Diesel","INTERNATIONAL","3070",6
"Articulated trucks","Diesel","INTERNATIONAL","3600",49
"Articulated trucks","Diesel","INTERNATIONAL","4670",7
"Articulated trucks","Diesel","INTERNATIONAL","4700",40
"Articulated trucks","Diesel","INTERNATIONAL","4870",0
"Articulated trucks","Diesel","INTERNATIONAL","7600",95
"Articulated trucks","Diesel","INTERNATIONAL","9000",17
"Articulated trucks","Diesel","INTERNATIONAL","9200",35
"Articulated trucks","Diesel","INTERNATIONAL","9200I",118
"Articulated trucks","Diesel","INTERNATIONAL","9900",74
"Articulated trucks","Diesel","INTERNATIONAL","9900I",55
"Articulated trucks","Diesel","INTERNATIONAL","AB180",3
"Articulated trucks","Diesel","INTERNATIONAL","ACCO",72
"Articulated trucks","Diesel","INTERNATIONAL","ACCO 1710",3
"Articulated trucks","Diesel","INTERNATIONAL","ACCO 1850",0
"Articulated trucks","Diesel","INTERNATIONAL","ACCO 1950",4
"Articulated trucks","Diesel","INTERNATIONAL","ACCO 2150",0
"Articulated trucks","Diesel","INTERNATIONAL","ACCO 2350",14
"Articulated trucks","Diesel","INTERNATIONAL","ACCO 3070",18
"Articulated trucks","Diesel","INTERNATIONAL","ATKINSON",7
"Articulated trucks","Diesel","INTERNATIONAL","C1800",4
"Articulated trucks","Diesel","INTERNATIONAL","C1840",4
"Articulated trucks","Diesel","INTERNATIONAL","D SERIES",0
"Articulated trucks","Diesel","INTERNATIONAL","EAGLE",130
"Articulated trucks","Diesel","INTERNATIONAL","EUROTECH",3
"Articulated trucks","Diesel","INTERNATIONAL","F SERIES",5
"Articulated trucks","Diesel","INTERNATIONAL","F2350",3
"Articulated trucks","Diesel","INTERNATIONAL","F3470",3
"Articulated trucks","Diesel","INTERNATIONAL","F4670",15
"Articulated trucks","Diesel","INTERNATIONAL","F4870",7
"Articulated trucks","Diesel","INTERNATIONAL","N SERIES",3
"Articulated trucks","Diesel","INTERNATIONAL","POWERSTAR",9
"Articulated trucks","Diesel","INTERNATIONAL","PROSTAR",131
"Articulated trucks","Diesel","INTERNATIONAL","S-LINE",79
"Articulated trucks","Diesel","INTERNATIONAL","S SERIES",217
"Articulated trucks","Diesel","INTERNATIONAL","S2600",68
"Articulated trucks","Diesel","INTERNATIONAL","S2650",3
"Articulated trucks","Diesel","INTERNATIONAL","S2670",144
"Articulated trucks","Diesel","INTERNATIONAL","S3300",17
"Articulated trucks","Diesel","INTERNATIONAL","S3600",550
"Articulated trucks","Diesel","INTERNATIONAL","T-LINE",7
"Articulated trucks","Diesel","INTERNATIONAL","T2650",5
"Articulated trucks","Diesel","INTERNATIONAL","T2670",98
"Articulated trucks","Diesel","INTERNATIONAL","T2700",8
"Articulated trucks","Diesel","INTERNATIONAL","TF SERIES",6
"Articulated trucks","Diesel","INTERNATIONAL","TF2670",26
"Articulated trucks","Diesel","INTERNATIONAL","TK2670",3
"Articulated trucks","Diesel","INTERNATIONAL","TRANSTAR",216
"Articulated trucks","Diesel","INTERNATIONAL","UNKNOWN",692
"Articulated trucks","Diesel","ISUZU","CXY",246
"Articulated trucks","Diesel","ISUZU","CXZ",136
"Articulated trucks","Diesel","ISUZU","EXD",21
"Articulated trucks","Diesel","ISUZU","EXY",162
"Articulated trucks","Diesel","ISUZU","FH SERIES",0
"Articulated trucks","Diesel","ISUZU","FRD",5
"Articulated trucks","Diesel","ISUZU","FRR",76
"Articulated trucks","Diesel","ISUZU","FSR",8
"Articulated trucks","Diesel","ISUZU","FTR",3
"Articulated trucks","Diesel","ISUZU","FTS",0
"Articulated trucks","Diesel","ISUZU","FVD",10
"Articulated trucks","Diesel","ISUZU","FVR",19
"Articulated trucks","Diesel","ISUZU","FVZ",7
"Articulated trucks","Diesel","ISUZU","FXD",9
"Articulated trucks","Diesel","ISUZU","FXR",14
"Articulated trucks","Diesel","ISUZU","FXY",9
"Articulated trucks","Diesel","ISUZU","FXZ",11
"Articulated trucks","Diesel","ISUZU","GVD",41
"Articulated trucks","Diesel","ISUZU","GVR",86
"Articulated trucks","Diesel","ISUZU","GXD",112
"Articulated trucks","Diesel","ISUZU","GXR SERIES",8
"Articulated trucks","Diesel","ISUZU","NLR",0
"Articulated trucks","Diesel","ISUZU","NPR",9
"Articulated trucks","Diesel","ISUZU","NQR",3
"Articulated trucks","Diesel","ISUZU","UNKNOWN",7
"Articulated trucks","Diesel","IVECO","2350G",3
"Articulated trucks","Diesel","IVECO","6300",13
"Articulated trucks","Diesel","IVECO","6500",23
"Articulated trucks","Diesel","IVECO","6700",46
"Articulated trucks","Diesel","IVECO","9900I",8
"Articulated trucks","Diesel","IVECO","ACCO",10
"Articulated trucks","Diesel","IVECO","EAGLE",13
"Articulated trucks","Diesel","IVECO","EUROCARGO",4
"Articulated trucks","Diesel","IVECO","EUROTECH",214
"Articulated trucks","Diesel","IVECO","ML160",0
"Articulated trucks","Diesel","IVECO","ML180",0
"Articulated trucks","Diesel","IVECO","POWERSTAR",711
"Articulated trucks","Diesel","IVECO","S-WAY",237
"Articulated trucks","Diesel","IVECO","STRALIS",1258
"Articulated trucks","Diesel","IVECO","TRAKKER",3
"Articulated trucks","Diesel","IVECO","UNKNOWN",362
"Articulated trucks","Diesel","IVECO","X-WAY",12
"Articulated trucks","Diesel","KENWORTH","C500",44
"Articulated trucks","Diesel","KENWORTH","C501",74
"Articulated trucks","Diesel","KENWORTH","C508",34
"Articulated trucks","Diesel","KENWORTH","C509",790
"Articulated trucks","Diesel","KENWORTH","K-SERIES",21
"Articulated trucks","Diesel","KENWORTH","K SERIES",567
"Articulated trucks","Diesel","KENWORTH","K100",191
"Articulated trucks","Diesel","KENWORTH","K100E",181
"Articulated trucks","Diesel","KENWORTH","K100G",251
"Articulated trucks","Diesel","KENWORTH","K104",2795
"Articulated trucks","Diesel","KENWORTH","K108",819
"Articulated trucks","Diesel","KENWORTH","K120",24
"Articulated trucks","Diesel","KENWORTH","K123",51
"Articulated trucks","Diesel","KENWORTH","K124",25
"Articulated trucks","Diesel","KENWORTH","K125",85
"Articulated trucks","Diesel","KENWORTH","K200",6473
"Articulated trucks","Diesel","KENWORTH","K220",528
"Articulated trucks","Diesel","KENWORTH","L700",0
"Articulated trucks","Diesel","KENWORTH","T SERIES",5
"Articulated trucks","Diesel","KENWORTH","T300",5
"Articulated trucks","Diesel","KENWORTH","T350",199
"Articulated trucks","Diesel","KENWORTH","T358",4
"Articulated trucks","Diesel","KENWORTH","T359",239
"Articulated trucks","Diesel","KENWORTH","T360",5
"Articulated trucks","Diesel","KENWORTH","T388",73
"Articulated trucks","Diesel","KENWORTH","T400",94
"Articulated trucks","Diesel","KENWORTH","T401",1017
"Articulated trucks","Diesel","KENWORTH","T402",152
"Articulated trucks","Diesel","KENWORTH","T403",288
"Articulated trucks","Diesel","KENWORTH","T404",1363
"Articulated trucks","Diesel","KENWORTH","T404SAR",87
"Articulated trucks","Diesel","KENWORTH","T408",759
"Articulated trucks","Diesel","KENWORTH","T408SAR",54
"Articulated trucks","Diesel","KENWORTH","T409",2380
"Articulated trucks","Diesel","KENWORTH","T409SAR",21
"Articulated trucks","Diesel","KENWORTH","T410",784
"Articulated trucks","Diesel","KENWORTH","T440",77
"Articulated trucks","Diesel","KENWORTH","T450",22
"Articulated trucks","Diesel","KENWORTH","T480",53
"Articulated trucks","Diesel","KENWORTH","T600",417
"Articulated trucks","Diesel","KENWORTH","T601",161
"Articulated trucks","Diesel","KENWORTH","T604",938
"Articulated trucks","Diesel","KENWORTH","T608",329
"Articulated trucks","Diesel","KENWORTH","T609",515
"Articulated trucks","Diesel","KENWORTH","T610",4006
"Articulated trucks","Diesel","KENWORTH","T650",611
"Articulated trucks","Diesel","KENWORTH","T658",292
"Articulated trucks","Diesel","KENWORTH","T659",2210
"Articulated trucks","Diesel","KENWORTH","T900",396
"Articulated trucks","Diesel","KENWORTH","T904",749
"Articulated trucks","Diesel","KENWORTH","T908",587
"Articulated trucks","Diesel","KENWORTH","T909",4563
"Articulated trucks","Diesel","KENWORTH","T950",444
"Articulated trucks","Diesel","KENWORTH","UNKNOWN",4745
"Articulated trucks","Diesel","KENWORTH","W SERIES",105
"Articulated trucks","Diesel","KENWORTH","W900",660
"Articulated trucks","Diesel","KENWORTH","W923",25
"Articulated trucks","Diesel","KENWORTH","W924",63
"Articulated trucks","Diesel","KENWORTH","W925",83
"Articulated trucks","Diesel","LEADER","UNKNOWN",6
"Articulated trucks","Diesel","LEYLAND","HARRIER",3
"Articulated trucks","Diesel","LEYLAND","MASTIFF",3
"Articulated trucks","Diesel","LEYLAND","UNKNOWN",11
"Articulated trucks","Diesel","MACK","ANTHEM",486
"Articulated trucks","Diesel","MACK","B61",40
"Articulated trucks","Diesel","MACK","CH FLEETLINER",62
"Articulated trucks","Diesel","MACK","CH SERIES",209
"Articulated trucks","Diesel","MACK","CH VALUELINER",18
"Articulated trucks","Diesel","MACK","CH688",39
"Articulated trucks","Diesel","MACK","CH698",21
"Articulated trucks","Diesel","MACK","CHR",55
"Articulated trucks","Diesel","MACK","CHR FLEETLINER",54
"Articulated trucks","Diesel","MACK","CHR SERIES",321
"Articulated trucks","Diesel","MACK","CHR688",40
"Articulated trucks","Diesel","MACK","CHR788",16
"Articulated trucks","Diesel","MACK","CLR SERIES",124
"Articulated trucks","Diesel","MACK","CLR SUPERLINER",17
"Articulated trucks","Diesel","MACK","CLS TRIDENT",17
"Articulated trucks","Diesel","MACK","CLX SUPERLINER",152
"Articulated trucks","Diesel","MACK","CMH TRIDENT",29
"Articulated trucks","Diesel","MACK","CMHR TRIDENT",13
"Articulated trucks","Diesel","MACK","CMHT TRIDENT",95
"Articulated trucks","Diesel","MACK","CMM SERIES",36
"Articulated trucks","Diesel","MACK","CMMR SERIES",16
"Articulated trucks","Diesel","MACK","CMMT SERIES",316
"Articulated trucks","Diesel","MACK","CSMR SERIES",0
"Articulated trucks","Diesel","MACK","CX SERIES",38
"Articulated trucks","Diesel","MACK","CX688",11
"Articulated trucks","Diesel","MACK","ECONODYNE",5
"Articulated trucks","Diesel","MACK","ELITE",19
"Articulated trucks","Diesel","MACK","FLEETLINER",274
"Articulated trucks","Diesel","MACK","FR 700",3
"Articulated trucks","Diesel","MACK","GRANITE",1028
"Articulated trucks","Diesel","MACK","MAGNUM",13
"Articulated trucks","Diesel","MACK","MANAGER",0
"Articulated trucks","Diesel","MACK","METROLINER",54
"Articulated trucks","Diesel","MACK","MHR SERIES",10
"Articulated trucks","Diesel","MACK","MIDLUM",3
"Articulated trucks","Diesel","MACK","ML SERIES",3
"Articulated trucks","Diesel","MACK","MLR SERIES",15
"Articulated trucks","Diesel","MACK","PREMIUM",22
"Articulated trucks","Diesel","MACK","QUANTUM",121
"Articulated trucks","Diesel","MACK","R SERIES",47
"Articulated trucks","Diesel","MACK","R600",89
"Articulated trucks","Diesel","MACK","R685",10
"Articulated trucks","Diesel","MACK","R686",28
"Articulated trucks","Diesel","MACK","R688",71
"Articulated trucks","Diesel","MACK","R700",10
"Articulated trucks","Diesel","MACK","R721",22
"Articulated trucks","Diesel","MACK","R722",34
"Articulated trucks","Diesel","MACK","SELECT",14
"Articulated trucks","Diesel","MACK","SUPERLINER",2659
"Articulated trucks","Diesel","MACK","TITAN",535
"Articulated trucks","Diesel","MACK","TRIDENT",1603
"Articulated trucks","Diesel","MACK","ULTRALINER",13
"Articulated trucks","Diesel","MACK","UNKNOWN",1844
"Articulated trucks","Diesel","MACK","VALUELINER",198
"Articulated trucks","Diesel","MACK","VISION",265
"Articulated trucks","Diesel","MAN","10. SERIES",0
"Articulated trucks","Diesel","MAN","15. SERIES",3
"Articulated trucks","Diesel","MAN","18. SERIES",3
"Articulated trucks","Diesel","MAN","25. SERIES",0
"Articulated trucks","Diesel","MAN","26. SERIES",62
"Articulated trucks","Diesel","MAN","F2000",3
"Articulated trucks","Diesel","MAN","F90",0
"Articulated trucks","Diesel","MAN","L2000",3
"Articulated trucks","Diesel","MAN","TG3",40
"Articulated trucks","Diesel","MAN","TGA",531
"Articulated trucks","Diesel","MAN","TGL",3
"Articulated trucks","Diesel","MAN","TGM",10
"Articulated trucks","Diesel","MAN","TGS",784
"Articulated trucks","Diesel","MAN","TGX",456
"Articulated trucks","Diesel","MAN","UNKNOWN",310
"Articulated trucks","Diesel","MARMON","UNKNOWN",7
"Articulated trucks","Diesel","MERCEDES-BENZ","1217",0
"Articulated trucks","Diesel","MERCEDES-BENZ","1418",35
"Articulated trucks","Diesel","MERCEDES-BENZ","1419",3
"Articulated trucks","Diesel","MERCEDES-BENZ","1422",5
"Articulated trucks","Diesel","MERCEDES-BENZ","1424",10
"Articulated trucks","Diesel","MERCEDES-BENZ","1425",11
"Articulated trucks","Diesel","MERCEDES-BENZ","1517",3
"Articulated trucks","Diesel","MERCEDES-BENZ","1625",7
"Articulated trucks","Diesel","MERCEDES-BENZ","1734",10
"Articulated trucks","Diesel","MERCEDES-BENZ","2222",3
"Articulated trucks","Diesel","MERCEDES-BENZ","2224",0
"Articulated trucks","Diesel","MERCEDES-BENZ","2228",11
"Articulated trucks","Diesel","MERCEDES-BENZ","2233",22
"Articulated trucks","Diesel","MERCEDES-BENZ","2235",27
"Articulated trucks","Diesel","MERCEDES-BENZ","2238",7
"Articulated trucks","Diesel","MERCEDES-BENZ","2244",10
"Articulated trucks","Diesel","MERCEDES-BENZ","2434",9
"Articulated trucks","Diesel","MERCEDES-BENZ","2435",47
"Articulated trucks","Diesel","MERCEDES-BENZ","2534",5
"Articulated trucks","Diesel","MERCEDES-BENZ","2550",9
"Articulated trucks","Diesel","MERCEDES-BENZ","96X",493
"Articulated trucks","Diesel","MERCEDES-BENZ","ACTROS",6412
"Articulated trucks","Diesel","MERCEDES-BENZ","AROCS",133
"Articulated trucks","Diesel","MERCEDES-BENZ","ATEGO",11
"Articulated trucks","Diesel","MERCEDES-BENZ","AXOR",33
"Articulated trucks","Diesel","MERCEDES-BENZ","UNKNOWN",185
"Articulated trucks","Diesel","MITSUBISHI","F SERIES",0
"Articulated trucks","Diesel","MITSUBISHI","FK SERIES",12
"Articulated trucks","Diesel","MITSUBISHI","FK115",3
"Articulated trucks","Diesel","MITSUBISHI","FM SERIES",11
"Articulated trucks","Diesel","MITSUBISHI","FM515",3
"Articulated trucks","Diesel","MITSUBISHI","FP SERIES",73
"Articulated trucks","Diesel","MITSUBISHI","FS SERIES",3
"Articulated trucks","Diesel","MITSUBISHI","FV SERIES",19
"Articulated trucks","Diesel","MITSUBISHI","FV415",3
"Articulated trucks","Diesel","MITSUBISHI","UNKNOWN",13
"Articulated trucks","Diesel","NISSAN","CK SERIES",10
"Articulated trucks","Diesel","NISSAN","CW SERIES",12
"Articulated trucks","Diesel","NISSAN","UNKNOWN",39
"Articulated trucks","Diesel","OTTAWA","UNKNOWN",3
"Articulated trucks","Diesel","PETERBILT","379",61
"Articulated trucks","Diesel","PETERBILT","388",12
"Articulated trucks","Diesel","PETERBILT","389",9
"Articulated trucks","Diesel","PETERBILT","UNKNOWN",31
"Articulated trucks","Diesel","PETERBUILT","UNKNOWN",3
"Articulated trucks","Diesel","SCANIA","112",13
"Articulated trucks","Diesel","SCANIA","142",3
"Articulated trucks","Diesel","SCANIA","G SERIES",2032
"Articulated trucks","Diesel","SCANIA","L SERIES",0
"Articulated trucks","Diesel","SCANIA","P SERIES",1214
"Articulated trucks","Diesel","SCANIA","R SERIES",5358
"Articulated trucks","Diesel","SCANIA","T SERIES",180
"Articulated trucks","Diesel","SCANIA","UNKNOWN",129
"Articulated trucks","Diesel","SHACMAN","UNKNOWN",6
"Articulated trucks","Diesel","SINOTRUK","C7H",237
"Articulated trucks","Diesel","SINOTRUK","UNKNOWN",30
"Articulated trucks","Diesel","STERLING","AT9500",153
"Articulated trucks","Diesel","STERLING","HX9500",43
"Articulated trucks","Diesel","STERLING","LT7500",4
"Articulated trucks","Diesel","STERLING","LT9500",516
"Articulated trucks","Diesel","STERLING","UNKNOWN",224
"Articulated trucks","Diesel","STIRLING","UNKNOWN",0
"Articulated trucks","Diesel","TATRA","T158",0
"Articulated trucks","Diesel","TATRA","UNKNOWN",4
"Articulated trucks","Diesel","TOYOTA","UNKNOWN",0
"Articulated trucks","Diesel","UD","CGB SERIES",0
"Articulated trucks","Diesel","UD","CKA SERIES",10
"Articulated trucks","Diesel","UD","CKB SERIES",50
"Articulated trucks","Diesel","UD","CW SERIES",3
"Articulated trucks","Diesel","UD","CWA SERIES",8
"Articulated trucks","Diesel","UD","CWB SERIES",225
"Articulated trucks","Diesel","UD","GKB",25
"Articulated trucks","Diesel","UD","GKB SERIES",54
"Articulated trucks","Diesel","UD","GW SERIES",12
"Articulated trucks","Diesel","UD","GWB",256
"Articulated trucks","Diesel","UD","GWB SERIES",575
"Articulated trucks","Diesel","UD","LKC SERIES",0
"Articulated trucks","Diesel","UD","MKB SERIES",57
"Articulated trucks","Diesel","UD","PKC SERIES",18
"Articulated trucks","Diesel","UD","QUON",60
"Articulated trucks","Diesel","UD","UNKNOWN",471
"Articulated trucks","Diesel","UNKNOWN","UNKNOWN",32
"Articulated trucks","Diesel","VOLKSWAGEN","LT",0
"Articulated trucks","Diesel","VOLVO","F10",21
"Articulated trucks","Diesel","VOLVO","F12",68
"Articulated trucks","Diesel","VOLVO","F16",24
"Articulated trucks","Diesel","VOLVO","F7",6
"Articulated trucks","Diesel","VOLVO","F86",4
"Articulated trucks","Diesel","VOLVO","FE",15
"Articulated trucks","Diesel","VOLVO","FH",12852
"Articulated trucks","Diesel","VOLVO","FL",138
"Articulated trucks","Diesel","VOLVO","FM",6879
"Articulated trucks","Diesel","VOLVO","G88",10
"Articulated trucks","Diesel","VOLVO","N10",16
"Articulated trucks","Diesel","VOLVO","N12",40
"Articulated trucks","Diesel","VOLVO","NH",138
"Articulated trucks","Diesel","VOLVO","NL",17
"Articulated trucks","Diesel","VOLVO","NL10",3
"Articulated trucks","Diesel","VOLVO","NL12",25
"Articulated trucks","Diesel","VOLVO","UNKNOWN",300
"Articulated trucks","Diesel","WESTERN STAR","3800",16
"Articulated trucks","Diesel","WESTERN STAR","3864",11
"Articulated trucks","Diesel","WESTERN STAR","4700",0
"Articulated trucks","Diesel","WESTERN STAR","4764",8
"Articulated trucks","Diesel","WESTERN STAR","4800",2074
"Articulated trucks","Diesel","WESTERN STAR","4864",2246
"Articulated trucks","Diesel","WESTERN STAR","4900",996
"Articulated trucks","Diesel","WESTERN STAR","4964",698
"Articulated trucks","Diesel","WESTERN STAR","5800",73
"Articulated trucks","Diesel","WESTERN STAR","5864",165
"Articulated trucks","Diesel","WESTERN STAR","5900",11
"Articulated trucks","Diesel","WESTERN STAR","5964",40
"Articulated trucks","Diesel","WESTERN STAR","6900",66
"Articulated trucks","Diesel","WESTERN STAR","6964",165
"Articulated trucks","Diesel","WESTERN STAR","7564",13
"Articulated trucks","Diesel","WESTERN STAR","CONSTELLATION",552
"Articulated trucks","Diesel","WESTERN STAR","UNKNOWN",1411
"Articulated trucks","Diesel","WESTERN STAR","X-SERIES",261
"Articulated trucks","Diesel","WHITE","UNKNOWN",139
"Articulated trucks","Dual fuel","CATERPILLAR","CT630",0
"Articulated trucks","Dual fuel","DAF","CF RANGE",3
"Articulated trucks","Dual fuel","DAF","UNKNOWN",3
"Articulated trucks","Dual fuel","FORD","UNKNOWN",3
"Articulated trucks","Dual fuel","FREIGHTLINER","ARGOSY",6
"Articulated trucks","Dual fuel","FREIGHTLINER","C120",0
"Articulated trucks","Dual fuel","FREIGHTLINER","CASCADIA",0
"Articulated trucks","Dual fuel","FREIGHTLINER","CORONADO",3
"Articulated trucks","Dual fuel","FREIGHTLINER","CST112",3
"Articulated trucks","Dual fuel","FREIGHTLINER","CST120",3
"Articulated trucks","Dual fuel","FREIGHTLINER","FL112",3
"Articulated trucks","Dual fuel","FUSO","FP",3
"Articulated trucks","Dual fuel","FUSO","FV",0
"Articulated trucks","Dual fuel","HINO","SS",0
"Articulated trucks","Dual fuel","INTERNATIONAL","7600",3
"Articulated trucks","Dual fuel","INTERNATIONAL","S3600",3
"Articulated trucks","Dual fuel","ISUZU","CXY",0
"Articulated trucks","Dual fuel","ISUZU","EXD",3
"Articulated trucks","Dual fuel","IVECO","9900I",0
"Articulated trucks","Dual fuel","IVECO","EAGLE",3
"Articulated trucks","Dual fuel","IVECO","POWERSTAR",0
"Articulated trucks","Dual fuel","IVECO","STRALIS",0
"Articulated trucks","Dual fuel","KENWORTH","K104",5
"Articulated trucks","Dual fuel","KENWORTH","K108",3
"Articulated trucks","Dual fuel","KENWORTH","K200",5
"Articulated trucks","Dual fuel","KENWORTH","T359",3
"Articulated trucks","Dual fuel","KENWORTH","T388",0
"Articulated trucks","Dual fuel","KENWORTH","T401",3
"Articulated trucks","Dual fuel","KENWORTH","T403",3
"Articulated trucks","Dual fuel","KENWORTH","T404",3
"Articulated trucks","Dual fuel","KENWORTH","T408",0
"Articulated trucks","Dual fuel","KENWORTH","T409",3
"Articulated trucks","Dual fuel","KENWORTH","T410",0
"Articulated trucks","Dual fuel","KENWORTH","T604",3
"Articulated trucks","Dual fuel","KENWORTH","T609",3
"Articulated trucks","Dual fuel","KENWORTH","T610",5
"Articulated trucks","Dual fuel","KENWORTH","T650",0
"Articulated trucks","Dual fuel","KENWORTH","T659",0
"Articulated trucks","Dual fuel","KENWORTH","T900",3
"Articulated trucks","Dual fuel","KENWORTH","T904",3
"Articulated trucks","Dual fuel","KENWORTH","T908",0
"Articulated trucks","Dual fuel","KENWORTH","T909",9
"Articulated trucks","Dual fuel","KENWORTH","UNKNOWN",4
"Articulated trucks","Dual fuel","MACK","CMMT SERIES",0
"Articulated trucks","Dual fuel","MACK","SUPERLINER",3
"Articulated trucks","Dual fuel","MACK","VISION",3
"Articulated trucks","Dual fuel","MAN","TGA",0
"Articulated trucks","Dual fuel","MAN","TGX",0
"Articulated trucks","Dual fuel","MERCEDES-BENZ","ACTROS",9
"Articulated trucks","Dual fuel","SCANIA","G SERIES",3
"Articulated trucks","Dual fuel","SCANIA","P SERIES",0
"Articulated trucks","Dual fuel","SCANIA","R SERIES",6
"Articulated trucks","Dual fuel","STERLING","HX7500",3
"Articulated trucks","Dual fuel","STERLING","UNKNOWN",0
"Articulated trucks","Dual fuel","UD","GKB SERIES",0
"Articulated trucks","Dual fuel","UD","GWB SERIES",3
"Articulated trucks","Dual fuel","UD","MKB SERIES",3
"Articulated trucks","Dual fuel","UD","UNKNOWN",0
"Articulated trucks","Dual fuel","VOLVO","FH",16
"Articulated trucks","Dual fuel","VOLVO","FM",3
"Articulated trucks","Dual fuel","VOLVO","NL",3
"Articulated trucks","Dual fuel","WESTERN STAR","4800",0
"Articulated trucks","Dual fuel","WESTERN STAR","4900",0
"Articulated trucks","Hybrid electric","KENWORTH","UNKNOWN",0
"Articulated trucks","Battery/Fuel-cell electric","HDRIVE","UNKNOWN",3
"Articulated trucks","Battery/Fuel-cell electric","KENWORTH","T402",5
"Articulated trucks","Battery/Fuel-cell electric","KENWORTH","T409",3
"Articulated trucks","Battery/Fuel-cell electric","KENWORTH","T609",3
"Articulated trucks","Battery/Fuel-cell electric","KENWORTH","T909",3
"Articulated trucks","Battery/Fuel-cell electric","MACK","TRIDENT",3
"Articulated trucks","Battery/Fuel-cell electric","MERCEDES-BENZ","ACTROS",3
"Articulated trucks","Battery/Fuel-cell electric","MERCEDES-BENZ","UNKNOWN",3
"Articulated trucks","Battery/Fuel-cell electric","UNKNOWN","UNKNOWN",0
"Articulated trucks","Battery/Fuel-cell electric","VOLVO","FH",6
"Articulated trucks","Battery/Fuel-cell electric","VOLVO","FM",7
"Articulated trucks","Other","FREIGHTLINER","ARGOSY",3
"Articulated trucks","Other","FREIGHTLINER","CL112",0
"Articulated trucks","Other","FREIGHTLINER","FLB",0
"Articulated trucks","Other","INTERNATIONAL","C1840",0
"Articulated trucks","Other","INTERNATIONAL","EAGLE",0
"Articulated trucks","Other","INTERNATIONAL","UNKNOWN",0
"Articulated trucks","Other","KENWORTH","K200",3
"Articulated trucks","Other","KENWORTH","T401",0
"Articulated trucks","Other","KENWORTH","T403",0
"Articulated trucks","Other","KENWORTH","T404SAR",0
"Articulated trucks","Other","KENWORTH","T408",0
"Articulated trucks","Other","KENWORTH","T409",3
"Articulated trucks","Other","KENWORTH","T658",3
"Articulated trucks","Other","KENWORTH","T904",0
"Articulated trucks","Other","KENWORTH","UNKNOWN",0
"Articulated trucks","Other","MERCEDES-BENZ","ACTROS",0
"Articulated trucks","Other","SCANIA","R SERIES",0
"Articulated trucks","Other","VOLVO","FH",6
"Articulated trucks","Other","VOLVO","FM",0
"Articulated trucks","Other","WESTERN STAR","4964",3
"Articulated trucks","Other","WESTERN STAR","CONSTELLATION",3
"Articulated trucks","Other","WESTERN STAR","UNKNOWN",3
"Non-freight-carrying vehicles","Petrol","ALBARET","UNKNOWN",0
"Non-freight-carrying vehicles","Petrol","ARMSTRONG SIDDELEY","SAPPHIRE",3
"Non-freight-carrying vehicles","Petrol","ATKINSON","UNKNOWN",0
"Non-freight-carrying vehicles","Petrol","AUSTIN","338N",3
"Non-freight-carrying vehicles","Petrol","AUSTIN","UNKNOWN",6
"Non-freight-carrying vehicles","Petrol","AVELING BARFORD","UNKNOWN",3
"Non-freight-carrying vehicles","Petrol","BEDFORD","CF",0
"Non-freight-carrying vehicles","Petrol","BEDFORD","J1",0
"Non-freight-carrying vehicles","Petrol","BEDFORD","J5",0
"Non-freight-carrying vehicles","Petrol","BEDFORD","TK",3
"Non-freight-carrying vehicles","Petrol","BEDFORD","UNKNOWN",58
"Non-freight-carrying vehicles","Petrol","BMC","UNKNOWN",3
"Non-freight-carrying vehicles","Petrol","BUICK","UNKNOWN",4
"Non-freight-carrying vehicles","Petrol","CADILLAC","FLEETWOOD",3
"Non-freight-carrying vehicles","Petrol","CADILLAC","UNKNOWN",6
"Non-freight-carrying vehicles","Petrol","CHEVROLET","210",0
"Non-freight-carrying vehicles","Petrol","CHEVROLET","BEL AIR",0
"Non-freight-carrying vehicles","Petrol","CHEVROLET","C30",3
"Non-freight-carrying vehicles","Petrol","CHEVROLET","CAPRICE",3
"Non-freight-carrying vehicles","Petrol","CHEVROLET","FLEETLINE",0
"Non-freight-carrying vehicles","Petrol","CHEVROLET","IMPALA",3
"Non-freight-carrying vehicles","Petrol","CHEVROLET","MAPLE LEAF",3
"Non-freight-carrying vehicles","Petrol","CHEVROLET","TOURER",3
"Non-freight-carrying vehicles","Petrol","CHEVROLET","UNKNOWN",17
"Non-freight-carrying vehicles","Petrol","CHRYSLER","300",42
"Non-freight-carrying vehicles","Petrol","CHRYSLER","ROYAL",0
"Non-freight-carrying vehicles","Petrol","CHRYSLER","UNKNOWN",3
"Non-freight-carrying vehicles","Petrol","CHRYSLER","VALIANT",3
"Non-freight-carrying vehicles","Petrol","CHRYSLER","VOYAGER",0
"Non-freight-carrying vehicles","Petrol","COMMER","UNKNOWN",0
"Non-freight-carrying vehicles","Petrol","COMPAIR","UNKNOWN",0
"Non-freight-carrying vehicles","Petrol","COND REG - U","UNKNOWN",0
"Non-freight-carrying vehicles","Petrol","CUSTOM MADE","UNKNOWN",0
"Non-freight-carrying vehicles","Petrol","DAF","CF RANGE",5
"Non-freight-carrying vehicles","Petrol","DAF","LF RANGE",3
"Non-freight-carrying vehicles","Petrol","DAIMLER","DS420",0
"Non-freight-carrying vehicles","Petrol","DAIMLER","UNKNOWN",0
"Non-freight-carrying vehicles","Petrol","DATSUN","UNKNOWN",3
"Non-freight-carrying vehicles","Petrol","DE SOTO","UNKNOWN",0
"Non-freight-carrying vehicles","Petrol","DEMAG","UNKNOWN",3
"Non-freight-carrying vehicles","Petrol","DIAMOND T","UNKNOWN",3
"Non-freight-carrying vehicles","Petrol","DINGO","UNKNOWN",0
"Non-freight-carrying vehicles","Petrol","DODGE","AT4",0
"Non-freight-carrying vehicles","Petrol","DODGE","DA",3
"Non-freight-carrying vehicles","Petrol","DODGE","FAST FOUR",0
"Non-freight-carrying vehicles","Petrol","DODGE","PHOENIX",0
"Non-freight-carrying vehicles","Petrol","DODGE","UNKNOWN",19
"Non-freight-carrying vehicles","Petrol","DULEVO","UNKNOWN",3
"Non-freight-carrying vehicles","Petrol","FIREKING","UNKNOWN",3
"Non-freight-carrying vehicles","Petrol","FORD","COURIER",3
"Non-freight-carrying vehicles","Petrol","FORD","CUSTOM",0
"Non-freight-carrying vehicles","Petrol","FORD","F SERIES",3
"Non-freight-carrying vehicles","Petrol","FORD","F250",0
"Non-freight-carrying vehicles","Petrol","FORD","F350",34
"Non-freight-carrying vehicles","Petrol","FORD","F450",0
"Non-freight-carrying vehicles","Petrol","FORD","F500",3
"Non-freight-carrying vehicles","Petrol","FORD","FAIRLANE",25
"Non-freight-carrying vehicles","Petrol","FORD","FAIRMONT",3
"Non-freight-carrying vehicles","Petrol","FORD","FALCON",333
"Non-freight-carrying vehicles","Petrol","FORD","FUTURA",0
"Non-freight-carrying vehicles","Petrol","FORD","GALAXIE",0
"Non-freight-carrying vehicles","Petrol","FORD","L SERIES",3
"Non-freight-carrying vehicles","Petrol","FORD","LTD",15
"Non-freight-carrying vehicles","Petrol","FORD","MAINLINE",3
"Non-freight-carrying vehicles","Petrol","FORD","MERCURY",0
"Non-freight-carrying vehicles","Petrol","FORD","MODEL A",0
"Non-freight-carrying vehicles","Petrol","FORD","MODEL B",0
"Non-freight-carrying vehicles","Petrol","FORD","SIERRA",0
"Non-freight-carrying vehicles","Petrol","FORD","TRADER",3
"Non-freight-carrying vehicles","Petrol","FORD","TRANSIT",3
"Non-freight-carrying vehicles","Petrol","FORD","UNKNOWN",71
"Non-freight-carrying vehicles","Petrol","FRANNA","UNKNOWN",19
"Non-freight-carrying vehicles","Petrol","FREIGHTLINER","CASCADIA",0
"Non-freight-carrying vehicles","Petrol","FREIGHTLINER","CL112",0
"Non-freight-carrying vehicles","Petrol","FREIGHTLINER","FL80",0
"Non-freight-carrying vehicles","Petrol","FUSO","CANTER",3
"Non-freight-carrying vehicles","Petrol","FUSO","FK",13
"Non-freight-carrying vehicles","Petrol","FUSO","FM",0
"Non-freight-carrying vehicles","Petrol","FUSO","FS",3
"Non-freight-carrying vehicles","Petrol","FUSO","FV",0
"Non-freight-carrying vehicles","Petrol","GENESIS","G80",3
"Non-freight-carrying vehicles","Petrol","GENESIS","GV70",3
"Non-freight-carrying vehicles","Petrol","GENESIS","GV80",3
"Non-freight-carrying vehicles","Petrol","GMC","C3500",0
"Non-freight-carrying vehicles","Petrol","GMC","SIERRA",0
"Non-freight-carrying vehicles","Petrol","GMC","UNKNOWN",0
"Non-freight-carrying vehicles","Petrol","GROVE","GMK3060",0
"Non-freight-carrying vehicles","Petrol","GROVE","GMK5130",0
"Non-freight-carrying vehicles","Petrol","GROVE","UNKNOWN",4
"Non-freight-carrying vehicles","Petrol","HAKO","UNKNOWN",0
"Non-freight-carrying vehicles","Petrol","HINO","300 SERIES",3
"Non-freight-carrying vehicles","Petrol","HINO","FC",3
"Non-freight-carrying vehicles","Petrol","HINO","FD",15
"Non-freight-carrying vehicles","Petrol","HINO","FE",9
"Non-freight-carrying vehicles","Petrol","HINO","FF",0
"Non-freight-carrying vehicles","Petrol","HINO","FG",13
"Non-freight-carrying vehicles","Petrol","HINO","FM",6
"Non-freight-carrying vehicles","Petrol","HINO","FT",18
"Non-freight-carrying vehicles","Petrol","HINO","FY",3
"Non-freight-carrying vehicles","Petrol","HINO","GD",10
"Non-freight-carrying vehicles","Petrol","HINO","GH",0
"Non-freight-carrying vehicles","Petrol","HINO","GT",74
"Non-freight-carrying vehicles","Petrol","HINO","UNKNOWN",0
"Non-freight-carrying vehicles","Petrol","HOLDEN","BERLINA",5
"Non-freight-carrying vehicles","Petrol","HOLDEN","CALAIS",19
"Non-freight-carrying vehicles","Petrol","HOLDEN","CAPRICE",30
"Non-freight-carrying vehicles","Petrol","HOLDEN","COMMODORE",50
"Non-freight-carrying vehicles","Petrol","HOLDEN","CREWMAN",0
"Non-freight-carrying vehicles","Petrol","HOLDEN","HOLDEN UTILITY",0
"Non-freight-carrying vehicles","Petrol","HOLDEN","HQ SERIES",3
"Non-freight-carrying vehicles","Petrol","HOLDEN","HR SERIES",3
"Non-freight-carrying vehicles","Petrol","HOLDEN","HT SERIES",3
"Non-freight-carrying vehicles","Petrol","HOLDEN","HX SERIES",3
"Non-freight-carrying vehicles","Petrol","HOLDEN","HZ SERIES",0
"Non-freight-carrying vehicles","Petrol","HOLDEN","STATESMAN",44
"Non-freight-carrying vehicles","Petrol","HOLDEN","UNKNOWN",6
"Non-freight-carrying vehicles","Petrol","HOME MADE","UNKNOWN",16
"Non-freight-carrying vehicles","Petrol","HONDA","UNKNOWN",0
"Non-freight-carrying vehicles","Petrol","HUDSON","SUPER SIX",3
"Non-freight-carrying vehicles","Petrol","HUMMA","UNKNOWN",0
"Non-freight-carrying vehicles","Petrol","HUMMA","UV35-25",3
"Non-freight-carrying vehicles","Petrol","HYUNDAI","GENESIS",3
"Non-freight-carrying vehicles","Petrol","HYUNDAI","PALISADE",8
"Non-freight-carrying vehicles","Petrol","HYUNDAI","UNKNOWN",0
"Non-freight-carrying vehicles","Petrol","INTERNATIONAL","AB130",0
"Non-freight-carrying vehicles","Petrol","INTERNATIONAL","AB160",0
"Non-freight-carrying vehicles","Petrol","INTERNATIONAL","ACCO",30
"Non-freight-carrying vehicles","Petrol","INTERNATIONAL","ACCO 1710",5
"Non-freight-carrying vehicles","Petrol","INTERNATIONAL","ACCO 1730",3
"Non-freight-carrying vehicles","Petrol","INTERNATIONAL","ACCO 1810",5
"Non-freight-carrying vehicles","Petrol","INTERNATIONAL","ACCO 1830",3
"Non-freight-carrying vehicles","Petrol","INTERNATIONAL","ACCO 1850",0
"Non-freight-carrying vehicles","Petrol","INTERNATIONAL","ACCO 2350",3
"Non-freight-carrying vehicles","Petrol","INTERNATIONAL","ACCO 610A",4
"Non-freight-carrying vehicles","Petrol","INTERNATIONAL","C1300",3
"Non-freight-carrying vehicles","Petrol","INTERNATIONAL","C1500",0
"Non-freight-carrying vehicles","Petrol","INTERNATIONAL","C1600",5
"Non-freight-carrying vehicles","Petrol","INTERNATIONAL","C1800",3
"Non-freight-carrying vehicles","Petrol","INTERNATIONAL","D SERIES",3
"Non-freight-carrying vehicles","Petrol","INTERNATIONAL","D1310",3
"Non-freight-carrying vehicles","Petrol","INTERNATIONAL","D1410",21
"Non-freight-carrying vehicles","Petrol","INTERNATIONAL","D1510",3
"Non-freight-carrying vehicles","Petrol","INTERNATIONAL","D1610",15
"Non-freight-carrying vehicles","Petrol","INTERNATIONAL","K SERIES",0
"Non-freight-carrying vehicles","Petrol","INTERNATIONAL","UNKNOWN",141
"Non-freight-carrying vehicles","Petrol","ISUZU","CXZ",3
"Non-freight-carrying vehicles","Petrol","ISUZU","D-MAX",3
"Non-freight-carrying vehicles","Petrol","ISUZU","FFR",3
"Non-freight-carrying vehicles","Petrol","ISUZU","FH SERIES",0
"Non-freight-carrying vehicles","Petrol","ISUZU","FRD",3
"Non-freight-carrying vehicles","Petrol","ISUZU","FRR",19
"Non-freight-carrying vehicles","Petrol","ISUZU","FSD",0
"Non-freight-carrying vehicles","Petrol","ISUZU","FSR",16
"Non-freight-carrying vehicles","Petrol","ISUZU","FSS",4
"Non-freight-carrying vehicles","Petrol","ISUZU","FTR",8
"Non-freight-carrying vehicles","Petrol","ISUZU","FTS",27
"Non-freight-carrying vehicles","Petrol","ISUZU","FVY",0
"Non-freight-carrying vehicles","Petrol","ISUZU","FVZ",3
"Non-freight-carrying vehicles","Petrol","ISUZU","FXY",0
"Non-freight-carrying vehicles","Petrol","ISUZU","FXZ",0
"Non-freight-carrying vehicles","Petrol","ISUZU","FYJ",0
"Non-freight-carrying vehicles","Petrol","ISUZU","JCR",0
"Non-freight-carrying vehicles","Petrol","ISUZU","NKR",3
"Non-freight-carrying vehicles","Petrol","ISUZU","NLR",0
"Non-freight-carrying vehicles","Petrol","ISUZU","NPR",5
"Non-freight-carrying vehicles","Petrol","ISUZU","NPS",18
"Non-freight-carrying vehicles","Petrol","ISUZU","NQR",3
"Non-freight-carrying vehicles","Petrol","ISUZU","SBR",0
"Non-freight-carrying vehicles","Petrol","ISUZU","UNKNOWN",12
"Non-freight-carrying vehicles","Petrol","IVECO","ACCO",4
"Non-freight-carrying vehicles","Petrol","IVECO","DAILY",3
"Non-freight-carrying vehicles","Petrol","IVECO","EUROCARGO",4
"Non-freight-carrying vehicles","Petrol","IVECO","UNKNOWN",5
"Non-freight-carrying vehicles","Petrol","JAGUAR","DAIMLER SOVEREIGN",0
"Non-freight-carrying vehicles","Petrol","JAGUAR","XF",3
"Non-freight-carrying vehicles","Petrol","JEEP","UNKNOWN",3
"Non-freight-carrying vehicles","Petrol","KARCHER","UNKNOWN",3
"Non-freight-carrying vehicles","Petrol","KATO","NK550VR",3
"Non-freight-carrying vehicles","Petrol","KATO","UNKNOWN",9
"Non-freight-carrying vehicles","Petrol","KENWORTH","K125",3
"Non-freight-carrying vehicles","Petrol","KENWORTH","T350",0
"Non-freight-carrying vehicles","Petrol","KENWORTH","T950",0
"Non-freight-carrying vehicles","Petrol","KIA","CARNIVAL",3
"Non-freight-carrying vehicles","Petrol","LAND ROVER","2A",0
"Non-freight-carrying vehicles","Petrol","LAND ROVER","UNKNOWN",5
"Non-freight-carrying vehicles","Petrol","LDV","G10",3
"Non-freight-carrying vehicles","Petrol","LEYLAND","UNKNOWN",3
"Non-freight-carrying vehicles","Petrol","LIEBHERR","LTM 1040-2.1",3
"Non-freight-carrying vehicles","Petrol","LIEBHERR","LTM 1055-3.2",0
"Non-freight-carrying vehicles","Petrol","LIEBHERR","LTM 1060-3.1",3
"Non-freight-carrying vehicles","Petrol","LIEBHERR","LTM 1070-4.2",0
"Non-freight-carrying vehicles","Petrol","LIEBHERR","LTM 1090-4.1",0
"Non-freight-carrying vehicles","Petrol","LIEBHERR","LTM 1090-4.2",0
"Non-freight-carrying vehicles","Petrol","LIEBHERR","LTM 1200-5.1",3
"Non-freight-carrying vehicles","Petrol","LIEBHERR","UNKNOWN",14
"Non-freight-carrying vehicles","Petrol","LINCOLN","TOWN CAR",3
"Non-freight-carrying vehicles","Petrol","LINCOLN","UNKNOWN",0
"Non-freight-carrying vehicles","Petrol","MACK","METROLINER",0
"Non-freight-carrying vehicles","Petrol","MACK","SUPERLINER",0
"Non-freight-carrying vehicles","Petrol","MACK","UNKNOWN",5
"Non-freight-carrying vehicles","Petrol","MAN","TGM",8
"Non-freight-carrying vehicles","Petrol","MAN","TGS",3
"Non-freight-carrying vehicles","Petrol","MAN","UNKNOWN",0
"Non-freight-carrying vehicles","Petrol","MAZDA","E2000",3
"Non-freight-carrying vehicles","Petrol","MAZDA","UNKNOWN",0
"Non-freight-carrying vehicles","Petrol","MERCEDES-BENZ","2224",0
"Non-freight-carrying vehicles","Petrol","MERCEDES-BENZ","250",3
"Non-freight-carrying vehicles","Petrol","MERCEDES-BENZ","280",6
"Non-freight-carrying vehicles","Petrol","MERCEDES-BENZ","300SE",3
"Non-freight-carrying vehicles","Petrol","MERCEDES-BENZ","380SEL",3
"Non-freight-carrying vehicles","Petrol","MERCEDES-BENZ","500SEL",3
"Non-freight-carrying vehicles","Petrol","MERCEDES-BENZ","ACTROS",0
"Non-freight-carrying vehicles","Petrol","MERCEDES-BENZ","AROCS",4
"Non-freight-carrying vehicles","Petrol","MERCEDES-BENZ","ATEGO",5
"Non-freight-carrying vehicles","Petrol","MERCEDES-BENZ","AXOR",3
"Non-freight-carrying vehicles","Petrol","MERCEDES-BENZ","C200",3
"Non-freight-carrying vehicles","Petrol","MERCEDES-BENZ","E-CLASS",9
"Non-freight-carrying vehicles","Petrol","MERCEDES-BENZ","E200",20
"Non-freight-carrying vehicles","Petrol","MERCEDES-BENZ","E220",3
"Non-freight-carrying vehicles","Petrol","MERCEDES-BENZ","E300",3
"Non-freight-carrying vehicles","Petrol","MERCEDES-BENZ","E400",0
"Non-freight-carrying vehicles","Petrol","MERCEDES-BENZ","SPRINTER",4
"Non-freight-carrying vehicles","Petrol","MERCEDES-BENZ","UNIMOG",3
"Non-freight-carrying vehicles","Petrol","MERCEDES-BENZ","UNKNOWN",19
"Non-freight-carrying vehicles","Petrol","MILLER","UNKNOWN",0
"Non-freight-carrying vehicles","Petrol","MITSUBISHI","CANTER",3
"Non-freight-carrying vehicles","Petrol","MITSUBISHI","FG SERIES",0
"Non-freight-carrying vehicles","Petrol","MITSUBISHI","FK SERIES",3
"Non-freight-carrying vehicles","Petrol","MITSUBISHI","TRITON",0
"Non-freight-carrying vehicles","Petrol","MITSUBISHI","UNKNOWN",4
"Non-freight-carrying vehicles","Petrol","MORRIS","UNKNOWN",3
"Non-freight-carrying vehicles","Petrol","NILFISK","UNKNOWN",0
"Non-freight-carrying vehicles","Petrol","NISSAN","NAVARA",3
"Non-freight-carrying vehicles","Petrol","NISSAN","PATROL",3
"Non-freight-carrying vehicles","Petrol","NISSAN","UNKNOWN",5
"Non-freight-carrying vehicles","Petrol","PACKARD","120",0
"Non-freight-carrying vehicles","Petrol","PACKARD","UNKNOWN",0
"Non-freight-carrying vehicles","Petrol","PONTIAC","PARISIENNE",0
"Non-freight-carrying vehicles","Petrol","PONTIAC","UNKNOWN",0
"Non-freight-carrying vehicles","Petrol","PUMA","UNKNOWN",3
"Non-freight-carrying vehicles","Petrol","RENAULT","CAPTUR",3
"Non-freight-carrying vehicles","Petrol","REO","UNKNOWN",3
"Non-freight-carrying vehicles","Petrol","ROLLS-ROYCE","PHANTOM",0
"Non-freight-carrying vehicles","Petrol","ROLLS-ROYCE","SILVER SHADOW",0
"Non-freight-carrying vehicles","Petrol","ROLLS-ROYCE","SILVER SPIRIT",5
"Non-freight-carrying vehicles","Petrol","ROLLS-ROYCE","SILVER SPUR",0
"Non-freight-carrying vehicles","Petrol","ROLLS-ROYCE","UNKNOWN",3
"Non-freight-carrying vehicles","Petrol","ROSENBAUER","AIRPORT FIRE VEHICLE",3
"Non-freight-carrying vehicles","Petrol","ROSENBAUER","UNKNOWN",0
"Non-freight-carrying vehicles","Petrol","SCANIA","G SERIES",3
"Non-freight-carrying vehicles","Petrol","SCANIA","P SERIES",48
"Non-freight-carrying vehicles","Petrol","SEALEGS","UNKNOWN",20
"Non-freight-carrying vehicles","Petrol","STANDARD","UNKNOWN",0
"Non-freight-carrying vehicles","Petrol","STUDEBAKER","COMMANDER",0
"Non-freight-carrying vehicles","Petrol","STUDEBAKER","CRUISER",3
"Non-freight-carrying vehicles","Petrol","STUDEBAKER","UNKNOWN",3
"Non-freight-carrying vehicles","Petrol","SUZUKI","APV",3
"Non-freight-carrying vehicles","Petrol","TADANO","UNKNOWN",14
"Non-freight-carrying vehicles","Petrol","TATRA","UNKNOWN",3
"Non-freight-carrying vehicles","Petrol","TEREX","UNKNOWN",12
"Non-freight-carrying vehicles","Petrol","TIDD","PC25",0
"Non-freight-carrying vehicles","Petrol","TITAN","UNKNOWN",3
"Non-freight-carrying vehicles","Petrol","TOYOTA","COMMUTER",5
"Non-freight-carrying vehicles","Petrol","TOYOTA","CROWN",3
"Non-freight-carrying vehicles","Petrol","TOYOTA","DYNA",3
"Non-freight-carrying vehicles","Petrol","TOYOTA","HIACE",17
"Non-freight-carrying vehicles","Petrol","TOYOTA","HILUX",7
"Non-freight-carrying vehicles","Petrol","TOYOTA","LANDCRUISER",23
"Non-freight-carrying vehicles","Petrol","TOYOTA","UNKNOWN",19
"Non-freight-carrying vehicles","Petrol","UD","MKA SERIES",0
"Non-freight-carrying vehicles","Petrol","UNKNOWN","UNKNOWN",24
"Non-freight-carrying vehicles","Petrol","VALIANT","UNKNOWN",0
"Non-freight-carrying vehicles","Petrol","VOLKSWAGEN","KOMBI",3
"Non-freight-carrying vehicles","Petrol","VOLKSWAGEN","TRANSPORTER",3
"Non-freight-carrying vehicles","Petrol","VOLVO","A30G",0
"Non-freight-carrying vehicles","Petrol","VOLVO","A45G",0
"Non-freight-carrying vehicles","Petrol","VOLVO","FM",9
"Non-freight-carrying vehicles","Petrol","VOLVO","UNKNOWN",7
"Non-freight-carrying vehicles","Petrol","VOLVO","V70",4
"Non-freight-carrying vehicles","Petrol","WILLYS","UNKNOWN",3
"Non-freight-carrying vehicles","Petrol","XCMG","UNKNOWN",3
"Non-freight-carrying vehicles","Petrol","ZOOMLION","QY30V",3
"Non-freight-carrying vehicles","Petrol","ZOOMLION","UNKNOWN",3
"Non-freight-carrying vehicles","Diesel","AEC","UNKNOWN",4
"Non-freight-carrying vehicles","Diesel","AM GENERAL","UNKNOWN",0
"Non-freight-carrying vehicles","Diesel","ASC","UNKNOWN",0
"Non-freight-carrying vehicles","Diesel","ATKINSON","UNKNOWN",0
"Non-freight-carrying vehicles","Diesel","AUSTRACK","UNKNOWN",3
"Non-freight-carrying vehicles","Diesel","AUSTRAL","UNKNOWN",4
"Non-freight-carrying vehicles","Diesel","BATTLE MOTORS","UNKNOWN",3
"Non-freight-carrying vehicles","Diesel","BEDFORD","TK",3
"Non-freight-carrying vehicles","Diesel","BEDFORD","UNKNOWN",10
"Non-freight-carrying vehicles","Diesel","BEDFORD-ISUZU","UNKNOWN",0
"Non-freight-carrying vehicles","Diesel","BORUM","UNKNOWN",3
"Non-freight-carrying vehicles","Diesel","BUCHER","UNKNOWN",3
"Non-freight-carrying vehicles","Diesel","BUICK","UNKNOWN",0
"Non-freight-carrying vehicles","Diesel","CANTREL","UNKNOWN",3
"Non-freight-carrying vehicles","Diesel","CARRIER DRILL RIG","UNKNOWN",3
"Non-freight-carrying vehicles","Diesel","CATERPILLAR","CT630",0
"Non-freight-carrying vehicles","Diesel","CATERPILLAR","UNKNOWN",0
"Non-freight-carrying vehicles","Diesel","CHALLENGER","UNKNOWN",0
"Non-freight-carrying vehicles","Diesel","CHEVROLET","C3500",3
"Non-freight-carrying vehicles","Diesel","CHEVROLET","SILVERADO",0
"Non-freight-carrying vehicles","Diesel","CHRYSLER","300",0
"Non-freight-carrying vehicles","Diesel","CHRYSLER","UNKNOWN",3
"Non-freight-carrying vehicles","Diesel","COLE","UNKNOWN",8
"Non-freight-carrying vehicles","Diesel","COMPACT SWEEPER","UNKNOWN",3
"Non-freight-carrying vehicles","Diesel","CONDOR","UNKNOWN",3
"Non-freight-carrying vehicles","Diesel","CONQUEST","UNKNOWN",3
"Non-freight-carrying vehicles","Diesel","COOPER","UNKNOWN",0
"Non-freight-carrying vehicles","Diesel","CPE DAF","UNKNOWN",3
"Non-freight-carrying vehicles","Diesel","CUMMINS","UNKNOWN",3
"Non-freight-carrying vehicles","Diesel","CUSTOM MADE","UNKNOWN",26
"Non-freight-carrying vehicles","Diesel","DAF","2500",3
"Non-freight-carrying vehicles","Diesel","DAF","CF RANGE",646
"Non-freight-carrying vehicles","Diesel","DAF","CF RANGER",0
"Non-freight-carrying vehicles","Diesel","DAF","LF RANGE",49
"Non-freight-carrying vehicles","Diesel","DAF","UNKNOWN",7
"Non-freight-carrying vehicles","Diesel","DAIHATSU","DELTA",0
"Non-freight-carrying vehicles","Diesel","DAIMLER","UNKNOWN",3
"Non-freight-carrying vehicles","Diesel","DALIAN","UNKNOWN",3
"Non-freight-carrying vehicles","Diesel","DEMAG","UNKNOWN",124
"Non-freight-carrying vehicles","Diesel","DENNIS EAGLE","ELITE",307
"Non-freight-carrying vehicles","Diesel","DENNIS EAGLE","UNKNOWN",54
"Non-freight-carrying vehicles","Diesel","DIAMOND T","UNKNOWN",3
"Non-freight-carrying vehicles","Diesel","DODGE","D5N",3
"Non-freight-carrying vehicles","Diesel","DODGE","UNKNOWN",0
"Non-freight-carrying vehicles","Diesel","DOMINO","UNKNOWN",0
"Non-freight-carrying vehicles","Diesel","DONGFENG","UNKNOWN",3
"Non-freight-carrying vehicles","Diesel","DOOSAN","UNKNOWN",18
"Non-freight-carrying vehicles","Diesel","DOUGLAS","UNKNOWN",0
"Non-freight-carrying vehicles","Diesel","DULEVO","UNKNOWN",6
"Non-freight-carrying vehicles","Diesel","EMERGENCY ONE","UNKNOWN",0
"Non-freight-carrying vehicles","Diesel","ERF","UNKNOWN",3
"Non-freight-carrying vehicles","Diesel","FIAT","DUCATO",3
"Non-freight-carrying vehicles","Diesel","FIAT","SCUDO",0
"Non-freight-carrying vehicles","Diesel","FIAT","UNKNOWN",4
"Non-freight-carrying vehicles","Diesel","FIORENTINI","UNKNOWN",3
"Non-freight-carrying vehicles","Diesel","FIREKING","UNKNOWN",12
"Non-freight-carrying vehicles","Diesel","FORD","8000",0
"Non-freight-carrying vehicles","Diesel","FORD","9000",0
"Non-freight-carrying vehicles","Diesel","FORD","BEARCAT",0
"Non-freight-carrying vehicles","Diesel","FORD","CARGO",8
"Non-freight-carrying vehicles","Diesel","FORD","D SERIES",0
"Non-freight-carrying vehicles","Diesel","FORD","F250",0
"Non-freight-carrying vehicles","Diesel","FORD","F350",38
"Non-freight-carrying vehicles","Diesel","FORD","F450",10
"Non-freight-carrying vehicles","Diesel","FORD","F550",4
"Non-freight-carrying vehicles","Diesel","FORD","F650",0
"Non-freight-carrying vehicles","Diesel","FORD","L-SERIES",3
"Non-freight-carrying vehicles","Diesel","FORD","L SERIES",13
"Non-freight-carrying vehicles","Diesel","FORD","L800",0
"Non-freight-carrying vehicles","Diesel","FORD","LN8000",0
"Non-freight-carrying vehicles","Diesel","FORD","LN9000",3
"Non-freight-carrying vehicles","Diesel","FORD","LNT9000",3
"Non-freight-carrying vehicles","Diesel","FORD","LTL9000",3
"Non-freight-carrying vehicles","Diesel","FORD","MAVERICK",4
"Non-freight-carrying vehicles","Diesel","FORD","RANGER",172
"Non-freight-carrying vehicles","Diesel","FORD","TRADER",18
"Non-freight-carrying vehicles","Diesel","FORD","TRANSIT",31
"Non-freight-carrying vehicles","Diesel","FORD","UNKNOWN",50
"Non-freight-carrying vehicles","Diesel","FOTON","AUMARK",3
"Non-freight-carrying vehicles","Diesel","FRANNA","UNKNOWN",2629
"Non-freight-carrying vehicles","Diesel","FREIGHTLINER","ARGOSY",3
"Non-freight-carrying vehicles","Diesel","FREIGHTLINER","CL112",12
"Non-freight-carrying vehicles","Diesel","FREIGHTLINER","CORONADO",16
"Non-freight-carrying vehicles","Diesel","FREIGHTLINER","CST112",3
"Non-freight-carrying vehicles","Diesel","FREIGHTLINER","CST120",5
"Non-freight-carrying vehicles","Diesel","FREIGHTLINER","FL112",7
"Non-freight-carrying vehicles","Diesel","FREIGHTLINER","FL80",39
"Non-freight-carrying vehicles","Diesel","FREIGHTLINER","FLC112",0
"Non-freight-carrying vehicles","Diesel","FREIGHTLINER","FLN112",0
"Non-freight-carrying vehicles","Diesel","FREIGHTLINER","UNKNOWN",6
"Non-freight-carrying vehicles","Diesel","FUSO","CANTER",292
"Non-freight-carrying vehicles","Diesel","FUSO","FK",788
"Non-freight-carrying vehicles","Diesel","FUSO","FM",136
"Non-freight-carrying vehicles","Diesel","FUSO","FN",111
"Non-freight-carrying vehicles","Diesel","FUSO","FP",7
"Non-freight-carrying vehicles","Diesel","FUSO","FS",178
"Non-freight-carrying vehicles","Diesel","FUSO","FU",0
"Non-freight-carrying vehicles","Diesel","FUSO","FV",86
"Non-freight-carrying vehicles","Diesel","FUSO","ROSA",7
"Non-freight-carrying vehicles","Diesel","FUSO","UNKNOWN",3
"Non-freight-carrying vehicles","Diesel","GMC","C2500",0
"Non-freight-carrying vehicles","Diesel","GMC","C3500",9
"Non-freight-carrying vehicles","Diesel","GMC","UNKNOWN",3
"Non-freight-carrying vehicles","Diesel","GROVE","GMK3055",30
"Non-freight-carrying vehicles","Diesel","GROVE","GMK3060",14
"Non-freight-carrying vehicles","Diesel","GROVE","GMK4100",30
"Non-freight-carrying vehicles","Diesel","GROVE","GMK5130",16
"Non-freight-carrying vehicles","Diesel","GROVE","GMK5130-2",37
"Non-freight-carrying vehicles","Diesel","GROVE","GMK5150",11
"Non-freight-carrying vehicles","Diesel","GROVE","GMK5150XL",11
"Non-freight-carrying vehicles","Diesel","GROVE","GMK5220",27
"Non-freight-carrying vehicles","Diesel","GROVE","GMK5250",14
"Non-freight-carrying vehicles","Diesel","GROVE","UNKNOWN",279
"Non-freight-carrying vehicles","Diesel","HAKO","UNKNOWN",8
"Non-freight-carrying vehicles","Diesel","HIDROMEK","UNKNOWN",3
"Non-freight-carrying vehicles","Diesel","HIGHWOOD MOTORHOMES","UNKNOWN",0
"Non-freight-carrying vehicles","Diesel","HINO","300 SERIES",532
"Non-freight-carrying vehicles","Diesel","HINO","500 SERIES",14
"Non-freight-carrying vehicles","Diesel","HINO","DUTRO",58
"Non-freight-carrying vehicles","Diesel","HINO","FB4J",3
"Non-freight-carrying vehicles","Diesel","HINO","FC",132
"Non-freight-carrying vehicles","Diesel","HINO","FD",1248
"Non-freight-carrying vehicles","Diesel","HINO","FE",659
"Non-freight-carrying vehicles","Diesel","HINO","FF",89
"Non-freight-carrying vehicles","Diesel","HINO","FG",1045
"Non-freight-carrying vehicles","Diesel","HINO","FL",4
"Non-freight-carrying vehicles","Diesel","HINO","FM",308
"Non-freight-carrying vehicles","Diesel","HINO","FS",24
"Non-freight-carrying vehicles","Diesel","HINO","FT",320
"Non-freight-carrying vehicles","Diesel","HINO","FY",9
"Non-freight-carrying vehicles","Diesel","HINO","GD",249
"Non-freight-carrying vehicles","Diesel","HINO","GH",303
"Non-freight-carrying vehicles","Diesel","HINO","GS",7
"Non-freight-carrying vehicles","Diesel","HINO","GT",1131
"Non-freight-carrying vehicles","Diesel","HINO","LB",3
"Non-freight-carrying vehicles","Diesel","HINO","LB560",0
"Non-freight-carrying vehicles","Diesel","HINO","RANGER",4
"Non-freight-carrying vehicles","Diesel","HINO","RG",0
"Non-freight-carrying vehicles","Diesel","HINO","SS",3
"Non-freight-carrying vehicles","Diesel","HINO","UNKNOWN",71
"Non-freight-carrying vehicles","Diesel","HOLDEN","COLORADO",15
"Non-freight-carrying vehicles","Diesel","HOLDEN","RODEO",3
"Non-freight-carrying vehicles","Diesel","HOME MADE","UNKNOWN",9
"Non-freight-carrying vehicles","Diesel","HUMMA","UNKNOWN",28
"Non-freight-carrying vehicles","Diesel","HUMMA","UV35-25",9
"Non-freight-carrying vehicles","Diesel","HUMMER","UNKNOWN",0
"Non-freight-carrying vehicles","Diesel","HYUNDAI","HD75",3
"Non-freight-carrying vehicles","Diesel","HYUNDAI","MIGHTY",11
"Non-freight-carrying vehicles","Diesel","HYUNDAI","PAVISE",7
"Non-freight-carrying vehicles","Diesel","HYUNDAI","UNKNOWN",0
"Non-freight-carrying vehicles","Diesel","IBC","UNKNOWN",3
"Non-freight-carrying vehicles","Diesel","INTERNATIONAL","1850",7
"Non-freight-carrying vehicles","Diesel","INTERNATIONAL","2150",0
"Non-freight-carrying vehicles","Diesel","INTERNATIONAL","2350",3
"Non-freight-carrying vehicles","Diesel","INTERNATIONAL","2670",3
"Non-freight-carrying vehicles","Diesel","INTERNATIONAL","3600",0
"Non-freight-carrying vehicles","Diesel","INTERNATIONAL","4870",3
"Non-freight-carrying vehicles","Diesel","INTERNATIONAL","4900",3
"Non-freight-carrying vehicles","Diesel","INTERNATIONAL","7400",5
"Non-freight-carrying vehicles","Diesel","INTERNATIONAL","7600",0
"Non-freight-carrying vehicles","Diesel","INTERNATIONAL","9900",0
"Non-freight-carrying vehicles","Diesel","INTERNATIONAL","ACCO",129
"Non-freight-carrying vehicles","Diesel","INTERNATIONAL","ACCO 1830",7
"Non-freight-carrying vehicles","Diesel","INTERNATIONAL","ACCO 1840",0
"Non-freight-carrying vehicles","Diesel","INTERNATIONAL","ACCO 1850",0
"Non-freight-carrying vehicles","Diesel","INTERNATIONAL","ACCO 1930",0
"Non-freight-carrying vehicles","Diesel","INTERNATIONAL","ACCO 1950",4
"Non-freight-carrying vehicles","Diesel","INTERNATIONAL","ACCO 2150",0
"Non-freight-carrying vehicles","Diesel","INTERNATIONAL","ACCO 2250",3
"Non-freight-carrying vehicles","Diesel","INTERNATIONAL","ACCO 2350",25
"Non-freight-carrying vehicles","Diesel","INTERNATIONAL","C1500",3
"Non-freight-carrying vehicles","Diesel","INTERNATIONAL","C1800",0
"Non-freight-carrying vehicles","Diesel","INTERNATIONAL","D SERIES",3
"Non-freight-carrying vehicles","Diesel","INTERNATIONAL","EAGLE",3
"Non-freight-carrying vehicles","Diesel","INTERNATIONAL","F2350",0
"Non-freight-carrying vehicles","Diesel","INTERNATIONAL","F3470",0
"Non-freight-carrying vehicles","Diesel","INTERNATIONAL","N SERIES",0
"Non-freight-carrying vehicles","Diesel","INTERNATIONAL","N1630",4
"Non-freight-carrying vehicles","Diesel","INTERNATIONAL","N1650",3
"Non-freight-carrying vehicles","Diesel","INTERNATIONAL","S-LINE",3
"Non-freight-carrying vehicles","Diesel","INTERNATIONAL","S SERIES",3
"Non-freight-carrying vehicles","Diesel","INTERNATIONAL","S2670",3
"Non-freight-carrying vehicles","Diesel","INTERNATIONAL","T-LINE",4
"Non-freight-carrying vehicles","Diesel","INTERNATIONAL","T2650",0
"Non-freight-carrying vehicles","Diesel","INTERNATIONAL","T2670",28
"Non-freight-carrying vehicles","Diesel","INTERNATIONAL","T2700",3
"Non-freight-carrying vehicles","Diesel","INTERNATIONAL","TK2670",4
"Non-freight-carrying vehicles","Diesel","INTERNATIONAL","TRANSTAR",3
"Non-freight-carrying vehicles","Diesel","INTERNATIONAL","UNKNOWN",137
"Non-freight-carrying vehicles","Diesel","IRONTECH","UNKNOWN",10
"Non-freight-carrying vehicles","Diesel","ISUZU","CXY",7
"Non-freight-carrying vehicles","Diesel","ISUZU","CXZ",32
"Non-freight-carrying vehicles","Diesel","ISUZU","D-MAX",96
"Non-freight-carrying vehicles","Diesel","ISUZU","ELF",8
"Non-freight-carrying vehicles","Diesel","ISUZU","EXY",0
"Non-freight-carrying vehicles","Diesel","ISUZU","F SERIES",0
"Non-freight-carrying vehicles","Diesel","ISUZU","FFR",4
"Non-freight-carrying vehicles","Diesel","ISUZU","FH SERIES",14
"Non-freight-carrying vehicles","Diesel","ISUZU","FRD",40
"Non-freight-carrying vehicles","Diesel","ISUZU","FRR",1057
"Non-freight-carrying vehicles","Diesel","ISUZU","FSD",70
"Non-freight-carrying vehicles","Diesel","ISUZU","FSR",769
"Non-freight-carrying vehicles","Diesel","ISUZU","FSS",696
"Non-freight-carrying vehicles","Diesel","ISUZU","FTR",648
"Non-freight-carrying vehicles","Diesel","ISUZU","FTS",1819
"Non-freight-carrying vehicles","Diesel","ISUZU","FUR",3
"Non-freight-carrying vehicles","Diesel","ISUZU","FUZ",3
"Non-freight-carrying vehicles","Diesel","ISUZU","FVD",117
"Non-freight-carrying vehicles","Diesel","ISUZU","FVL",9
"Non-freight-carrying vehicles","Diesel","ISUZU","FVM",3
"Non-freight-carrying vehicles","Diesel","ISUZU","FVR",212
"Non-freight-carrying vehicles","Diesel","ISUZU","FVY",106
"Non-freight-carrying vehicles","Diesel","ISUZU","FVZ",957
"Non-freight-carrying vehicles","Diesel","ISUZU","FXD",11
"Non-freight-carrying vehicles","Diesel","ISUZU","FXL",0
"Non-freight-carrying vehicles","Diesel","ISUZU","FXR",5
"Non-freight-carrying vehicles","Diesel","ISUZU","FXY",87
"Non-freight-carrying vehicles","Diesel","ISUZU","FXZ",131
"Non-freight-carrying vehicles","Diesel","ISUZU","FYH",44
"Non-freight-carrying vehicles","Diesel","ISUZU","FYJ",122
"Non-freight-carrying vehicles","Diesel","ISUZU","FYX",3
"Non-freight-carrying vehicles","Diesel","ISUZU","GVD",3
"Non-freight-carrying vehicles","Diesel","ISUZU","GVR",3
"Non-freight-carrying vehicles","Diesel","ISUZU","JCR",4
"Non-freight-carrying vehicles","Diesel","ISUZU","JCR500",0
"Non-freight-carrying vehicles","Diesel","ISUZU","JCS",5
"Non-freight-carrying vehicles","Diesel","ISUZU","NH NP",0
"Non-freight-carrying vehicles","Diesel","ISUZU","NKR",13
"Non-freight-carrying vehicles","Diesel","ISUZU","NLR",95
"Non-freight-carrying vehicles","Diesel","ISUZU","NLS",4
"Non-freight-carrying vehicles","Diesel","ISUZU","NMR",0
"Non-freight-carrying vehicles","Diesel","ISUZU","NNR",4
"Non-freight-carrying vehicles","Diesel","ISUZU","NPR",376
"Non-freight-carrying vehicles","Diesel","ISUZU","NPS",575
"Non-freight-carrying vehicles","Diesel","ISUZU","NQR",255
"Non-freight-carrying vehicles","Diesel","ISUZU","SBR",13
"Non-freight-carrying vehicles","Diesel","ISUZU","SCR",0
"Non-freight-carrying vehicles","Diesel","ISUZU","SCR480",0
"Non-freight-carrying vehicles","Diesel","ISUZU","UNKNOWN",274
"Non-freight-carrying vehicles","Diesel","IVECO","2350",30
"Non-freight-carrying vehicles","Diesel","IVECO","2350G",49
"Non-freight-carrying vehicles","Diesel","IVECO","ACCO",739
"Non-freight-carrying vehicles","Diesel","IVECO","ASTRA",10
"Non-freight-carrying vehicles","Diesel","IVECO","DAILY",45
"Non-freight-carrying vehicles","Diesel","IVECO","EUROCARGO",200
"Non-freight-carrying vehicles","Diesel","IVECO","EUROTECH",12
"Non-freight-carrying vehicles","Diesel","IVECO","ML100",3
"Non-freight-carrying vehicles","Diesel","IVECO","ML150",4
"Non-freight-carrying vehicles","Diesel","IVECO","ML160",29
"Non-freight-carrying vehicles","Diesel","IVECO","ML180",0
"Non-freight-carrying vehicles","Diesel","IVECO","ML230",0
"Non-freight-carrying vehicles","Diesel","IVECO","POWERSTAR",0
"Non-freight-carrying vehicles","Diesel","IVECO","STRALIS",38
"Non-freight-carrying vehicles","Diesel","IVECO","T-WAY",3
"Non-freight-carrying vehicles","Diesel","IVECO","TRAKKER",3
"Non-freight-carrying vehicles","Diesel","IVECO","UNKNOWN",69
"Non-freight-carrying vehicles","Diesel","IVECO","X-WAY",0
"Non-freight-carrying vehicles","Diesel","JAGAS","UNKNOWN",0
"Non-freight-carrying vehicles","Diesel","KAISER","UNKNOWN",3
"Non-freight-carrying vehicles","Diesel","KARCHER","UNKNOWN",3
"Non-freight-carrying vehicles","Diesel","KATO","NK550VR",11
"Non-freight-carrying vehicles","Diesel","KATO","UNKNOWN",225
"Non-freight-carrying vehicles","Diesel","KENWORTH","C500",3
"Non-freight-carrying vehicles","Diesel","KENWORTH","C509",0
"Non-freight-carrying vehicles","Diesel","KENWORTH","K SERIES",0
"Non-freight-carrying vehicles","Diesel","KENWORTH","K104",8
"Non-freight-carrying vehicles","Diesel","KENWORTH","K108",0
"Non-freight-carrying vehicles","Diesel","KENWORTH","K123",0
"Non-freight-carrying vehicles","Diesel","KENWORTH","K124",3
"Non-freight-carrying vehicles","Diesel","KENWORTH","K125",3
"Non-freight-carrying vehicles","Diesel","KENWORTH","K200",6
"Non-freight-carrying vehicles","Diesel","KENWORTH","L700",3
"Non-freight-carrying vehicles","Diesel","KENWORTH","T SERIES",0
"Non-freight-carrying vehicles","Diesel","KENWORTH","T350",13
"Non-freight-carrying vehicles","Diesel","KENWORTH","T358",4
"Non-freight-carrying vehicles","Diesel","KENWORTH","T359",20
"Non-freight-carrying vehicles","Diesel","KENWORTH","T360",4
"Non-freight-carrying vehicles","Diesel","KENWORTH","T400",3
"Non-freight-carrying vehicles","Diesel","KENWORTH","T401",6
"Non-freight-carrying vehicles","Diesel","KENWORTH","T404",4
"Non-freight-carrying vehicles","Diesel","KENWORTH","T404SAR",0
"Non-freight-carrying vehicles","Diesel","KENWORTH","T408",6
"Non-freight-carrying vehicles","Diesel","KENWORTH","T409",13
"Non-freight-carrying vehicles","Diesel","KENWORTH","T410",0
"Non-freight-carrying vehicles","Diesel","KENWORTH","T440",0
"Non-freight-carrying vehicles","Diesel","KENWORTH","T450",3
"Non-freight-carrying vehicles","Diesel","KENWORTH","T480",3
"Non-freight-carrying vehicles","Diesel","KENWORTH","T600",3
"Non-freight-carrying vehicles","Diesel","KENWORTH","T601",0
"Non-freight-carrying vehicles","Diesel","KENWORTH","T604",7
"Non-freight-carrying vehicles","Diesel","KENWORTH","T608",0
"Non-freight-carrying vehicles","Diesel","KENWORTH","T609",7
"Non-freight-carrying vehicles","Diesel","KENWORTH","T610",13
"Non-freight-carrying vehicles","Diesel","KENWORTH","T650",17
"Non-freight-carrying vehicles","Diesel","KENWORTH","T658",0
"Non-freight-carrying vehicles","Diesel","KENWORTH","T659",8
"Non-freight-carrying vehicles","Diesel","KENWORTH","T900",0
"Non-freight-carrying vehicles","Diesel","KENWORTH","T904",8
"Non-freight-carrying vehicles","Diesel","KENWORTH","T908",3
"Non-freight-carrying vehicles","Diesel","KENWORTH","T909",10
"Non-freight-carrying vehicles","Diesel","KENWORTH","T950",4
"Non-freight-carrying vehicles","Diesel","KENWORTH","UNKNOWN",36
"Non-freight-carrying vehicles","Diesel","KENWORTH","W SERIES",0
"Non-freight-carrying vehicles","Diesel","KENWORTH","W900",3
"Non-freight-carrying vehicles","Diesel","KENWORTH","W925",0
"Non-freight-carrying vehicles","Diesel","KONECRANES","UNKNOWN",0
"Non-freight-carrying vehicles","Diesel","KSM","UNKNOWN",4
"Non-freight-carrying vehicles","Diesel","LAND ROVER","DEFENDER",7
"Non-freight-carrying vehicles","Diesel","LAND ROVER","PERENTIE",0
"Non-freight-carrying vehicles","Diesel","LAND ROVER","UNKNOWN",3
"Non-freight-carrying vehicles","Diesel","LDV","DELIVER 9",6
"Non-freight-carrying vehicles","Diesel","LDV","UNKNOWN",3
"Non-freight-carrying vehicles","Diesel","LEADER","UNKNOWN",7
"Non-freight-carrying vehicles","Diesel","LEYLAND","HARRIER",0
"Non-freight-carrying vehicles","Diesel","LEYLAND","UNKNOWN",8
"Non-freight-carrying vehicles","Diesel","LIEBHERR","LTM 1030-2.1",11
"Non-freight-carrying vehicles","Diesel","LIEBHERR","LTM 1040-2.1",21
"Non-freight-carrying vehicles","Diesel","LIEBHERR","LTM 1055-3.2",46
"Non-freight-carrying vehicles","Diesel","LIEBHERR","LTM 1060-3.1",68
"Non-freight-carrying vehicles","Diesel","LIEBHERR","LTM 1070-4.2",16
"Non-freight-carrying vehicles","Diesel","LIEBHERR","LTM 1090-4.1",12
"Non-freight-carrying vehicles","Diesel","LIEBHERR","LTM 1090-4.2",25
"Non-freight-carrying vehicles","Diesel","LIEBHERR","LTM 1095-5.1",13
"Non-freight-carrying vehicles","Diesel","LIEBHERR","LTM 1110-5.1",10
"Non-freight-carrying vehicles","Diesel","LIEBHERR","LTM 1120-4.1",33
"Non-freight-carrying vehicles","Diesel","LIEBHERR","LTM 1130-5.1",19
"Non-freight-carrying vehicles","Diesel","LIEBHERR","LTM 1150-5.3",38
"Non-freight-carrying vehicles","Diesel","LIEBHERR","LTM 1200-5.1",13
"Non-freight-carrying vehicles","Diesel","LIEBHERR","LTM 1230-5.1",19
"Non-freight-carrying vehicles","Diesel","LIEBHERR","LTM 1250-5.1",19
"Non-freight-carrying vehicles","Diesel","LIEBHERR","LTM 1250-6.1",10
"Non-freight-carrying vehicles","Diesel","LIEBHERR","LTM 1300-6.2",16
"Non-freight-carrying vehicles","Diesel","LIEBHERR","LTM1030/2",11
"Non-freight-carrying vehicles","Diesel","LIEBHERR","LTM1055-3.2",11
"Non-freight-carrying vehicles","Diesel","LIEBHERR","LTM1055/1",10
"Non-freight-carrying vehicles","Diesel","LIEBHERR","LTM1100-5.2",10
"Non-freight-carrying vehicles","Diesel","LIEBHERR","UNKNOWN",876
"Non-freight-carrying vehicles","Diesel","LINK-BELT","UNKNOWN",7
"Non-freight-carrying vehicles","Diesel","LINK BELT","UNKNOWN",3
"Non-freight-carrying vehicles","Diesel","LINKBELT","UNKNOWN",3
"Non-freight-carrying vehicles","Diesel","LONKING","UNKNOWN",3
"Non-freight-carrying vehicles","Diesel","MACDONALD JOHNSTON","C401",17
"Non-freight-carrying vehicles","Diesel","MACDONALD JOHNSTON","UNKNOWN",7
"Non-freight-carrying vehicles","Diesel","MACK","ANTHEM",0
"Non-freight-carrying vehicles","Diesel","MACK","B61",0
"Non-freight-carrying vehicles","Diesel","MACK","CH SERIES",3
"Non-freight-carrying vehicles","Diesel","MACK","CHR FLEETLINER",3
"Non-freight-carrying vehicles","Diesel","MACK","CHR SERIES",5
"Non-freight-carrying vehicles","Diesel","MACK","CLR SERIES",0
"Non-freight-carrying vehicles","Diesel","MACK","CLR SUPERLINER",0
"Non-freight-carrying vehicles","Diesel","MACK","CMMR SERIES",0
"Non-freight-carrying vehicles","Diesel","MACK","CSMR SERIES",8
"Non-freight-carrying vehicles","Diesel","MACK","FLEETLINER",0
"Non-freight-carrying vehicles","Diesel","MACK","FR 700",0
"Non-freight-carrying vehicles","Diesel","MACK","GRANITE",3
"Non-freight-carrying vehicles","Diesel","MACK","MCR SERIES",0
"Non-freight-carrying vehicles","Diesel","MACK","METROLINER",33
"Non-freight-carrying vehicles","Diesel","MACK","MHR SERIES",4
"Non-freight-carrying vehicles","Diesel","MACK","MIDLUM",5
"Non-freight-carrying vehicles","Diesel","MACK","PREMIUM",3
"Non-freight-carrying vehicles","Diesel","MACK","QUANTUM",5
"Non-freight-carrying vehicles","Diesel","MACK","R SERIES",5
"Non-freight-carrying vehicles","Diesel","MACK","R600",0
"Non-freight-carrying vehicles","Diesel","MACK","R688",0
"Non-freight-carrying vehicles","Diesel","MACK","RM686",3
"Non-freight-carrying vehicles","Diesel","MACK","SUPERLINER",11
"Non-freight-carrying vehicles","Diesel","MACK","TITAN",5
"Non-freight-carrying vehicles","Diesel","MACK","TRIDENT",26
"Non-freight-carrying vehicles","Diesel","MACK","ULTRALINER",3
"Non-freight-carrying vehicles","Diesel","MACK","UNKNOWN",60
"Non-freight-carrying vehicles","Diesel","MACK","VALUELINER",5
"Non-freight-carrying vehicles","Diesel","MACK","VISION",3
"Non-freight-carrying vehicles","Diesel","MAN","15. SERIES",3
"Non-freight-carrying vehicles","Diesel","MAN","18. SERIES",17
"Non-freight-carrying vehicles","Diesel","MAN","22. SERIES",0
"Non-freight-carrying vehicles","Diesel","MAN","25. SERIES",3
"Non-freight-carrying vehicles","Diesel","MAN","26. SERIES",8
"Non-freight-carrying vehicles","Diesel","MAN","F2000",0
"Non-freight-carrying vehicles","Diesel","MAN","F90",4
"Non-freight-carrying vehicles","Diesel","MAN","L2000",4
"Non-freight-carrying vehicles","Diesel","MAN","LE",3
"Non-freight-carrying vehicles","Diesel","MAN","LE280",3
"Non-freight-carrying vehicles","Diesel","MAN","LM2000",12
"Non-freight-carrying vehicles","Diesel","MAN","TGA",83
"Non-freight-carrying vehicles","Diesel","MAN","TGL",3
"Non-freight-carrying vehicles","Diesel","MAN","TGM",339
"Non-freight-carrying vehicles","Diesel","MAN","TGS",105
"Non-freight-carrying vehicles","Diesel","MAN","UNKNOWN",251
"Non-freight-carrying vehicles","Diesel","MARCHETTI","UNKNOWN",0
"Non-freight-carrying vehicles","Diesel","MASERATI","UNKNOWN",3
"Non-freight-carrying vehicles","Diesel","MAZDA","B2500",0
"Non-freight-carrying vehicles","Diesel","MAZDA","B3200",0
"Non-freight-carrying vehicles","Diesel","MAZDA","T3500",7
"Non-freight-carrying vehicles","Diesel","MAZDA","T4000",14
"Non-freight-carrying vehicles","Diesel","MAZDA","T4100",20
"Non-freight-carrying vehicles","Diesel","MAZDA","T4600",15
"Non-freight-carrying vehicles","Diesel","MAZDA","TITAN",3
"Non-freight-carrying vehicles","Diesel","MAZDA","UNKNOWN",7
"Non-freight-carrying vehicles","Diesel","MCDONALD","UNKNOWN",3
"Non-freight-carrying vehicles","Diesel","MERCEDES-BENZ","1417",0
"Non-freight-carrying vehicles","Diesel","MERCEDES-BENZ","1418",0
"Non-freight-carrying vehicles","Diesel","MERCEDES-BENZ","1517",4
"Non-freight-carrying vehicles","Diesel","MERCEDES-BENZ","1617",3
"Non-freight-carrying vehicles","Diesel","MERCEDES-BENZ","1625",3
"Non-freight-carrying vehicles","Diesel","MERCEDES-BENZ","1734",3
"Non-freight-carrying vehicles","Diesel","MERCEDES-BENZ","220",3
"Non-freight-carrying vehicles","Diesel","MERCEDES-BENZ","2219",3
"Non-freight-carrying vehicles","Diesel","MERCEDES-BENZ","2222",4
"Non-freight-carrying vehicles","Diesel","MERCEDES-BENZ","2224",0
"Non-freight-carrying vehicles","Diesel","MERCEDES-BENZ","2225",10
"Non-freight-carrying vehicles","Diesel","MERCEDES-BENZ","2228",5
"Non-freight-carrying vehicles","Diesel","MERCEDES-BENZ","2233",0
"Non-freight-carrying vehicles","Diesel","MERCEDES-BENZ","2235",3
"Non-freight-carrying vehicles","Diesel","MERCEDES-BENZ","2244",3
"Non-freight-carrying vehicles","Diesel","MERCEDES-BENZ","2434",6
"Non-freight-carrying vehicles","Diesel","MERCEDES-BENZ","2435",9
"Non-freight-carrying vehicles","Diesel","MERCEDES-BENZ","2534",5
"Non-freight-carrying vehicles","Diesel","MERCEDES-BENZ","911",5
"Non-freight-carrying vehicles","Diesel","MERCEDES-BENZ","912",0
"Non-freight-carrying vehicles","Diesel","MERCEDES-BENZ","96X",13
"Non-freight-carrying vehicles","Diesel","MERCEDES-BENZ","ACTROS",358
"Non-freight-carrying vehicles","Diesel","MERCEDES-BENZ","AROCS",84
"Non-freight-carrying vehicles","Diesel","MERCEDES-BENZ","ATEGO",428
"Non-freight-carrying vehicles","Diesel","MERCEDES-BENZ","AXOR",205
"Non-freight-carrying vehicles","Diesel","MERCEDES-BENZ","E-CLASS",3
"Non-freight-carrying vehicles","Diesel","MERCEDES-BENZ","E220",3
"Non-freight-carrying vehicles","Diesel","MERCEDES-BENZ","E250",5
"Non-freight-carrying vehicles","Diesel","MERCEDES-BENZ","ECONIC",97
"Non-freight-carrying vehicles","Diesel","MERCEDES-BENZ","G300",3
"Non-freight-carrying vehicles","Diesel","MERCEDES-BENZ","LA911",12
"Non-freight-carrying vehicles","Diesel","MERCEDES-BENZ","MB140",5
"Non-freight-carrying vehicles","Diesel","MERCEDES-BENZ","RC3",11
"Non-freight-carrying vehicles","Diesel","MERCEDES-BENZ","S350",0
"Non-freight-carrying vehicles","Diesel","MERCEDES-BENZ","SPRINTER",4810
"Non-freight-carrying vehicles","Diesel","MERCEDES-BENZ","UNIMOG",78
"Non-freight-carrying vehicles","Diesel","MERCEDES-BENZ","UNKNOWN",76
"Non-freight-carrying vehicles","Diesel","MERCEDES-BENZ","VITO",14
"Non-freight-carrying vehicles","Diesel","MERCEDES BENZ","UNKNOWN",3
"Non-freight-carrying vehicles","Diesel","MILLARD CARAVANS","UNKNOWN",0
"Non-freight-carrying vehicles","Diesel","MILLER","UNKNOWN",3
"Non-freight-carrying vehicles","Diesel","MITSUBISHI","CANTER",105
"Non-freight-carrying vehicles","Diesel","MITSUBISHI","FG SERIES",88
"Non-freight-carrying vehicles","Diesel","MITSUBISHI","FH SERIES",9
"Non-freight-carrying vehicles","Diesel","MITSUBISHI","FIGHTER",0
"Non-freight-carrying vehicles","Diesel","MITSUBISHI","FK SERIES",107
"Non-freight-carrying vehicles","Diesel","MITSUBISHI","FK415",3
"Non-freight-carrying vehicles","Diesel","MITSUBISHI","FK418",3
"Non-freight-carrying vehicles","Diesel","MITSUBISHI","FM SERIES",73
"Non-freight-carrying vehicles","Diesel","MITSUBISHI","FM215",0
"Non-freight-carrying vehicles","Diesel","MITSUBISHI","FM515",6
"Non-freight-carrying vehicles","Diesel","MITSUBISHI","FN SERIES",3
"Non-freight-carrying vehicles","Diesel","MITSUBISHI","FP SERIES",0
"Non-freight-carrying vehicles","Diesel","MITSUBISHI","FP418",0
"Non-freight-carrying vehicles","Diesel","MITSUBISHI","FS SERIES",15
"Non-freight-carrying vehicles","Diesel","MITSUBISHI","FV SERIES",26
"Non-freight-carrying vehicles","Diesel","MITSUBISHI","TRITON",10
"Non-freight-carrying vehicles","Diesel","MITSUBISHI","UNKNOWN",50
"Non-freight-carrying vehicles","Diesel","MST","UNKNOWN",0
"Non-freight-carrying vehicles","Diesel","NILFISK","UNKNOWN",6
"Non-freight-carrying vehicles","Diesel","NISSAN","ATLAS",6
"Non-freight-carrying vehicles","Diesel","NISSAN","CIVILIAN",3
"Non-freight-carrying vehicles","Diesel","NISSAN","CM SERIES",4
"Non-freight-carrying vehicles","Diesel","NISSAN","CONDOR",5
"Non-freight-carrying vehicles","Diesel","NISSAN","CW SERIES",3
"Non-freight-carrying vehicles","Diesel","NISSAN","NAVARA",0
"Non-freight-carrying vehicles","Diesel","NISSAN","PATROL",37
"Non-freight-carrying vehicles","Diesel","NISSAN","UNKNOWN",45
"Non-freight-carrying vehicles","Diesel","OKA","UNKNOWN",3
"Non-freight-carrying vehicles","Diesel","OPTARE","UNKNOWN",0
"Non-freight-carrying vehicles","Diesel","OSHKOSH","UNKNOWN",0
"Non-freight-carrying vehicles","Diesel","P&H","UNKNOWN",3
"Non-freight-carrying vehicles","Diesel","PACIFIC","UNKNOWN",3
"Non-freight-carrying vehicles","Diesel","PANTHER","UNKNOWN",4
"Non-freight-carrying vehicles","Diesel","PETERBILT","379",5
"Non-freight-carrying vehicles","Diesel","PETERBILT","388",0
"Non-freight-carrying vehicles","Diesel","PETERBILT","389",0
"Non-freight-carrying vehicles","Diesel","PETERBILT","UNKNOWN",4
"Non-freight-carrying vehicles","Diesel","PPM","UNKNOWN",3
"Non-freight-carrying vehicles","Diesel","PUMA","UNKNOWN",11
"Non-freight-carrying vehicles","Diesel","RCM","UNKNOWN",0
"Non-freight-carrying vehicles","Diesel","RENAULT","KERAX",7
"Non-freight-carrying vehicles","Diesel","RENAULT","MASTER",8
"Non-freight-carrying vehicles","Diesel","RFW","UNKNOWN",9
"Non-freight-carrying vehicles","Diesel","ROSENBAUER","AIRPORT FIRE VEHICLE",28
"Non-freight-carrying vehicles","Diesel","ROSENBAUER","PANTHER AIRPORT FIRE VEHICLE",37
"Non-freight-carrying vehicles","Diesel","ROSENBAUER","UNKNOWN",20
"Non-freight-carrying vehicles","Diesel","SAKAI","UNKNOWN",0
"Non-freight-carrying vehicles","Diesel","SAMSUNG","UNKNOWN",0
"Non-freight-carrying vehicles","Diesel","SANY","UNKNOWN",12
"Non-freight-carrying vehicles","Diesel","SANYOU","UNKNOWN",3
"Non-freight-carrying vehicles","Diesel","SCANIA","112",3
"Non-freight-carrying vehicles","Diesel","SCANIA","G SERIES",63
"Non-freight-carrying vehicles","Diesel","SCANIA","K CHASSIS",0
"Non-freight-carrying vehicles","Diesel","SCANIA","L SERIES",3
"Non-freight-carrying vehicles","Diesel","SCANIA","P SERIES",1089
"Non-freight-carrying vehicles","Diesel","SCANIA","R SERIES",36
"Non-freight-carrying vehicles","Diesel","SCANIA","T SERIES",3
"Non-freight-carrying vehicles","Diesel","SCANIA","UNKNOWN",4
"Non-freight-carrying vehicles","Diesel","SCARAB","UNKNOWN",0
"Non-freight-carrying vehicles","Diesel","SCHEUERLE","UNKNOWN",0
"Non-freight-carrying vehicles","Diesel","SDLG","UNKNOWN",3
"Non-freight-carrying vehicles","Diesel","SHANTUI","UNKNOWN",0
"Non-freight-carrying vehicles","Diesel","SINOTRUK","C7",3
"Non-freight-carrying vehicles","Diesel","SINOTRUK","T5G",0
"Non-freight-carrying vehicles","Diesel","SINOTRUK","UNKNOWN",3
"Non-freight-carrying vehicles","Diesel","SISU","UNKNOWN",0
"Non-freight-carrying vehicles","Diesel","SPARTAN","UNKNOWN",4
"Non-freight-carrying vehicles","Diesel","SPIERINGS","UNKNOWN",0
"Non-freight-carrying vehicles","Diesel","STERLING","HX7500",5
"Non-freight-carrying vehicles","Diesel","STERLING","LT7500",10
"Non-freight-carrying vehicles","Diesel","STERLING","LT9500",5
"Non-freight-carrying vehicles","Diesel","STERLING","UNKNOWN",3
"Non-freight-carrying vehicles","Diesel","STEWART & STEVENSON","UNKNOWN",10
"Non-freight-carrying vehicles","Diesel","SUMMIT HME","UNKNOWN",0
"Non-freight-carrying vehicles","Diesel","SURESWEEP","UNKNOWN",3
"Non-freight-carrying vehicles","Diesel","SWEEPER","UNKNOWN",3
"Non-freight-carrying vehicles","Diesel","TADANO","AC 5.160-1",10
"Non-freight-carrying vehicles","Diesel","TADANO","AC 5.250-1",10
"Non-freight-carrying vehicles","Diesel","TADANO","GT-600EL",20
"Non-freight-carrying vehicles","Diesel","TADANO","UNKNOWN",666
"Non-freight-carrying vehicles","Diesel","TADANO FAUN","UNKNOWN",3
"Non-freight-carrying vehicles","Diesel","TATRA","OTA T815-2 8X8",23
"Non-freight-carrying vehicles","Diesel","TATRA","T158",0
"Non-freight-carrying vehicles","Diesel","TATRA","T815",28
"Non-freight-carrying vehicles","Diesel","TATRA","UNKNOWN",42
"Non-freight-carrying vehicles","Diesel","TENNANT","UNKNOWN",21
"Non-freight-carrying vehicles","Diesel","TEREX","AT-40",11
"Non-freight-carrying vehicles","Diesel","TEREX","MAC-25",20
"Non-freight-carrying vehicles","Diesel","TEREX","UNKNOWN",1118
"Non-freight-carrying vehicles","Diesel","TIDD","PC25",18
"Non-freight-carrying vehicles","Diesel","TIDD","PC28",73
"Non-freight-carrying vehicles","Diesel","TIDD","UNKNOWN",23
"Non-freight-carrying vehicles","Diesel","TITAN","UNKNOWN",3
"Non-freight-carrying vehicles","Diesel","TOFT","UNKNOWN",0
"Non-freight-carrying vehicles","Diesel","TOR","UNKNOWN",5
"Non-freight-carrying vehicles","Diesel","TOYOTA","COASTER",3
"Non-freight-carrying vehicles","Diesel","TOYOTA","COMMUTER",48
"Non-freight-carrying vehicles","Diesel","TOYOTA","DA115",0
"Non-freight-carrying vehicles","Diesel","TOYOTA","DYNA",15
"Non-freight-carrying vehicles","Diesel","TOYOTA","HIACE",10
"Non-freight-carrying vehicles","Diesel","TOYOTA","HILUX",72
"Non-freight-carrying vehicles","Diesel","TOYOTA","LANDCRUISER",1353
"Non-freight-carrying vehicles","Diesel","TOYOTA","TG SERIES",10
"Non-freight-carrying vehicles","Diesel","TOYOTA","UNKNOWN",28
"Non-freight-carrying vehicles","Diesel","UD","CGA SERIES",0
"Non-freight-carrying vehicles","Diesel","UD","CGB",4
"Non-freight-carrying vehicles","Diesel","UD","CGB SERIES",4
"Non-freight-carrying vehicles","Diesel","UD","CKB SERIES",3
"Non-freight-carrying vehicles","Diesel","UD","CLG SERIES",3
"Non-freight-carrying vehicles","Diesel","UD","CMA SERIES",0
"Non-freight-carrying vehicles","Diesel","UD","CMF SERIES",17
"Non-freight-carrying vehicles","Diesel","UD","CONDOR",21
"Non-freight-carrying vehicles","Diesel","UD","CPB SERIES",0
"Non-freight-carrying vehicles","Diesel","UD","CPC SERIES",7
"Non-freight-carrying vehicles","Diesel","UD","CW SERIES",3
"Non-freight-carrying vehicles","Diesel","UD","CWA SERIES",5
"Non-freight-carrying vehicles","Diesel","UD","CWB SERIES",27
"Non-freight-carrying vehicles","Diesel","UD","GWB",5
"Non-freight-carrying vehicles","Diesel","UD","GWB SERIES",7
"Non-freight-carrying vehicles","Diesel","UD","KG SERIES",16
"Non-freight-carrying vehicles","Diesel","UD","LKC SERIES",7
"Non-freight-carrying vehicles","Diesel","UD","MK SERIES",0
"Non-freight-carrying vehicles","Diesel","UD","MKA SERIES",35
"Non-freight-carrying vehicles","Diesel","UD","MKB SERIES",307
"Non-freight-carrying vehicles","Diesel","UD","PD SERIES",3
"Non-freight-carrying vehicles","Diesel","UD","PK SERIES",8
"Non-freight-carrying vehicles","Diesel","UD","PKC SERIES",73
"Non-freight-carrying vehicles","Diesel","UD","QUON",3
"Non-freight-carrying vehicles","Diesel","UD","UNKNOWN",61
"Non-freight-carrying vehicles","Diesel","UNICARRIERS","UNKNOWN",0
"Non-freight-carrying vehicles","Diesel","UNKNOWN","UNKNOWN",604
"Non-freight-carrying vehicles","Diesel","VARLEY SPECIALIZED VEHICLES","UNKNOWN",27
"Non-freight-carrying vehicles","Diesel","VERSA","UNKNOWN",0
"Non-freight-carrying vehicles","Diesel","VERSA DRILL","UNKNOWN",3
"Non-freight-carrying vehicles","Diesel","VERSADRILL","UNKNOWN",3
"Non-freight-carrying vehicles","Diesel","VOLKSWAGEN","AMAROK",0
"Non-freight-carrying vehicles","Diesel","VOLKSWAGEN","CADDY",3
"Non-freight-carrying vehicles","Diesel","VOLKSWAGEN","CRAFTER",52
"Non-freight-carrying vehicles","Diesel","VOLKSWAGEN","MULTIVAN",0
"Non-freight-carrying vehicles","Diesel","VOLKSWAGEN","TRANSPORTER",53
"Non-freight-carrying vehicles","Diesel","VOLKSWAGEN","UNKNOWN",3
"Non-freight-carrying vehicles","Diesel","VOLVO","A30G",16
"Non-freight-carrying vehicles","Diesel","VOLVO","A45G",19
"Non-freight-carrying vehicles","Diesel","VOLVO","F10",3
"Non-freight-carrying vehicles","Diesel","VOLVO","F12",3
"Non-freight-carrying vehicles","Diesel","VOLVO","F7",6
"Non-freight-carrying vehicles","Diesel","VOLVO","F86",3
"Non-freight-carrying vehicles","Diesel","VOLVO","FE",528
"Non-freight-carrying vehicles","Diesel","VOLVO","FH",25
"Non-freight-carrying vehicles","Diesel","VOLVO","FL",105
"Non-freight-carrying vehicles","Diesel","VOLVO","FM",688
"Non-freight-carrying vehicles","Diesel","VOLVO","L110F",29
"Non-freight-carrying vehicles","Diesel","VOLVO","L120F",89
"Non-freight-carrying vehicles","Diesel","VOLVO","L60F",11
"Non-freight-carrying vehicles","Diesel","VOLVO","L70F",26
"Non-freight-carrying vehicles","Diesel","VOLVO","L90F",41
"Non-freight-carrying vehicles","Diesel","VOLVO","N12",0
"Non-freight-carrying vehicles","Diesel","VOLVO","NH",5
"Non-freight-carrying vehicles","Diesel","VOLVO","NL",0
"Non-freight-carrying vehicles","Diesel","VOLVO","NL10",3
"Non-freight-carrying vehicles","Diesel","VOLVO","NL12",3
"Non-freight-carrying vehicles","Diesel","VOLVO","UNKNOWN",163
"Non-freight-carrying vehicles","Diesel","WARMAN","UNKNOWN",8
"Non-freight-carrying vehicles","Diesel","WESTERN STAR","3800",0
"Non-freight-carrying vehicles","Diesel","WESTERN STAR","4764",4
"Non-freight-carrying vehicles","Diesel","WESTERN STAR","4784",0
"Non-freight-carrying vehicles","Diesel","WESTERN STAR","4800",10
"Non-freight-carrying vehicles","Diesel","WESTERN STAR","4864",3
"Non-freight-carrying vehicles","Diesel","WESTERN STAR","4900",6
"Non-freight-carrying vehicles","Diesel","WESTERN STAR","4964",5
"Non-freight-carrying vehicles","Diesel","WESTERN STAR","5864",0
"Non-freight-carrying vehicles","Diesel","WESTERN STAR","6900",0
"Non-freight-carrying vehicles","Diesel","WESTERN STAR","CONSTELLATION",3
"Non-freight-carrying vehicles","Diesel","WESTERN STAR","UNKNOWN",11
"Non-freight-carrying vehicles","Diesel","WESTERN STAR","X-SERIES",0
"Non-freight-carrying vehicles","Diesel","WHITE","UNKNOWN",3
"Non-freight-carrying vehicles","Diesel","XCMG","QY25K",12
"Non-freight-carrying vehicles","Diesel","XCMG","UNKNOWN",40
"Non-freight-carrying vehicles","Diesel","ZOOMLION","QY30V",17
"Non-freight-carrying vehicles","Diesel","ZOOMLION","UNKNOWN",46
"Non-freight-carrying vehicles","Diesel","ZOOMLION PUYUAN","UNKNOWN",3
"Non-freight-carrying vehicles","Dual fuel","CHEVROLET","SILVERADO",0
"Non-freight-carrying vehicles","Dual fuel","DAEWOO","UNKNOWN",3
"Non-freight-carrying vehicles","Dual fuel","DAF","CF RANGE",4
"Non-freight-carrying vehicles","Dual fuel","DEMAG","UNKNOWN",0
"Non-freight-carrying vehicles","Dual fuel","FORD","F150",0
"Non-freight-carrying vehicles","Dual fuel","FORD","F350",14
"Non-freight-carrying vehicles","Dual fuel","FORD","FALCON",4
"Non-freight-carrying vehicles","Dual fuel","FORD","UNKNOWN",8
"Non-freight-carrying vehicles","Dual fuel","FRANNA","UNKNOWN",11
"Non-freight-carrying vehicles","Dual fuel","FREIGHTLINER","ARGOSY",3
"Non-freight-carrying vehicles","Dual fuel","FUSO","CANTER",0
"Non-freight-carrying vehicles","Dual fuel","FUSO","FK",5
"Non-freight-carrying vehicles","Dual fuel","FUSO","FV",3
"Non-freight-carrying vehicles","Dual fuel","GROVE","GMK3060",3
"Non-freight-carrying vehicles","Dual fuel","GROVE","UNKNOWN",5
"Non-freight-carrying vehicles","Dual fuel","HINO","FD",4
"Non-freight-carrying vehicles","Dual fuel","HINO","FE",3
"Non-freight-carrying vehicles","Dual fuel","HINO","FG",13
"Non-freight-carrying vehicles","Dual fuel","HINO","GT",3
"Non-freight-carrying vehicles","Dual fuel","HOLDEN","COMMODORE",0
"Non-freight-carrying vehicles","Dual fuel","HOLDEN","HZ SERIES",0
"Non-freight-carrying vehicles","Dual fuel","INTERNATIONAL","D SERIES",0
"Non-freight-carrying vehicles","Dual fuel","INTERNATIONAL","D1610",3
"Non-freight-carrying vehicles","Dual fuel","INTERNATIONAL","UNKNOWN",0
"Non-freight-carrying vehicles","Dual fuel","ISUZU","FRR",3
"Non-freight-carrying vehicles","Dual fuel","ISUZU","FSR",4
"Non-freight-carrying vehicles","Dual fuel","ISUZU","FTR",0
"Non-freight-carrying vehicles","Dual fuel","ISUZU","FTS",3
"Non-freight-carrying vehicles","Dual fuel","ISUZU","FVD",0
"Non-freight-carrying vehicles","Dual fuel","ISUZU","FVZ",3
"Non-freight-carrying vehicles","Dual fuel","ISUZU","FXZ",3
"Non-freight-carrying vehicles","Dual fuel","ISUZU","UNKNOWN",0
"Non-freight-carrying vehicles","Dual fuel","IVECO","ACCO",5
"Non-freight-carrying vehicles","Dual fuel","KATO","UNKNOWN",0
"Non-freight-carrying vehicles","Dual fuel","KENWORTH","T610",0
"Non-freight-carrying vehicles","Dual fuel","LIEBHERR","LTM 1055-3.2",3
"Non-freight-carrying vehicles","Dual fuel","LIEBHERR","LTM 1060-3.1",0
"Non-freight-carrying vehicles","Dual fuel","LIEBHERR","UNKNOWN",0
"Non-freight-carrying vehicles","Dual fuel","MAN","UNKNOWN",3
"Non-freight-carrying vehicles","Dual fuel","MERCEDES-BENZ","AROCS",3
"Non-freight-carrying vehicles","Dual fuel","MERCEDES-BENZ","ATEGO",9
"Non-freight-carrying vehicles","Dual fuel","MERCEDES-BENZ","AXOR",3
"Non-freight-carrying vehicles","Dual fuel","MERCEDES-BENZ","E-CLASS",0
"Non-freight-carrying vehicles","Dual fuel","MITSUBISHI","FN SERIES",0
"Non-freight-carrying vehicles","Dual fuel","MITSUBISHI","UNKNOWN",0
"Non-freight-carrying vehicles","Dual fuel","NISSAN","UNKNOWN",3
"Non-freight-carrying vehicles","Dual fuel","NISSAN","URVAN",3
"Non-freight-carrying vehicles","Dual fuel","SCANIA","P SERIES",3
"Non-freight-carrying vehicles","Dual fuel","TADANO","UNKNOWN",3
"Non-freight-carrying vehicles","Dual fuel","TENNANT","UNKNOWN",0
"Non-freight-carrying vehicles","Dual fuel","TEREX","UNKNOWN",0
"Non-freight-carrying vehicles","Dual fuel","TOYOTA","COMMUTER",4
"Non-freight-carrying vehicles","Dual fuel","TOYOTA","HIACE",12
"Non-freight-carrying vehicles","Dual fuel","TOYOTA","LANDCRUISER",3
"Non-freight-carrying vehicles","Dual fuel","TOYOTA","UNKNOWN",7
"Non-freight-carrying vehicles","Dual fuel","UNKNOWN","UNKNOWN",3
"Non-freight-carrying vehicles","Dual fuel","VOLVO","FM",3
"Non-freight-carrying vehicles","Dual fuel","VOLVO","L110F",0
"Non-freight-carrying vehicles","Dual fuel","VOLVO","L60F",0
"Non-freight-carrying vehicles","Dual fuel","XCMG","QY25K",0
"Non-freight-carrying vehicles","Dual fuel","ZOOMLION","QY30V",0
"Non-freight-carrying vehicles","Dual fuel","ZOOMLION","UNKNOWN",3
"Non-freight-carrying vehicles","Hybrid electric","HINO","FY",0
"Non-freight-carrying vehicles","Hybrid electric","ISUZU","FSD",3
"Non-freight-carrying vehicles","Hybrid electric","ISUZU","FTS",10
"Non-freight-carrying vehicles","Hybrid electric","MERCEDES-BENZ","E-CLASS",3
"Non-freight-carrying vehicles","Hybrid electric","MERCEDES-BENZ","E200",3
"Non-freight-carrying vehicles","Hybrid electric","TATRA","UNKNOWN",0
"Non-freight-carrying vehicles","Hybrid electric","TOYOTA","DYNA",0
"Non-freight-carrying vehicles","Battery/Fuel-cell electric","ADDAX","UNKNOWN",0
"Non-freight-carrying vehicles","Battery/Fuel-cell electric","ALKE","UNKNOWN",7
"Non-freight-carrying vehicles","Battery/Fuel-cell electric","BRAHMAN BUS","UNKNOWN",0
"Non-freight-carrying vehicles","Battery/Fuel-cell electric","CONQUEST","UNKNOWN",0
"Non-freight-carrying vehicles","Battery/Fuel-cell electric","FOTON","IBLUE",3
"Non-freight-carrying vehicles","Battery/Fuel-cell electric","FUSO","FK",3
"Non-freight-carrying vehicles","Battery/Fuel-cell electric","HAKO","UNKNOWN",0
"Non-freight-carrying vehicles","Battery/Fuel-cell electric","HDRIVE","UNKNOWN",0
"Non-freight-carrying vehicles","Battery/Fuel-cell electric","HINO","FE",3
"Non-freight-carrying vehicles","Battery/Fuel-cell electric","INDEPENDENT CONSTRUCTOR","UNKNOWN",0
"Non-freight-carrying vehicles","Battery/Fuel-cell electric","IVECO","ACCO",3
"Non-freight-carrying vehicles","Battery/Fuel-cell electric","IVECO","UNKNOWN",3
"Non-freight-carrying vehicles","Battery/Fuel-cell electric","LIEBHERR","UNKNOWN",0
"Non-freight-carrying vehicles","Battery/Fuel-cell electric","MERCEDES-BENZ","ECONIC",0
"Non-freight-carrying vehicles","Battery/Fuel-cell electric","MITSUBISHI","UNKNOWN",3
"Non-freight-carrying vehicles","Battery/Fuel-cell electric","NILFISK","UNKNOWN",0
"Non-freight-carrying vehicles","Battery/Fuel-cell electric","NISSAN","UNKNOWN",3
"Non-freight-carrying vehicles","Battery/Fuel-cell electric","ROSENBAUER","UNKNOWN",0
"Non-freight-carrying vehicles","Battery/Fuel-cell electric","SEA ELECTRIC","300 85",3
"Non-freight-carrying vehicles","Battery/Fuel-cell electric","SURESWEEP","UNKNOWN",3
"Non-freight-carrying vehicles","Battery/Fuel-cell electric","TENNANT","UNKNOWN",4
"Non-freight-carrying vehicles","Battery/Fuel-cell electric","TEREX","UNKNOWN",0
"Non-freight-carrying vehicles","Battery/Fuel-cell electric","TOMCAT","UNKNOWN",3
"Non-freight-carrying vehicles","Battery/Fuel-cell electric","TOYOTA","UNKNOWN",3
"Non-freight-carrying vehicles","Battery/Fuel-cell electric","UNKNOWN","UNKNOWN",0
"Non-freight-carrying vehicles","Other","ANHUI ANKAI","UNKNOWN",3
"Non-freight-carrying vehicles","Other","CHEVROLET","K20",3
"Non-freight-carrying vehicles","Other","DATSUN","UNKNOWN",0
"Non-freight-carrying vehicles","Other","FORD","BRONCO",0
"Non-freight-carrying vehicles","Other","FORD","F150",0
"Non-freight-carrying vehicles","Other","FORD","F350",24
"Non-freight-carrying vehicles","Other","FORD","FAIRLANE",3
"Non-freight-carrying vehicles","Other","FORD","FALCON",0
"Non-freight-carrying vehicles","Other","FORD","UNKNOWN",5
"Non-freight-carrying vehicles","Other","FOWLER-REX","UNKNOWN",0
"Non-freight-carrying vehicles","Other","FUSO","CANTER",3
"Non-freight-carrying vehicles","Other","HAKO","UNKNOWN",3
"Non-freight-carrying vehicles","Other","HOLDEN","HJ SERIES",3
"Non-freight-carrying vehicles","Other","HOLDEN","HZ SERIES",0
"Non-freight-carrying vehicles","Other","INTERNATIONAL","ACCO 1710",0
"Non-freight-carrying vehicles","Other","INTERNATIONAL","ACCO 610A",0
"Non-freight-carrying vehicles","Other","INTERNATIONAL","UNKNOWN",3
"Non-freight-carrying vehicles","Other","ISUZU","FRR",0
"Non-freight-carrying vehicles","Other","ISUZU","FSR",3
"Non-freight-carrying vehicles","Other","MAN","UNKNOWN",0
"Non-freight-carrying vehicles","Other","MAZDA","T4100",3
"Non-freight-carrying vehicles","Other","MITSUBISHI","UNKNOWN",3
"Non-freight-carrying vehicles","Other","NILFISK","UNKNOWN",5
"Non-freight-carrying vehicles","Other","NISSAN","UNKNOWN",8
"Non-freight-carrying vehicles","Other","SAMSUNG","UNKNOWN",0
"Non-freight-carrying vehicles","Other","TATA","UNKNOWN",0
"Non-freight-carrying vehicles","Other","TENNANT","UNKNOWN",10
"Non-freight-carrying vehicles","Other","TOYOTA","UNKNOWN",8
"Non-freight-carrying vehicles","Other","UNKNOWN","UNKNOWN",7
"Campervans","Petrol","AIRSTREAM","UNKNOWN",3
"Campervans","Petrol","ALBION","UNKNOWN",3
"Campervans","Petrol","ANSAIR","UNKNOWN",4
"Campervans","Petrol","ASIA MOTORS","COMBI",0
"Campervans","Petrol","AUSTIN","UNKNOWN",8
"Campervans","Petrol","AUSTRAL","UNKNOWN",3
"Campervans","Petrol","BEDFORD","B SERIES",0
"Campervans","Petrol","BEDFORD","CF",30
"Campervans","Petrol","BEDFORD","CJ",0
"Campervans","Petrol","BEDFORD","FJ",3
"Campervans","Petrol","BEDFORD","J SERIES",3
"Campervans","Petrol","BEDFORD","J2",3
"Campervans","Petrol","BEDFORD","SB",16
"Campervans","Petrol","BEDFORD","UNKNOWN",91
"Campervans","Petrol","BMC","UNKNOWN",3
"Campervans","Petrol","BMW","335",3
"Campervans","Petrol","BUERSTNER CARAVANS","UNKNOWN",0
"Campervans","Petrol","CAVALIER CAMPER TRAILERS","UNKNOWN",4
"Campervans","Petrol","CHEVROLET","C30",0
"Campervans","Petrol","CHEVROLET","G20",3
"Campervans","Petrol","CHEVROLET","KODIAK",4
"Campervans","Petrol","CHEVROLET","UNKNOWN",9
"Campervans","Petrol","CHEVRON CARAVAN CAMPER AND MOTOR HOME","UNKNOWN",10
"Campervans","Petrol","CI","UNKNOWN",0
"Campervans","Petrol","COACHMEN","MIRADA",52
"Campervans","Petrol","COMMER","UNKNOWN",3
"Campervans","Petrol","COROMAL CARAVANS","UNKNOWN",5
"Campervans","Petrol","CORONET CARAVANS","UNKNOWN",0
"Campervans","Petrol","DAIHATSU","DELTA",9
"Campervans","Petrol","DAIHATSU","UNKNOWN",4
"Campervans","Petrol","DATSUN","HOMER",0
"Campervans","Petrol","DATSUN","UNKNOWN",9
"Campervans","Petrol","DATSUN","URVAN",4
"Campervans","Petrol","DENNING","UNKNOWN",4
"Campervans","Petrol","DODGE","AT4",3
"Campervans","Petrol","DODGE","UNKNOWN",8
"Campervans","Petrol","DONGFENG","EQ6760L5DY",3
"Campervans","Petrol","EXECUTIVE","UNKNOWN",0
"Campervans","Petrol","FIAT","DUCATO",82
"Campervans","Petrol","FLEETWOOD","UNKNOWN",0
"Campervans","Petrol","FORD","COURIER",12
"Campervans","Petrol","FORD","CRESTLINE",3
"Campervans","Petrol","FORD","ECONOLINE",7
"Campervans","Petrol","FORD","ECONOVAN",122
"Campervans","Petrol","FORD","F100",6
"Campervans","Petrol","FORD","F150",0
"Campervans","Petrol","FORD","F250",6
"Campervans","Petrol","FORD","F350",7
"Campervans","Petrol","FORD","F450",3
"Campervans","Petrol","FORD","FAIRLANE",0
"Campervans","Petrol","FORD","FALCON",32
"Campervans","Petrol","FORD","FREDA",3
"Campervans","Petrol","FORD","FREIGHTER",0
"Campervans","Petrol","FORD","MIRADA",25
"Campervans","Petrol","FORD","MODEL T",0
"Campervans","Petrol","FORD","TRADER",0
"Campervans","Petrol","FORD","TRANSIT",103
"Campervans","Petrol","FORD","UNKNOWN",38
"Campervans","Petrol","FOTON","VIEW",0
"Campervans","Petrol","FUSO","CANTER",4
"Campervans","Petrol","FUSO","ROSA",3
"Campervans","Petrol","GMC","3500",3
"Campervans","Petrol","GMC","UNKNOWN",10
"Campervans","Petrol","GMC","VANDURA",0
"Campervans","Petrol","GOLDEN DRAGON","UNKNOWN",3
"Campervans","Petrol","GOLDSTREAM RV","UNKNOWN",0
"Campervans","Petrol","HINO","AK140K",3
"Campervans","Petrol","HINO","BC144",0
"Campervans","Petrol","HINO","RAINBOW",5
"Campervans","Petrol","HINO","RG",3
"Campervans","Petrol","HINO","RK",0
"Campervans","Petrol","HINO","UNKNOWN",3
"Campervans","Petrol","HOLDEN","BEDFORD",0
"Campervans","Petrol","HOLDEN","CAMIRA",0
"Campervans","Petrol","HOLDEN","COMMODORE",0
"Campervans","Petrol","HOLDEN","HQ SERIES",3
"Campervans","Petrol","HOLDEN","HX SERIES",3
"Campervans","Petrol","HOLDEN","HZ SERIES",3
"Campervans","Petrol","HOLDEN","RODEO",47
"Campervans","Petrol","HOLDEN","SHUTTLE",3
"Campervans","Petrol","HOLDEN","UNKNOWN",0
"Campervans","Petrol","HOLDEN","WB SERIES",3
"Campervans","Petrol","HONDA","CIVIC",0
"Campervans","Petrol","HONDA","CR-V",3
"Campervans","Petrol","HYUNDAI","ELANTRA",3
"Campervans","Petrol","HYUNDAI","GETZ",3
"Campervans","Petrol","HYUNDAI","ILOAD",7
"Campervans","Petrol","HYUNDAI","IMAX",8
"Campervans","Petrol","INTERNATIONAL","AB120",3
"Campervans","Petrol","INTERNATIONAL","ACCO 1810",0
"Campervans","Petrol","INTERNATIONAL","D1610",0
"Campervans","Petrol","INTERNATIONAL","F SERIES",0
"Campervans","Petrol","INTERNATIONAL","UNKNOWN",9
"Campervans","Petrol","ISUZU","ELF",3
"Campervans","Petrol","ISUZU","FSR",3
"Campervans","Petrol","ISUZU","LT1 BUS",0
"Campervans","Petrol","ISUZU","NPR",10
"Campervans","Petrol","ISUZU","NPS",3
"Campervans","Petrol","ISUZU","NQR",7
"Campervans","Petrol","ISUZU","SBR",0
"Campervans","Petrol","ISUZU","UNKNOWN",3
"Campervans","Petrol","ITASCA","UNKNOWN",3
"Campervans","Petrol","IVECO","DAILY",91
"Campervans","Petrol","JEEP","J20",3
"Campervans","Petrol","JOHN DEERE","UNKNOWN",0
"Campervans","Petrol","KCA","UNKNOWN",0
"Campervans","Petrol","KIA","CARNIVAL",4
"Campervans","Petrol","KIA","CERATO",0
"Campervans","Petrol","KIA","K2700",0
"Campervans","Petrol","KIA","PREGIO",3
"Campervans","Petrol","LAND ROVER","101",3
"Campervans","Petrol","LAND ROVER","109",0
"Campervans","Petrol","LAND ROVER","110",3
"Campervans","Petrol","LAND ROVER","2A",0
"Campervans","Petrol","LAND ROVER","UNKNOWN",0
"Campervans","Petrol","LDV","G10",4
"Campervans","Petrol","LDV","V80",0
"Campervans","Petrol","LEXUS","LX470",3
"Campervans","Petrol","LEYLAND","RANGE ROVER",0
"Campervans","Petrol","LEYLAND","TIGER",0
"Campervans","Petrol","LEYLAND","UNKNOWN",10
"Campervans","Petrol","MAN","SL200",0
"Campervans","Petrol","MAN","UNKNOWN",0
"Campervans","Petrol","MAZDA","B2000",0
"Campervans","Petrol","MAZDA","B2600",44
"Campervans","Petrol","MAZDA","BONGO",58
"Campervans","Petrol","MAZDA","CX-30",3
"Campervans","Petrol","MAZDA","E1600",3
"Campervans","Petrol","MAZDA","E1800",4
"Campervans","Petrol","MAZDA","E2000",274
"Campervans","Petrol","MAZDA","E2200",6
"Campervans","Petrol","MAZDA","E2500",0
"Campervans","Petrol","MAZDA","MAZDA 2",3
"Campervans","Petrol","MAZDA","MAZDA 3",0
"Campervans","Petrol","MAZDA","MAZDA 6",0
"Campervans","Petrol","MAZDA","MX-5",0
"Campervans","Petrol","MAZDA","PARKWAY",3
"Campervans","Petrol","MAZDA","T2000",3
"Campervans","Petrol","MAZDA","T3000",3
"Campervans","Petrol","MAZDA","T3500",10
"Campervans","Petrol","MAZDA","T4000",4
"Campervans","Petrol","MAZDA","T4600",4
"Campervans","Petrol","MAZDA","UNKNOWN",22
"Campervans","Petrol","MERCEDES-BENZ","1217",0
"Campervans","Petrol","MERCEDES-BENZ","C180",0
"Campervans","Petrol","MERCEDES-BENZ","LO812",3
"Campervans","Petrol","MERCEDES-BENZ","MB100",12
"Campervans","Petrol","MERCEDES-BENZ","MB140",8
"Campervans","Petrol","MERCEDES-BENZ","OH1316",0
"Campervans","Petrol","MERCEDES-BENZ","OH1418",3
"Campervans","Petrol","MERCEDES-BENZ","SPRINTER",48
"Campervans","Petrol","MERCEDES-BENZ","UNIMOG",0
"Campervans","Petrol","MERCEDES-BENZ","UNKNOWN",4
"Campervans","Petrol","MERCEDES-BENZ","VIANO",3
"Campervans","Petrol","MERCEDES-BENZ","VITO",0
"Campervans","Petrol","MILLARD CARAVANS","UNKNOWN",3
"Campervans","Petrol","MITSUBISHI","CANTER",15
"Campervans","Petrol","MITSUBISHI","DELICA",22
"Campervans","Petrol","MITSUBISHI","EXPRESS",68
"Campervans","Petrol","MITSUBISHI","FK SERIES",0
"Campervans","Petrol","MITSUBISHI","L300 EXPRESS",8
"Campervans","Petrol","MITSUBISHI","LANCER",3
"Campervans","Petrol","MITSUBISHI","LANCER EVOLUTION",3
"Campervans","Petrol","MITSUBISHI","ROSA",0
"Campervans","Petrol","MITSUBISHI","STARWAGON",7
"Campervans","Petrol","MITSUBISHI","TRITON",14
"Campervans","Petrol","MITSUBISHI","UNKNOWN",9
"Campervans","Petrol","MONACO","UNKNOWN",3
"Campervans","Petrol","NISSAN","720",3
"Campervans","Petrol","NISSAN","CABSTAR",3
"Campervans","Petrol","NISSAN","CARAVAN",0
"Campervans","Petrol","NISSAN","CIVILIAN",8
"Campervans","Petrol","NISSAN","E25",18
"Campervans","Petrol","NISSAN","ELGRAND",11854
"Campervans","Petrol","NISSAN","NAVARA",5
"Campervans","Petrol","NISSAN","NV350",5
"Campervans","Petrol","NISSAN","PATROL",3
"Campervans","Petrol","NISSAN","SERENA",3
"Campervans","Petrol","NISSAN","SKYLINE",3
"Campervans","Petrol","NISSAN","TIIDA",0
"Campervans","Petrol","NISSAN","UNKNOWN",33
"Campervans","Petrol","NISSAN","URVAN",181
"Campervans","Petrol","NISSAN","X-TRAIL",3
"Campervans","Petrol","OKA","LT SERIES",0
"Campervans","Petrol","RENAULT","FUEGO",3
"Campervans","Petrol","RENAULT","KANGOO",3
"Campervans","Petrol","RENAULT","MASTER",0
"Campervans","Petrol","RENAULT","UNKNOWN",3
"Campervans","Petrol","ROLLS-ROYCE","PHANTOM",0
"Campervans","Petrol","SCANIA","P SERIES",0
"Campervans","Petrol","SKODA","SUPERB",0
"Campervans","Petrol","SPARTAN","UNKNOWN",3
"Campervans","Petrol","SPORTSCOACH","UNKNOWN",3
"Campervans","Petrol","SUBARU","FORESTER",0
"Campervans","Petrol","SUBARU","IMPREZA",0
"Campervans","Petrol","SUZUKI","APV",0
"Campervans","Petrol","TIFFIN MOTOR","ALLEGRO BREEZE",0
"Campervans","Petrol","TOYOTA","ALPHARD",10
"Campervans","Petrol","TOYOTA","CAMROAD",38
"Campervans","Petrol","TOYOTA","CAMRY",4
"Campervans","Petrol","TOYOTA","COASTER",261
"Campervans","Petrol","TOYOTA","COMMODORE",3
"Campervans","Petrol","TOYOTA","COMMUTER",896
"Campervans","Petrol","TOYOTA","COROLLA",3
"Campervans","Petrol","TOYOTA","DYNA",18
"Campervans","Petrol","TOYOTA","ESQUIRE",3
"Campervans","Petrol","TOYOTA","ESTIMA",14835
"Campervans","Petrol","TOYOTA","GRANVIA",328
"Campervans","Petrol","TOYOTA","HIACE",4981
"Campervans","Petrol","TOYOTA","HILUX",571
"Campervans","Petrol","TOYOTA","LANDCRUISER",16
"Campervans","Petrol","TOYOTA","LITEACE",10
"Campervans","Petrol","TOYOTA","NOAH",3
"Campervans","Petrol","TOYOTA","REGIUS",311
"Campervans","Petrol","TOYOTA","SPACIA",5
"Campervans","Petrol","TOYOTA","TARAGO",9
"Campervans","Petrol","TOYOTA","TOWNACE",197
"Campervans","Petrol","TOYOTA","UNKNOWN",214
"Campervans","Petrol","TOYOTA","VELLFIRE",3
"Campervans","Petrol","TOYOTA","VOXY",0
"Campervans","Petrol","UNKNOWN","UNKNOWN",9
"Campervans","Petrol","VOLKSWAGEN","BEETLE",3
"Campervans","Petrol","VOLKSWAGEN","CADDY",3
"Campervans","Petrol","VOLKSWAGEN","CAMPERVAN",74
"Campervans","Petrol","VOLKSWAGEN","CARAVELLE",17
"Campervans","Petrol","VOLKSWAGEN","CONTAINER VAN",4
"Campervans","Petrol","VOLKSWAGEN","CRAFTER",0
"Campervans","Petrol","VOLKSWAGEN","GOLF",4
"Campervans","Petrol","VOLKSWAGEN","KOMBI",416
"Campervans","Petrol","VOLKSWAGEN","LT",3
"Campervans","Petrol","VOLKSWAGEN","MICROBUS",0
"Campervans","Petrol","VOLKSWAGEN","MULTIVAN",0
"Campervans","Petrol","VOLKSWAGEN","SAFARI",3
"Campervans","Petrol","VOLKSWAGEN","TRANSPORTER",449
"Campervans","Petrol","VOLKSWAGEN","TYPE 1",0
"Campervans","Petrol","VOLKSWAGEN","TYPE 2",3
"Campervans","Petrol","VOLKSWAGEN","TYPE 3",3
"Campervans","Petrol","VOLKSWAGEN","TYPE70C",3
"Campervans","Petrol","VOLKSWAGEN","UNKNOWN",421
"Campervans","Petrol","VOLVO","FM",0
"Campervans","Petrol","VOLVO","UNKNOWN",0
"Campervans","Petrol","WINNEBAGO","UNKNOWN",3
"Campervans","Petrol","WORKHORSE","P SERIES",8
"Campervans","Diesel","AEC","UNKNOWN",10
"Campervans","Diesel","ALBION","UNKNOWN",11
"Campervans","Diesel","ANSAIR","UNKNOWN",17
"Campervans","Diesel","ASIA MOTORS","COMBI",55
"Campervans","Diesel","ASIA MOTORS","COSMOS",9
"Campervans","Diesel","ASIA MOTORS","UNKNOWN",24
"Campervans","Diesel","AUSTIN","UNKNOWN",4
"Campervans","Diesel","AUSTRAL","UNKNOWN",55
"Campervans","Diesel","AUTOBUS","UNKNOWN",0
"Campervans","Diesel","AVIA","UNKNOWN",0
"Campervans","Diesel","BCI","CITYRIDER",0
"Campervans","Diesel","BCI","JXK6830",3
"Campervans","Diesel","BCI","JXK6960",3
"Campervans","Diesel","BCI","PK6127",0
"Campervans","Diesel","BCI","PK6850",4
"Campervans","Diesel","BCI","PK6930",7
"Campervans","Diesel","BCI","UNKNOWN",6
"Campervans","Diesel","BEAVER","UNKNOWN",3
"Campervans","Diesel","BEDFORD","A SERIES",0
"Campervans","Diesel","BEDFORD","B SERIES",10
"Campervans","Diesel","BEDFORD","BLP",14
"Campervans","Diesel","BEDFORD","CF",3
"Campervans","Diesel","BEDFORD","CJ",3
"Campervans","Diesel","BEDFORD","FJ",4
"Campervans","Diesel","BEDFORD","K SERIES",3
"Campervans","Diesel","BEDFORD","SB",11
"Campervans","Diesel","BEDFORD","TK",4
"Campervans","Diesel","BEDFORD","UNKNOWN",133
"Campervans","Diesel","BEDFORD-ISUZU","UNKNOWN",3
"Campervans","Diesel","BLUEBIRD","UNKNOWN",0
"Campervans","Diesel","BMC","UNKNOWN",3
"Campervans","Diesel","BMW","120",0
"Campervans","Diesel","BONLUCK","UNKNOWN",3
"Campervans","Diesel","BOVA","UNKNOWN",3
"Campervans","Diesel","BRISTOL","UNKNOWN",3
"Campervans","Diesel","CATERPILLAR","CT630",3
"Campervans","Diesel","CHEVROLET","EXPRESS",0
"Campervans","Diesel","CHEVROLET","KODIAK",31
"Campervans","Diesel","CHEVROLET","NOVA",0
"Campervans","Diesel","CHEVROLET","UNKNOWN",23
"Campervans","Diesel","CHEVRON CARAVAN CAMPER AND MOTOR HOME","UNKNOWN",3
"Campervans","Diesel","CITROEN","UNKNOWN",0
"Campervans","Diesel","COACH DESIGN","UNKNOWN",0
"Campervans","Diesel","COACHMEN","MIRADA",3
"Campervans","Diesel","COMMER","SUPERPOISE",0
"Campervans","Diesel","COMMER","UNKNOWN",3
"Campervans","Diesel","CONCORDE","UNKNOWN",3
"Campervans","Diesel","COROMAL CARAVANS","UNKNOWN",3
"Campervans","Diesel","COUNTRY COACH","UNKNOWN",10
"Campervans","Diesel","CRUSADER","UNKNOWN",0
"Campervans","Diesel","CSEPEL","UNKNOWN",9
"Campervans","Diesel","CUSTOM MADE","UNKNOWN",5
"Campervans","Diesel","DAEWOO","BH090",0
"Campervans","Diesel","DAF","CF RANGE",3
"Campervans","Diesel","DAF","UNKNOWN",3
"Campervans","Diesel","DAIHATSU","DELTA",17
"Campervans","Diesel","DAIHATSU","UNKNOWN",4
"Campervans","Diesel","DAIMLER","UNKNOWN",3
"Campervans","Diesel","DENNING","UNKNOWN",153
"Campervans","Diesel","DENNIS","UNKNOWN",4
"Campervans","Diesel","DEUTSCHER","UNKNOWN",3
"Campervans","Diesel","DODGE","D5N",0
"Campervans","Diesel","DODGE","RAM 3500",0
"Campervans","Diesel","DODGE","UNKNOWN",0
"Campervans","Diesel","DOMINO","UNKNOWN",23
"Campervans","Diesel","DONGFENG","EQ6760L5DY",0
"Campervans","Diesel","DONGFENG","UNKNOWN",0
"Campervans","Diesel","DYNAPAC","UNKNOWN",0
"Campervans","Diesel","EAGLE","UNKNOWN",0
"Campervans","Diesel","EAGLE CARAVANS","UNKNOWN",0
"Campervans","Diesel","ELITE","UNKNOWN",0
"Campervans","Diesel","EXECUTIVE","UNKNOWN",4
"Campervans","Diesel","FIAT","DUCATO",14138
"Campervans","Diesel","FIAT","SCUDO",0
"Campervans","Diesel","FIAT","UNKNOWN",3
"Campervans","Diesel","FORD","CARGO",3
"Campervans","Diesel","FORD","COURIER",4
"Campervans","Diesel","FORD","D SERIES",0
"Campervans","Diesel","FORD","ECONOVAN",6
"Campervans","Diesel","FORD","F100",0
"Campervans","Diesel","FORD","F250",6
"Campervans","Diesel","FORD","F350",7
"Campervans","Diesel","FORD","F600",3
"Campervans","Diesel","FORD","FREDA",12
"Campervans","Diesel","FORD","KUGA",3
"Campervans","Diesel","FORD","L-SERIES",3
"Campervans","Diesel","FORD","L SERIES",0
"Campervans","Diesel","FORD","MAVERICK",3
"Campervans","Diesel","FORD","RANGER",214
"Campervans","Diesel","FORD","TRADER",137
"Campervans","Diesel","FORD","TRANSIT",2885
"Campervans","Diesel","FORD","UNKNOWN",16
"Campervans","Diesel","FORETRAVEL","UNKNOWN",9
"Campervans","Diesel","FORETRAVEL INC","UNKNOWN",0
"Campervans","Diesel","FREIGHTLINER","CASCADIA",3
"Campervans","Diesel","FREIGHTLINER","CL112",3
"Campervans","Diesel","FREIGHTLINER","FL106",0
"Campervans","Diesel","FREIGHTLINER","FL112",3
"Campervans","Diesel","FREIGHTLINER","FL80",3
"Campervans","Diesel","FREIGHTLINER","FLX",3
"Campervans","Diesel","FREIGHTLINER","SWAGMAN",14
"Campervans","Diesel","FREIGHTLINER","UNKNOWN",8
"Campervans","Diesel","FUSO","CANTER",214
"Campervans","Diesel","FUSO","FK",16
"Campervans","Diesel","FUSO","FN",3
"Campervans","Diesel","FUSO","FS",0
"Campervans","Diesel","FUSO","ROSA",263
"Campervans","Diesel","FUSO","UNKNOWN",3
"Campervans","Diesel","GM","UNKNOWN",0
"Campervans","Diesel","GMC","UNKNOWN",8
"Campervans","Diesel","GOLDEN DRAGON","UNKNOWN",3
"Campervans","Diesel","HAWKINS","UNKNOWN",5
"Campervans","Diesel","HIGER","7.7M",3
"Campervans","Diesel","HIGER","R-SERIES",0
"Campervans","Diesel","HIGER","R SERIES",3
"Campervans","Diesel","HIGER","T-SERIES 12M",3
"Campervans","Diesel","HIGER","UNKNOWN",4
"Campervans","Diesel","HIGER","V-SERIES 12.3 COACH",3
"Campervans","Diesel","HIGER","V-SERIES 9M",3
"Campervans","Diesel","HIGER","V SERIES 9M",8
"Campervans","Diesel","HINO","300 SERIES",32
"Campervans","Diesel","HINO","AC140",5
"Campervans","Diesel","HINO","AC140K",15
"Campervans","Diesel","HINO","AK140K",9
"Campervans","Diesel","HINO","AK176",11
"Campervans","Diesel","HINO","AM100",31
"Campervans","Diesel","HINO","BC144",28
"Campervans","Diesel","HINO","BD186",14
"Campervans","Diesel","HINO","BD190",8
"Campervans","Diesel","HINO","CM277",9
"Campervans","Diesel","HINO","DUTRO",13
"Campervans","Diesel","HINO","DYNA",17
"Campervans","Diesel","HINO","FB4J",9
"Campervans","Diesel","HINO","FC",12
"Campervans","Diesel","HINO","FD",79
"Campervans","Diesel","HINO","FE",7
"Campervans","Diesel","HINO","FG",5
"Campervans","Diesel","HINO","FM",3
"Campervans","Diesel","HINO","FS",0
"Campervans","Diesel","HINO","FT",7
"Campervans","Diesel","HINO","GD",15
"Campervans","Diesel","HINO","GH",8
"Campervans","Diesel","HINO","GT",22
"Campervans","Diesel","HINO","LIESSE CAMPERVAN",37
"Campervans","Diesel","HINO","RAINBOW",382
"Campervans","Diesel","HINO","RANGER",3
"Campervans","Diesel","HINO","RG",57
"Campervans","Diesel","HINO","RH160",23
"Campervans","Diesel","HINO","RK",12
"Campervans","Diesel","HINO","RN",0
"Campervans","Diesel","HINO","SS",3
"Campervans","Diesel","HINO","UNKNOWN",139
"Campervans","Diesel","HOLDEN","COLORADO",0
"Campervans","Diesel","HOLDEN","RODEO",20
"Campervans","Diesel","HOLDEN","UNKNOWN",0
"Campervans","Diesel","HOLIDAY RAMBLER","UNKNOWN",6
"Campervans","Diesel","HUMMER","UNKNOWN",0
"Campervans","Diesel","HYUNDAI","HD45",3
"Campervans","Diesel","HYUNDAI","I30",0
"Campervans","Diesel","HYUNDAI","ILOAD",50
"Campervans","Diesel","HYUNDAI","IMAX",8
"Campervans","Diesel","HYUNDAI","STARIA",7
"Campervans","Diesel","IBC","UNKNOWN",6
"Campervans","Diesel","INTERNATIONAL","ACCO",13
"Campervans","Diesel","INTERNATIONAL","ACCO 1730",0
"Campervans","Diesel","INTERNATIONAL","ACCO 1810",3
"Campervans","Diesel","INTERNATIONAL","ACCO 1830",3
"Campervans","Diesel","INTERNATIONAL","C1300",0
"Campervans","Diesel","INTERNATIONAL","D SERIES",0
"Campervans","Diesel","INTERNATIONAL","DELTA",12
"Campervans","Diesel","INTERNATIONAL","N SERIES",3
"Campervans","Diesel","INTERNATIONAL","N1630",0
"Campervans","Diesel","INTERNATIONAL","S SERIES",0
"Campervans","Diesel","INTERNATIONAL","SCOUT",0
"Campervans","Diesel","INTERNATIONAL","TRANSTAR",0
"Campervans","Diesel","INTERNATIONAL","UNKNOWN",22
"Campervans","Diesel","IRISBUS","UNKNOWN",0
"Campervans","Diesel","ISUZU","D-MAX",15
"Campervans","Diesel","ISUZU","ELF",142
"Campervans","Diesel","ISUZU","F SERIES",0
"Campervans","Diesel","ISUZU","FRD",0
"Campervans","Diesel","ISUZU","FRR",53
"Campervans","Diesel","ISUZU","FSD",0
"Campervans","Diesel","ISUZU","FSR",50
"Campervans","Diesel","ISUZU","FSS",8
"Campervans","Diesel","ISUZU","FTR",4
"Campervans","Diesel","ISUZU","FTS",33
"Campervans","Diesel","ISUZU","FVD",6
"Campervans","Diesel","ISUZU","FVL",3
"Campervans","Diesel","ISUZU","FVR",7
"Campervans","Diesel","ISUZU","FVZ",3
"Campervans","Diesel","ISUZU","FXR",0
"Campervans","Diesel","ISUZU","JCS",0
"Campervans","Diesel","ISUZU","KS",5
"Campervans","Diesel","ISUZU","LT1 BUS",42
"Campervans","Diesel","ISUZU","MU-X",3
"Campervans","Diesel","ISUZU","NKR",20
"Campervans","Diesel","ISUZU","NLS",3
"Campervans","Diesel","ISUZU","NNR",3
"Campervans","Diesel","ISUZU","NPR",731
"Campervans","Diesel","ISUZU","NPS",332
"Campervans","Diesel","ISUZU","NQR",731
"Campervans","Diesel","ISUZU","SBR",12
"Campervans","Diesel","ISUZU","SCR",0
"Campervans","Diesel","ISUZU","SCR420",0
"Campervans","Diesel","ISUZU","TLD",0
"Campervans","Diesel","ISUZU","UNKNOWN",70
"Campervans","Diesel","IVECO","2350G",0
"Campervans","Diesel","IVECO","DAILY",6295
"Campervans","Diesel","IVECO","DELTA",4
"Campervans","Diesel","IVECO","EUROCARGO",23
"Campervans","Diesel","IVECO","EUROTECH",3
"Campervans","Diesel","IVECO","ML100",0
"Campervans","Diesel","IVECO","ML160",4
"Campervans","Diesel","IVECO","STRALIS",4
"Campervans","Diesel","IVECO","UNKNOWN",14
"Campervans","Diesel","JAC","J75",0
"Campervans","Diesel","KASSBOHRER","UNKNOWN",4
"Campervans","Diesel","KENWORTH","K124",0
"Campervans","Diesel","KENWORTH","K125",0
"Campervans","Diesel","KENWORTH","K200",0
"Campervans","Diesel","KENWORTH","T300",3
"Campervans","Diesel","KENWORTH","T350",0
"Campervans","Diesel","KENWORTH","T401",3
"Campervans","Diesel","KENWORTH","T410",3
"Campervans","Diesel","KENWORTH","T950",3
"Campervans","Diesel","KENWORTH","UNKNOWN",3
"Campervans","Diesel","KIA","CERES",3
"Campervans","Diesel","KIA","K2700",13
"Campervans","Diesel","KIA","K2900",0
"Campervans","Diesel","KIA","PREGIO",35
"Campervans","Diesel","KIA","SORENTO",3
"Campervans","Diesel","KIA","UNKNOWN",0
"Campervans","Diesel","KING LONG","6900AU",0
"Campervans","Diesel","LAND ROVER","2A",0
"Campervans","Diesel","LAND ROVER","DEFENDER",12
"Campervans","Diesel","LAND ROVER","PERENTIE",6
"Campervans","Diesel","LAND ROVER","SERIES 3",0
"Campervans","Diesel","LAND ROVER","UNKNOWN",6
"Campervans","Diesel","LDV","DELIVER 9",575
"Campervans","Diesel","LDV","G10",4
"Campervans","Diesel","LDV","V80",32
"Campervans","Diesel","LEYLAND","BOXER",3
"Campervans","Diesel","LEYLAND","CHIEFTAIN",0
"Campervans","Diesel","LEYLAND","TIGER",9
"Campervans","Diesel","LEYLAND","UNKNOWN",74
"Campervans","Diesel","MACK","CHR SERIES",3
"Campervans","Diesel","MACK","CMMR SERIES",3
"Campervans","Diesel","MACK","MANAGER",0
"Campervans","Diesel","MACK","MIDLINER",3
"Campervans","Diesel","MACK","MIDLUM",3
"Campervans","Diesel","MACK","PREMIUM",5
"Campervans","Diesel","MACK","QUANTUM",0
"Campervans","Diesel","MACK","R686",0
"Campervans","Diesel","MACK","RM686",3
"Campervans","Diesel","MACK","TRIDENT",3
"Campervans","Diesel","MACK","UNKNOWN",0
"Campervans","Diesel","MAN","10. SERIES",10
"Campervans","Diesel","MAN","12. SERIES",3
"Campervans","Diesel","MAN","15. SERIES",3
"Campervans","Diesel","MAN","16. SERIES",6
"Campervans","Diesel","MAN","18. SERIES",14
"Campervans","Diesel","MAN","22. SERIES",3
"Campervans","Diesel","MAN","L2000",4
"Campervans","Diesel","MAN","LM2000",3
"Campervans","Diesel","MAN","NL202",3
"Campervans","Diesel","MAN","ROADCRUISER",0
"Campervans","Diesel","MAN","SL200",5
"Campervans","Diesel","MAN","TGL",3
"Campervans","Diesel","MAN","TGM",48
"Campervans","Diesel","MAN","TGS",0
"Campervans","Diesel","MAN","TGX",3
"Campervans","Diesel","MAN","UNKNOWN",56
"Campervans","Diesel","MAZDA","B2500",5
"Campervans","Diesel","MAZDA","B3000",22
"Campervans","Diesel","MAZDA","B3200",3
"Campervans","Diesel","MAZDA","BONGO",154
"Campervans","Diesel","MAZDA","E2000",0
"Campervans","Diesel","MAZDA","E2200",42
"Campervans","Diesel","MAZDA","E2500",88
"Campervans","Diesel","MAZDA","PARKWAY",11
"Campervans","Diesel","MAZDA","T3000",107
"Campervans","Diesel","MAZDA","T3500",571
"Campervans","Diesel","MAZDA","T4000",334
"Campervans","Diesel","MAZDA","T4100",6
"Campervans","Diesel","MAZDA","T4600",311
"Campervans","Diesel","MAZDA","TITAN",0
"Campervans","Diesel","MAZDA","UNKNOWN",81
"Campervans","Diesel","MCA","UNKNOWN",27
"Campervans","Diesel","MCI","UNKNOWN",3
"Campervans","Diesel","MERCEDES-BENZ","1217",0
"Campervans","Diesel","MERCEDES-BENZ","1222",0
"Campervans","Diesel","MERCEDES-BENZ","1418",3
"Campervans","Diesel","MERCEDES-BENZ","1422",3
"Campervans","Diesel","MERCEDES-BENZ","1517",0
"Campervans","Diesel","MERCEDES-BENZ","1617",6
"Campervans","Diesel","MERCEDES-BENZ","1621",6
"Campervans","Diesel","MERCEDES-BENZ","300",0
"Campervans","Diesel","MERCEDES-BENZ","709",8
"Campervans","Diesel","MERCEDES-BENZ","912",21
"Campervans","Diesel","MERCEDES-BENZ","ACTROS",6
"Campervans","Diesel","MERCEDES-BENZ","AROCS",0
"Campervans","Diesel","MERCEDES-BENZ","ATEGO",16
"Campervans","Diesel","MERCEDES-BENZ","AXOR",3
"Campervans","Diesel","MERCEDES-BENZ","G300",3
"Campervans","Diesel","MERCEDES-BENZ","LA911",3
"Campervans","Diesel","MERCEDES-BENZ","LO812",62
"Campervans","Diesel","MERCEDES-BENZ","LO814",36
"Campervans","Diesel","MERCEDES-BENZ","MB100",37
"Campervans","Diesel","MERCEDES-BENZ","MB140",31
"Campervans","Diesel","MERCEDES-BENZ","O303",7
"Campervans","Diesel","MERCEDES-BENZ","O400",4
"Campervans","Diesel","MERCEDES-BENZ","O404",3
"Campervans","Diesel","MERCEDES-BENZ","O405",15
"Campervans","Diesel","MERCEDES-BENZ","O500",3
"Campervans","Diesel","MERCEDES-BENZ","OH SERIES",5
"Campervans","Diesel","MERCEDES-BENZ","OH1316",17
"Campervans","Diesel","MERCEDES-BENZ","OH1418",90
"Campervans","Diesel","MERCEDES-BENZ","OH1421",8
"Campervans","Diesel","MERCEDES-BENZ","OH1621",0
"Campervans","Diesel","MERCEDES-BENZ","OH1627",0
"Campervans","Diesel","MERCEDES-BENZ","OH1630",3
"Campervans","Diesel","MERCEDES-BENZ","OH1725",4
"Campervans","Diesel","MERCEDES-BENZ","OH1728",4
"Campervans","Diesel","MERCEDES-BENZ","OH1830",0
"Campervans","Diesel","MERCEDES-BENZ","SPRINTER",10803
"Campervans","Diesel","MERCEDES-BENZ","UNIMOG",62
"Campervans","Diesel","MERCEDES-BENZ","UNKNOWN",99
"Campervans","Diesel","MERCEDES-BENZ","V-CLASS",22
"Campervans","Diesel","MERCEDES-BENZ","VARIO",27
"Campervans","Diesel","MERCEDES-BENZ","VIANO",0
"Campervans","Diesel","MERCEDES-BENZ","VITO",28
"Campervans","Diesel","MITSUBISHI","CANTER",352
"Campervans","Diesel","MITSUBISHI","DELICA",30
"Campervans","Diesel","MITSUBISHI","EXPRESS",3
"Campervans","Diesel","MITSUBISHI","FE SERIES",0
"Campervans","Diesel","MITSUBISHI","FE211",3
"Campervans","Diesel","MITSUBISHI","FG SERIES",43
"Campervans","Diesel","MITSUBISHI","FH SERIES",0
"Campervans","Diesel","MITSUBISHI","FK SERIES",44
"Campervans","Diesel","MITSUBISHI","FK102",0
"Campervans","Diesel","MITSUBISHI","FK115",4
"Campervans","Diesel","MITSUBISHI","FK418",3
"Campervans","Diesel","MITSUBISHI","FM SERIES",3
"Campervans","Diesel","MITSUBISHI","FM515",3
"Campervans","Diesel","MITSUBISHI","MK SERIES",5
"Campervans","Diesel","MITSUBISHI","MK117",15
"Campervans","Diesel","MITSUBISHI","ROSA",88
"Campervans","Diesel","MITSUBISHI","TRITON",15
"Campervans","Diesel","MITSUBISHI","UNKNOWN",182
"Campervans","Diesel","MOLLARD","UNKNOWN",3
"Campervans","Diesel","MONACO","UNKNOWN",3
"Campervans","Diesel","MONACO EXECUTIVE","UNKNOWN",3
"Campervans","Diesel","MOTOR COACH BUSES","UNKNOWN",0
"Campervans","Diesel","MOTORCOACH","UNKNOWN",9
"Campervans","Diesel","NEWELL","UNKNOWN",0
"Campervans","Diesel","NISSAN","ATLAS",12
"Campervans","Diesel","NISSAN","CABSTAR",12
"Campervans","Diesel","NISSAN","CARAVAN",3
"Campervans","Diesel","NISSAN","CIVILIAN",738
"Campervans","Diesel","NISSAN","CK SERIES",0
"Campervans","Diesel","NISSAN","CM SERIES",9
"Campervans","Diesel","NISSAN","CMA SERIES",0
"Campervans","Diesel","NISSAN","CPB SERIES",0
"Campervans","Diesel","NISSAN","E25",0
"Campervans","Diesel","NISSAN","ELGRAND",151
"Campervans","Diesel","NISSAN","HOMY",4
"Campervans","Diesel","NISSAN","NAVARA",15
"Campervans","Diesel","NISSAN","NV350",6
"Campervans","Diesel","NISSAN","PATROL",12
"Campervans","Diesel","NISSAN","SILVIA",3
"Campervans","Diesel","NISSAN","UNKNOWN",53
"Campervans","Diesel","NISSAN","URVAN",67
"Campervans","Diesel","OKA","LT SERIES",21
"Campervans","Diesel","OKA","UNKNOWN",25
"Campervans","Diesel","OKA","XT SERIES",12
"Campervans","Diesel","OSHKOSH","UNKNOWN",6
"Campervans","Diesel","PEUGEOT","BOXER",17
"Campervans","Diesel","PEUGEOT","SUPER SONIC",3
"Campervans","Diesel","PMC","UNKNOWN",7
"Campervans","Diesel","PREVOST","UNKNOWN",0
"Campervans","Diesel","RAMBLER","UNKNOWN",3
"Campervans","Diesel","RENAULT","KANGOO",0
"Campervans","Diesel","RENAULT","MASTER",2993
"Campervans","Diesel","RENAULT","MIDLUM",3
"Campervans","Diesel","RENAULT","MRC",3
"Campervans","Diesel","RENAULT","PR100",3
"Campervans","Diesel","RENAULT","TRAFIC",47
"Campervans","Diesel","RENAULT","UNKNOWN",3
"Campervans","Diesel","RFW","UNKNOWN",3
"Campervans","Diesel","ROADMASTER","UNKNOWN",74
"Campervans","Diesel","ROCKWOOD RV","UNKNOWN",3
"Campervans","Diesel","SAFARI","UNKNOWN",3
"Campervans","Diesel","SCANIA","112",0
"Campervans","Diesel","SCANIA","G SERIES",4
"Campervans","Diesel","SCANIA","K CHASSIS",64
"Campervans","Diesel","SCANIA","L SERIES",6
"Campervans","Diesel","SCANIA","N SERIES",3
"Campervans","Diesel","SCANIA","P SERIES",8
"Campervans","Diesel","SCANIA","R SERIES",0
"Campervans","Diesel","SCANIA","T SERIES",0
"Campervans","Diesel","SCANIA","UNKNOWN",11
"Campervans","Diesel","SETRA","UNKNOWN",3
"Campervans","Diesel","SPARTAN","UNKNOWN",64
"Campervans","Diesel","SPORTS COACH","UNKNOWN",4
"Campervans","Diesel","STERLING","AT9500",3
"Campervans","Diesel","STERLING","UNKNOWN",3
"Campervans","Diesel","STONEY CREEK CAMPERS","UNKNOWN",0
"Campervans","Diesel","SWAGMAN RV","UNKNOWN",0
"Campervans","Diesel","TATRA","OTA T815-2 4X4",3
"Campervans","Diesel","TATRA","T158",0
"Campervans","Diesel","TATRA","UNKNOWN",0
"Campervans","Diesel","TIFFIN MOTOR","ALLEGRO BREEZE",90
"Campervans","Diesel","TOYOTA","CAMROAD",114
"Campervans","Diesel","TOYOTA","COASTER",4992
"Campervans","Diesel","TOYOTA","COMMUTER",463
"Campervans","Diesel","TOYOTA","DYNA",148
"Campervans","Diesel","TOYOTA","ESTIMA",16
"Campervans","Diesel","TOYOTA","GRANVIA",44
"Campervans","Diesel","TOYOTA","HIACE",3658
"Campervans","Diesel","TOYOTA","HILUX",1023
"Campervans","Diesel","TOYOTA","LANDCRUISER",694
"Campervans","Diesel","TOYOTA","LITEACE",6
"Campervans","Diesel","TOYOTA","REGIUS",97
"Campervans","Diesel","TOYOTA","SURF",0
"Campervans","Diesel","TOYOTA","TARAGO",3
"Campervans","Diesel","TOYOTA","TOWNACE",7
"Campervans","Diesel","TOYOTA","TOYOACE",0
"Campervans","Diesel","TOYOTA","TROOP CARRIER",0
"Campervans","Diesel","TOYOTA","UNKNOWN",119
"Campervans","Diesel","UD","CMF SERIES",12
"Campervans","Diesel","UD","CONDOR",3
"Campervans","Diesel","UD","CRONER",0
"Campervans","Diesel","UD","CWB SERIES",3
"Campervans","Diesel","UD","MKA SERIES",3
"Campervans","Diesel","UD","MKB SERIES",24
"Campervans","Diesel","UD","PKC SERIES",4
"Campervans","Diesel","UD","QUON",0
"Campervans","Diesel","UD","RB30",6
"Campervans","Diesel","UD","RB31",7
"Campervans","Diesel","UD","UNKNOWN",0
"Campervans","Diesel","UNKNOWN","UNKNOWN",41
"Campervans","Diesel","VANTECH TOYOTA","UNKNOWN",0
"Campervans","Diesel","VAUXHALL","UNKNOWN",0
"Campervans","Diesel","VISCOUNT CARAVANS","UNKNOWN",0
"Campervans","Diesel","VOGUE","UNKNOWN",6
"Campervans","Diesel","VOLGREN","UNKNOWN",3
"Campervans","Diesel","VOLKSWAGEN","AMAROK",5
"Campervans","Diesel","VOLKSWAGEN","CADDY",14
"Campervans","Diesel","VOLKSWAGEN","CALIFORNIA",121
"Campervans","Diesel","VOLKSWAGEN","CAMPERVAN",4
"Campervans","Diesel","VOLKSWAGEN","CARAVELLE",5
"Campervans","Diesel","VOLKSWAGEN","CRAFTER",1527
"Campervans","Diesel","VOLKSWAGEN","GOLF",0
"Campervans","Diesel","VOLKSWAGEN","KOMBI",5
"Campervans","Diesel","VOLKSWAGEN","LT",49
"Campervans","Diesel","VOLKSWAGEN","LT35",161
"Campervans","Diesel","VOLKSWAGEN","MULTIVAN",14
"Campervans","Diesel","VOLKSWAGEN","TIGUAN",3
"Campervans","Diesel","VOLKSWAGEN","TOUAREG",0
"Campervans","Diesel","VOLKSWAGEN","TRANSPORTER",2662
"Campervans","Diesel","VOLKSWAGEN","UNKNOWN",51
"Campervans","Diesel","VOLVO","B10",39
"Campervans","Diesel","VOLVO","B10B",0
"Campervans","Diesel","VOLVO","B10L",3
"Campervans","Diesel","VOLVO","B10M",33
"Campervans","Diesel","VOLVO","B11R",0
"Campervans","Diesel","VOLVO","B12",8
"Campervans","Diesel","VOLVO","B58",23
"Campervans","Diesel","VOLVO","B6",13
"Campervans","Diesel","VOLVO","B7R",8
"Campervans","Diesel","VOLVO","F7",3
"Campervans","Diesel","VOLVO","FE",8
"Campervans","Diesel","VOLVO","FH",3
"Campervans","Diesel","VOLVO","FL",3
"Campervans","Diesel","VOLVO","FL6",3
"Campervans","Diesel","VOLVO","FM",3
"Campervans","Diesel","VOLVO","UNKNOWN",22
"Campervans","Diesel","WHITE","UNKNOWN",3
"Campervans","Diesel","WINNEBAGO","UNKNOWN",5
"Campervans","Diesel","WORKHORSE","P-SERIES",42
"Campervans","Diesel","WORKHORSE","P SERIES",23
"Campervans","Diesel","WORKHORSE","UNKNOWN",14
"Campervans","Diesel","YUTONG","UNKNOWN",3
"Campervans","Diesel","YUTONG","ZK6930",3
"Campervans","Diesel","ZHONG TONG","UNKNOWN",20
"Campervans","Dual fuel","AUSTIN","UNKNOWN",3
"Campervans","Dual fuel","BEDFORD","B SERIES",0
"Campervans","Dual fuel","BEDFORD","CF",12
"Campervans","Dual fuel","BEDFORD","FJ",3
"Campervans","Dual fuel","BEDFORD","J SERIES",0
"Campervans","Dual fuel","BEDFORD","SB",0
"Campervans","Dual fuel","BEDFORD","UNKNOWN",25
"Campervans","Dual fuel","CHEVROLET","G20",3
"Campervans","Dual fuel","CHEVROLET","KODIAK",3
"Campervans","Dual fuel","CHEVROLET","UNKNOWN",5
"Campervans","Dual fuel","CHEVRON CARAVAN CAMPER AND MOTOR HOME","UNKNOWN",3
"Campervans","Dual fuel","COACHMEN","MIRADA",76
"Campervans","Dual fuel","DODGE","D400",0
"Campervans","Dual fuel","DODGE","D5N",0
"Campervans","Dual fuel","DODGE","UNKNOWN",3
"Campervans","Dual fuel","FIAT","DUCATO",11
"Campervans","Dual fuel","FORD","COURIER",3
"Campervans","Dual fuel","FORD","D SERIES",0
"Campervans","Dual fuel","FORD","ECONOLINE",3
"Campervans","Dual fuel","FORD","ECONOVAN",16
"Campervans","Dual fuel","FORD","EXPLORER",0
"Campervans","Dual fuel","FORD","F SERIES",0
"Campervans","Dual fuel","FORD","F100",3
"Campervans","Dual fuel","FORD","F150",3
"Campervans","Dual fuel","FORD","F250",3
"Campervans","Dual fuel","FORD","F350",4
"Campervans","Dual fuel","FORD","F450",0
"Campervans","Dual fuel","FORD","FALCON",5
"Campervans","Dual fuel","FORD","MIRADA",16
"Campervans","Dual fuel","FORD","RANGER",0
"Campervans","Dual fuel","FORD","TRADER",3
"Campervans","Dual fuel","FORD","TRANSIT",22
"Campervans","Dual fuel","FORD","UNKNOWN",11
"Campervans","Dual fuel","GMC","UNKNOWN",0
"Campervans","Dual fuel","HINO","AM100",0
"Campervans","Dual fuel","HINO","FD",0
"Campervans","Dual fuel","HINO","RAINBOW",0
"Campervans","Dual fuel","HOLDEN","BEDFORD",0
"Campervans","Dual fuel","HOLDEN","COMMODORE",3
"Campervans","Dual fuel","HOLDEN","HJ SERIES",3
"Campervans","Dual fuel","HOLDEN","RODEO",5
"Campervans","Dual fuel","INTERNATIONAL","ACCO",3
"Campervans","Dual fuel","INTERNATIONAL","D SERIES",0
"Campervans","Dual fuel","ISUZU","FTS",3
"Campervans","Dual fuel","ISUZU","NPR",5
"Campervans","Dual fuel","ISUZU","NPS",3
"Campervans","Dual fuel","ISUZU","NQR",5
"Campervans","Dual fuel","IVECO","DAILY",22
"Campervans","Dual fuel","JEEP","J20",0
"Campervans","Dual fuel","LAND ROVER","DEFENDER",3
"Campervans","Dual fuel","LDV","DELIVER 9",0
"Campervans","Dual fuel","LEYLAND","UNKNOWN",0
"Campervans","Dual fuel","MALLARD","UNKNOWN",3
"Campervans","Dual fuel","MAN","10. SERIES",0
"Campervans","Dual fuel","MAZDA","B2600",11
"Campervans","Dual fuel","MAZDA","BONGO",0
"Campervans","Dual fuel","MAZDA","E2000",33
"Campervans","Dual fuel","MAZDA","E2500",3
"Campervans","Dual fuel","MAZDA","T3000",3
"Campervans","Dual fuel","MAZDA","T3500",3
"Campervans","Dual fuel","MAZDA","T4000",0
"Campervans","Dual fuel","MAZDA","T4100",3
"Campervans","Dual fuel","MAZDA","T4600",0
"Campervans","Dual fuel","MAZDA","UNKNOWN",3
"Campervans","Dual fuel","MERCEDES-BENZ","ATEGO",0
"Campervans","Dual fuel","MERCEDES-BENZ","LO812",0
"Campervans","Dual fuel","MERCEDES-BENZ","OH1421",0
"Campervans","Dual fuel","MERCEDES-BENZ","SPRINTER",14
"Campervans","Dual fuel","MERCEDES-BENZ","UNKNOWN",0
"Campervans","Dual fuel","MITSUBISHI","CANTER",4
"Campervans","Dual fuel","MITSUBISHI","DELICA",3
"Campervans","Dual fuel","MITSUBISHI","EXPRESS",0
"Campervans","Dual fuel","MITSUBISHI","L300 EXPRESS",0
"Campervans","Dual fuel","MITSUBISHI","TRITON",4
"Campervans","Dual fuel","NISSAN","CIVILIAN",3
"Campervans","Dual fuel","NISSAN","ELGRAND",26
"Campervans","Dual fuel","NISSAN","NAVARA",0
"Campervans","Dual fuel","NISSAN","PATROL",0
"Campervans","Dual fuel","NISSAN","UNKNOWN",5
"Campervans","Dual fuel","NISSAN","URVAN",14
"Campervans","Dual fuel","OKA","LT SERIES",0
"Campervans","Dual fuel","RENAULT","MASTER",0
"Campervans","Dual fuel","ROADMASTER","UNKNOWN",0
"Campervans","Dual fuel","TOYOTA","COASTER",59
"Campervans","Dual fuel","TOYOTA","COMMUTER",17
"Campervans","Dual fuel","TOYOTA","DYNA",10
"Campervans","Dual fuel","TOYOTA","ESTIMA",28
"Campervans","Dual fuel","TOYOTA","HIACE",135
"Campervans","Dual fuel","TOYOTA","HILUX",24
"Campervans","Dual fuel","TOYOTA","LANDCRUISER",6
"Campervans","Dual fuel","TOYOTA","REGIUS",4
"Campervans","Dual fuel","TOYOTA","TOWNACE",0
"Campervans","Dual fuel","TOYOTA","TOYOACE",0
"Campervans","Dual fuel","TOYOTA","UNKNOWN",19
"Campervans","Dual fuel","UNKNOWN","UNKNOWN",3
"Campervans","Dual fuel","VOLKSWAGEN","CRAFTER",0
"Campervans","Dual fuel","VOLKSWAGEN","KOMBI",0
"Campervans","Dual fuel","VOLKSWAGEN","TRANSPORTER",6
"Campervans","Dual fuel","VOLVO","B10",0
"Campervans","Dual fuel","WINNEBAGO","UNKNOWN",0
"Campervans","Hybrid electric","TOYOTA","ALPHARD",4
"Campervans","Hybrid electric","TOYOTA","ESTIMA",103
"Campervans","Hybrid electric","TOYOTA","VELLFIRE",3
"Campervans","Battery/Fuel-cell electric","JAYCO","UNKNOWN",0
"Campervans","Battery/Fuel-cell electric","NISSAN","E-NV200",0
"Campervans","Battery/Fuel-cell electric","UNKNOWN","UNKNOWN",0
"Campervans","Battery/Fuel-cell electric","VOLKSWAGEN","KOMBI",3
"Campervans","Battery/Fuel-cell electric","VOLKSWAGEN","TRANSPORTER",0
"Campervans","Other","AUSTRACK","UNKNOWN",3
"Campervans","Other","BEDFORD","CF",4
"Campervans","Other","BEDFORD","SB",3
"Campervans","Other","BEDFORD","UNKNOWN",6
"Campervans","Other","CHEVROLET","UNKNOWN",0
"Campervans","Other","COACHMEN","MIRADA",0
"Campervans","Other","DODGE","AT4",0
"Campervans","Other","FORD","ECONOVAN",0
"Campervans","Other","FORD","F100",3
"Campervans","Other","FORD","F250",0
"Campervans","Other","FORD","F350",3
"Campervans","Other","FORD","FALCON",3
"Campervans","Other","FORD","TRANSIT",3
"Campervans","Other","FORD","UNKNOWN",0
"Campervans","Other","FRANKLIN CARAVANS","UNKNOWN",3
"Campervans","Other","HOLDEN","BEDFORD",0
"Campervans","Other","HOLDEN","RODEO",3
"Campervans","Other","ISUZU","NPR",0
"Campervans","Other","IVECO","DAILY",3
"Campervans","Other","JAYCO","UNKNOWN",4
"Campervans","Other","LEYLAND","UNKNOWN",0
"Campervans","Other","MALLARD","UNKNOWN",3
"Campervans","Other","MAZDA","B2600",0
"Campervans","Other","MAZDA","E2000",8
"Campervans","Other","MAZDA","T3000",3
"Campervans","Other","MAZDA","T3500",3
"Campervans","Other","MILLARD CARAVANS","UNKNOWN",3
"Campervans","Other","MITSUBISHI","EXPRESS",3
"Campervans","Other","MITSUBISHI","TRITON",0
"Campervans","Other","NISSAN","CIVILIAN",0
"Campervans","Other","NISSAN","URVAN",5
"Campervans","Other","OUTBACK","UNKNOWN",0
"Campervans","Other","REGENT RV","UNKNOWN",3
"Campervans","Other","ROADSTAR CARAVANS","UNKNOWN",0
"Campervans","Other","ROMA CARAVANS","UNKNOWN",0
"Campervans","Other","SUPREME","UNKNOWN",3
"Campervans","Other","TOYOTA","COASTER",14
"Campervans","Other","TOYOTA","COMMUTER",3
"Campervans","Other","TOYOTA","ESTIMA",0
"Campervans","Other","TOYOTA","HIACE",14
"Campervans","Other","TOYOTA","HILUX",4
"Campervans","Other","TOYOTA","UNKNOWN",0
"Campervans","Other","UNKNOWN","UNKNOWN",3
"Campervans","Other","VISCOUNT CARAVANS","UNKNOWN",0
"Campervans","Other","VOLKSWAGEN","TRANSPORTER",3
"Light buses","Petrol","AUSTIN","UNKNOWN",3
"Light buses","Petrol","BEDFORD","B SERIES",0
"Light buses","Petrol","BEDFORD","CF",0
"Light buses","Petrol","BEDFORD","UNKNOWN",0
"Light buses","Petrol","BENTLEY","CONTINENTAL",3
"Light buses","Petrol","BENTLEY","FLYING SPUR",0
"Light buses","Petrol","BENTLEY","S2",0
"Light buses","Petrol","BMW","735",0
"Light buses","Petrol","BMW","M3",0
"Light buses","Petrol","CADILLAC","BROUGHAM",3
"Light buses","Petrol","CADILLAC","DEVILLE",0
"Light buses","Petrol","CADILLAC","ESCALADE",5
"Light buses","Petrol","CHEVROLET","BEL AIR",0
"Light buses","Petrol","CHEVROLET","EXPRESS",0
"Light buses","Petrol","CHEVROLET","G20",0
"Light buses","Petrol","CHEVROLET","UNKNOWN",7
"Light buses","Petrol","CHRYSLER","300",59
"Light buses","Petrol","CUSTOM MADE","UNKNOWN",0
"Light buses","Petrol","DENNIS","UNKNOWN",3
"Light buses","Petrol","DIAMOND T","UNKNOWN",3
"Light buses","Petrol","DODGE","TOURER",0
"Light buses","Petrol","DODGE","UNKNOWN",5
"Light buses","Petrol","FIAT","DUCATO",0
"Light buses","Petrol","FORD","ECONOLINE",3
"Light buses","Petrol","FORD","ECONOVAN",10
"Light buses","Petrol","FORD","F350",0
"Light buses","Petrol","FORD","FAIRLANE",23
"Light buses","Petrol","FORD","FAIRMONT",0
"Light buses","Petrol","FORD","FALCON",5
"Light buses","Petrol","FORD","FIESTA",0
"Light buses","Petrol","FORD","GALAXIE",3
"Light buses","Petrol","FORD","LTD",0
"Light buses","Petrol","FORD","MONDEO",3
"Light buses","Petrol","FORD","TRANSIT",79
"Light buses","Petrol","FORD","UNKNOWN",6
"Light buses","Petrol","FOTON","VIEW",3
"Light buses","Petrol","HAVAL","H9",0
"Light buses","Petrol","HAVAL","JOLION",0
"Light buses","Petrol","HINO","RAINBOW",0
"Light buses","Petrol","HOLDEN","COMMODORE",7
"Light buses","Petrol","HOLDEN","JACKAROO",3
"Light buses","Petrol","HOLDEN","MONARO",3
"Light buses","Petrol","HOLDEN","STATESMAN",22
"Light buses","Petrol","HOLDEN","SUBURBAN",3
"Light buses","Petrol","HOLDEN","UNKNOWN",6
"Light buses","Petrol","HUMMER","H2",3
"Light buses","Petrol","HUMMER","UNKNOWN",0
"Light buses","Petrol","HYUNDAI","IMAX",4
"Light buses","Petrol","HYUNDAI","KONA",0
"Light buses","Petrol","HYUNDAI","VELOSTER",3
"Light buses","Petrol","INTERNATIONAL","UNKNOWN",3
"Light buses","Petrol","JEEP","CHEROKEE",0
"Light buses","Petrol","JEEP","WRANGLER",0
"Light buses","Petrol","KIA","CARNIVAL",3
"Light buses","Petrol","KIA","RIO",0
"Light buses","Petrol","KIA","SORENTO",3
"Light buses","Petrol","LAND ROVER","109",3
"Light buses","Petrol","LAND ROVER","110",3
"Light buses","Petrol","LAND ROVER","2A",10
"Light buses","Petrol","LAND ROVER","COUNTY",3
"Light buses","Petrol","LAND ROVER","DEFENDER",0
"Light buses","Petrol","LAND ROVER","DISCOVERY",3
"Light buses","Petrol","LAND ROVER","ROVER 75",3
"Light buses","Petrol","LAND ROVER","SERIES 1",0
"Light buses","Petrol","LAND ROVER","SERIES 2",0
"Light buses","Petrol","LAND ROVER","SERIES 3",0
"Light buses","Petrol","LAND ROVER","UNKNOWN",23
"Light buses","Petrol","LDV","DELIVER 9",3
"Light buses","Petrol","LDV","G10",3
"Light buses","Petrol","LDV","UNKNOWN",3
"Light buses","Petrol","LDV","V80",3
"Light buses","Petrol","LINCOLN","TOWN CAR",13
"Light buses","Petrol","LINCOLN","UNKNOWN",0
"Light buses","Petrol","MASERATI","QUATTROPORTE",0
"Light buses","Petrol","MAZDA","323",0
"Light buses","Petrol","MAZDA","B2000",3
"Light buses","Petrol","MAZDA","CX-3",0
"Light buses","Petrol","MAZDA","E2000",10
"Light buses","Petrol","MAZDA","MAZDA 3",3
"Light buses","Petrol","MAZDA","MX-5",0
"Light buses","Petrol","MAZDA","T3000",0
"Light buses","Petrol","MAZDA","UNKNOWN",3
"Light buses","Petrol","MERCEDES-BENZ","380SEL",0
"Light buses","Petrol","MERCEDES-BENZ","420SEL",3
"Light buses","Petrol","MERCEDES-BENZ","ML350",3
"Light buses","Petrol","MERCEDES-BENZ","S430",0
"Light buses","Petrol","MERCEDES-BENZ","S500",3
"Light buses","Petrol","MERCEDES-BENZ","SPRINTER",6
"Light buses","Petrol","MITSUBISHI","ASX",0
"Light buses","Petrol","MITSUBISHI","DELICA",3
"Light buses","Petrol","MITSUBISHI","EXPRESS",0
"Light buses","Petrol","MITSUBISHI","MAGNA",0
"Light buses","Petrol","NISSAN","GT-R",0
"Light buses","Petrol","NISSAN","INFINITI",3
"Light buses","Petrol","NISSAN","MAXIMA",0
"Light buses","Petrol","NISSAN","NV350",17
"Light buses","Petrol","NISSAN","PATROL",9
"Light buses","Petrol","NISSAN","PULSAR",0
"Light buses","Petrol","NISSAN","SKYLINE",0
"Light buses","Petrol","NISSAN","UNKNOWN",0
"Light buses","Petrol","NISSAN","URVAN",3
"Light buses","Petrol","NISSAN","X-TRAIL",0
"Light buses","Petrol","PONTIAC","UNKNOWN",0
"Light buses","Petrol","PORSCHE","911",3
"Light buses","Petrol","PORSCHE","928",0
"Light buses","Petrol","PORSCHE","BOXSTER",3
"Light buses","Petrol","RENAULT","CLIO",0
"Light buses","Petrol","RENAULT","KANGOO",0
"Light buses","Petrol","RENAULT","MASTER",6
"Light buses","Petrol","REO","UNKNOWN",0
"Light buses","Petrol","ROLLS-ROYCE","UNKNOWN",3
"Light buses","Petrol","SAAB","UNKNOWN",3
"Light buses","Petrol","STEYR","UNKNOWN",3
"Light buses","Petrol","SUBARU","FORESTER",0
"Light buses","Petrol","SUBARU","XV",3
"Light buses","Petrol","SUZUKI","ALTO",3
"Light buses","Petrol","SUZUKI","APV",0
"Light buses","Petrol","SUZUKI","GRAND VITARA",3
"Light buses","Petrol","SUZUKI","SIERRA",0
"Light buses","Petrol","SUZUKI","VITARA",0
"Light buses","Petrol","TOYOTA","ALPHARD",3
"Light buses","Petrol","TOYOTA","CELICA",3
"Light buses","Petrol","TOYOTA","COASTER",0
"Light buses","Petrol","TOYOTA","COMMODORE",3
"Light buses","Petrol","TOYOTA","COMMUTER",9039
"Light buses","Petrol","TOYOTA","COROLLA",3
"Light buses","Petrol","TOYOTA","CRUISER",0
"Light buses","Petrol","TOYOTA","DYNA",0
"Light buses","Petrol","TOYOTA","ECHO",0
"Light buses","Petrol","TOYOTA","HIACE",1854
"Light buses","Petrol","TOYOTA","LANDCRUISER",251
"Light buses","Petrol","TOYOTA","LITEACE",0
"Light buses","Petrol","TOYOTA","RAV4",0
"Light buses","Petrol","TOYOTA","STARLET",3
"Light buses","Petrol","TOYOTA","TARAGO",0
"Light buses","Petrol","TOYOTA","TOWNACE",0
"Light buses","Petrol","TOYOTA","TROOP CARRIER",4
"Light buses","Petrol","TOYOTA","UNKNOWN",66
"Light buses","Petrol","TOYOTA","VELLFIRE",0
"Light buses","Petrol","UNKNOWN","UNKNOWN",4
"Light buses","Petrol","VOLKSWAGEN","CADDY",4
"Light buses","Petrol","VOLKSWAGEN","CARAVELLE",14
"Light buses","Petrol","VOLKSWAGEN","KOMBI",5
"Light buses","Petrol","VOLKSWAGEN","TRANSPORTER",12
"Light buses","Petrol","VOLKSWAGEN","UNKNOWN",41
"Light buses","Diesel","ALBION","UNKNOWN",0
"Light buses","Diesel","ASIA MOTORS","COMBI",8
"Light buses","Diesel","CHRYSLER","300",71
"Light buses","Diesel","CUMMINS","UNKNOWN",3
"Light buses","Diesel","DAIHATSU","DELTA",3
"Light buses","Diesel","FIAT","DUCATO",31
"Light buses","Diesel","FORD","F250",0
"Light buses","Diesel","FORD","TRANSIT",1576
"Light buses","Diesel","FOTON","AUMARK",3
"Light buses","Diesel","FOTON","VIEW",46
"Light buses","Diesel","FUSO","CANTER",8
"Light buses","Diesel","FUSO","ROSA",4
"Light buses","Diesel","GOLDEN DRAGON","GD 7 SERIES",0
"Light buses","Diesel","HINO","300 SERIES",3
"Light buses","Diesel","HINO","AM100",3
"Light buses","Diesel","HINO","FD",0
"Light buses","Diesel","HINO","RAINBOW",85
"Light buses","Diesel","HINO","RG",3
"Light buses","Diesel","HYUNDAI","IMAX",3
"Light buses","Diesel","HYUNDAI","STARIA",0
"Light buses","Diesel","ISUZU","MU-X",3
"Light buses","Diesel","ISUZU","N SERIES",3
"Light buses","Diesel","ISUZU","NLR",0
"Light buses","Diesel","ISUZU","NLS",30
"Light buses","Diesel","ISUZU","NPR",3
"Light buses","Diesel","ISUZU","NPS",3
"Light buses","Diesel","ISUZU","UNKNOWN",0
"Light buses","Diesel","IVECO","DAILY",59
"Light buses","Diesel","KIA","CARNIVAL",3
"Light buses","Diesel","KIA","K2700",3
"Light buses","Diesel","KIA","PREGIO",7
"Light buses","Diesel","LAND ROVER","109",0
"Light buses","Diesel","LAND ROVER","110",11
"Light buses","Diesel","LAND ROVER","COUNTY",3
"Light buses","Diesel","LAND ROVER","DEFENDER",15
"Light buses","Diesel","LAND ROVER","SERIES 3",0
"Light buses","Diesel","LAND ROVER","UNKNOWN",16
"Light buses","Diesel","LDV","DELIVER 9",1041
"Light buses","Diesel","LDV","UNKNOWN",3
"Light buses","Diesel","LDV","V80",98
"Light buses","Diesel","LEYLAND","RANGE ROVER",3
"Light buses","Diesel","MAZDA","B3200",0
"Light buses","Diesel","MAZDA","PARKWAY",3
"Light buses","Diesel","MAZDA","T3000",5
"Light buses","Diesel","MAZDA","T3500",72
"Light buses","Diesel","MAZDA","UNKNOWN",11
"Light buses","Diesel","MERCEDES-BENZ","1621",3
"Light buses","Diesel","MERCEDES-BENZ","300",0
"Light buses","Diesel","MERCEDES-BENZ","GLE400",0
"Light buses","Diesel","MERCEDES-BENZ","LO812",0
"Light buses","Diesel","MERCEDES-BENZ","MB100",0
"Light buses","Diesel","MERCEDES-BENZ","O500",0
"Light buses","Diesel","MERCEDES-BENZ","SPRINTER",2284
"Light buses","Diesel","MERCEDES-BENZ","V-CLASS",3
"Light buses","Diesel","MERCEDES-BENZ","VITO",7
"Light buses","Diesel","MITSUBISHI","CANTER",3
"Light buses","Diesel","MITSUBISHI","DELICA",0
"Light buses","Diesel","MITSUBISHI","ROSA",3
"Light buses","Diesel","MITSUBISHI","UNKNOWN",3
"Light buses","Diesel","NISSAN","CIVILIAN",41
"Light buses","Diesel","NISSAN","PATROL",0
"Light buses","Diesel","NISSAN","UNKNOWN",0
"Light buses","Diesel","NISSAN","URVAN",7
"Light buses","Diesel","OKA","XT SERIES",0
"Light buses","Diesel","PERENTTI","UNKNOWN",3
"Light buses","Diesel","RENAULT","KANGOO",3
"Light buses","Diesel","RENAULT","MASTER",881
"Light buses","Diesel","RENAULT","TRAFIC",4
"Light buses","Diesel","SCANIA","N SERIES",3
"Light buses","Diesel","SPL TRAIN__SPL TRAINS","UNKNOWN",0
"Light buses","Diesel","TOYOTA","COASTER",92
"Light buses","Diesel","TOYOTA","COMMODORE",0
"Light buses","Diesel","TOYOTA","COMMUTER",28517
"Light buses","Diesel","TOYOTA","CRUISER",0
"Light buses","Diesel","TOYOTA","DYNA",0
"Light buses","Diesel","TOYOTA","GRANVIA",3
"Light buses","Diesel","TOYOTA","HIACE",1943
"Light buses","Diesel","TOYOTA","LANDCRUISER",5425
"Light buses","Diesel","TOYOTA","LANDCRUISER PRADO",0
"Light buses","Diesel","TOYOTA","LITEACE",3
"Light buses","Diesel","TOYOTA","TROOP CARRIER",8
"Light buses","Diesel","TOYOTA","UNKNOWN",86
"Light buses","Diesel","VOLKSWAGEN","AMAROK",3
"Light buses","Diesel","VOLKSWAGEN","CADDY",0
"Light buses","Diesel","VOLKSWAGEN","CARAVELLE",13
"Light buses","Diesel","VOLKSWAGEN","CRAFTER",172
"Light buses","Diesel","VOLKSWAGEN","LT",0
"Light buses","Diesel","VOLKSWAGEN","LT35",3
"Light buses","Diesel","VOLKSWAGEN","MULTIVAN",4
"Light buses","Diesel","VOLKSWAGEN","TRANSPORTER",36
"Light buses","Diesel","VOLKSWAGEN","UNKNOWN",3
"Light buses","Diesel","VOLVO","B58",0
"Light buses","Dual fuel","CADILLAC","UNKNOWN",0
"Light buses","Dual fuel","CHEVROLET","UNKNOWN",0
"Light buses","Dual fuel","FORD","FAIRLANE",0
"Light buses","Dual fuel","FORD","FALCON",0
"Light buses","Dual fuel","FORD","LTD",5
"Light buses","Dual fuel","FORD","UNKNOWN",4
"Light buses","Dual fuel","GRAHAM-PAIGE","UNKNOWN",0
"Light buses","Dual fuel","HINO","RAINBOW",3
"Light buses","Dual fuel","HOLDEN","COMMODORE",0
"Light buses","Dual fuel","HOLDEN","STATESMAN",3
"Light buses","Dual fuel","LAND ROVER","COUNTY",0
"Light buses","Dual fuel","LAND ROVER","DEFENDER",0
"Light buses","Dual fuel","LINCOLN","TOWN CAR",0
"Light buses","Dual fuel","NISSAN","URVAN",0
"Light buses","Dual fuel","RENAULT","MASTER",3
"Light buses","Dual fuel","TOYOTA","COMMUTER",906
"Light buses","Dual fuel","TOYOTA","HIACE",63
"Light buses","Dual fuel","TOYOTA","LANDCRUISER",56
"Light buses","Dual fuel","TOYOTA","UNKNOWN",7
"Light buses","Dual fuel","VOLKSWAGEN","TRANSPORTER",3
"Light buses","Dual fuel","VOLKSWAGEN","UNKNOWN",0
"Light buses","Hybrid electric","TOYOTA","CAMRY",3
"Light buses","Battery/Fuel-cell electric","BCI","UNKNOWN",3
"Light buses","Battery/Fuel-cell electric","EURISE","UNKNOWN",3
"Light buses","Battery/Fuel-cell electric","JOYLONG","HKL SERIES",17
"Light buses","Battery/Fuel-cell electric","MITSUBISHI","MINICAB",3
"Light buses","Battery/Fuel-cell electric","SKYWELL","EC11E",3
"Light buses","Battery/Fuel-cell electric","SKYWELL","UNKNOWN",3
"Light buses","Battery/Fuel-cell electric","TESLA","MODEL X",0
"Light buses","Battery/Fuel-cell electric","UNKNOWN","UNKNOWN",0
"Light buses","Other","BMW","750",3
"Light buses","Other","FORD","FALCON",3
"Light buses","Other","FORD","UNKNOWN",0
"Light buses","Other","MAZDA","PARKWAY",3
"Light buses","Other","PONTIAC","UNKNOWN",3
"Light buses","Other","TOYOTA","COASTER",3
"Light buses","Other","TOYOTA","COMMUTER",29
"Light buses","Other","TOYOTA","HIACE",4
"Light buses","Other","TOYOTA","LANDCRUISER",7
"Light buses","Other","TOYOTA","TROOP CARRIER",0
"Light buses","Other","TOYOTA","UNKNOWN",0
"Light buses","Other","VOLKSWAGEN","KOMBI",0
"Heavy buses","Petrol","ANKAI","UNKNOWN",0
"Heavy buses","Petrol","ARCC","UNKNOWN",3
"Heavy buses","Petrol","ASIA MOTORS","COMBI",3
"Heavy buses","Petrol","AUSTIN","338N",0
"Heavy buses","Petrol","AUSTIN","UNKNOWN",0
"Heavy buses","Petrol","BCI","CITYRIDER",4
"Heavy buses","Petrol","BCI","FBC6127",0
"Heavy buses","Petrol","BCI","JXK6127",0
"Heavy buses","Petrol","BCI","PROMA",0
"Heavy buses","Petrol","BCI","UNKNOWN",0
"Heavy buses","Petrol","BEDFORD","J2",0
"Heavy buses","Petrol","BEDFORD","J3",0
"Heavy buses","Petrol","BEDFORD","SB",0
"Heavy buses","Petrol","BEDFORD","UNKNOWN",19
"Heavy buses","Petrol","BLUEBIRD","UNKNOWN",0
"Heavy buses","Petrol","BONLUCK","UNKNOWN",3
"Heavy buses","Petrol","BRISTOL","UNKNOWN",3
"Heavy buses","Petrol","BUSTECH","UNKNOWN",0
"Heavy buses","Petrol","BUSTECH","XDI",3
"Heavy buses","Petrol","CADILLAC","ESCALADE",0
"Heavy buses","Petrol","CADILLAC","UNKNOWN",3
"Heavy buses","Petrol","CHALLENGER","UNKNOWN",0
"Heavy buses","Petrol","CHEVROLET","SILVERADO",3
"Heavy buses","Petrol","CHEVROLET","UNKNOWN",3
"Heavy buses","Petrol","COMMER","UNKNOWN",3
"Heavy buses","Petrol","CUMMINS","UNKNOWN",3
"Heavy buses","Petrol","DAEWOO","OMNIBUS",3
"Heavy buses","Petrol","DAEWOO","UNKNOWN",3
"Heavy buses","Petrol","DAF","UNKNOWN",3
"Heavy buses","Petrol","DENNING","UNKNOWN",0
"Heavy buses","Petrol","DENNIS","UNKNOWN",33
"Heavy buses","Petrol","DODGE","UNKNOWN",3
"Heavy buses","Petrol","FIAT","DUCATO",3
"Heavy buses","Petrol","FORD","COURIER",0
"Heavy buses","Petrol","FORD","FALCON",0
"Heavy buses","Petrol","FORD","TRANSIT",4
"Heavy buses","Petrol","FORD","UNKNOWN",10
"Heavy buses","Petrol","FUSO","CANTER",0
"Heavy buses","Petrol","FUSO","ROSA",61
"Heavy buses","Petrol","HIGER","R SERIES",0
"Heavy buses","Petrol","HIGER","T SERIES 12M",3
"Heavy buses","Petrol","HIGER","UNKNOWN",5
"Heavy buses","Petrol","HINO","BD186",0
"Heavy buses","Petrol","HINO","CM277",0
"Heavy buses","Petrol","HINO","FD",3
"Heavy buses","Petrol","HINO","HX",3
"Heavy buses","Petrol","HINO","RAINBOW",3
"Heavy buses","Petrol","HINO","RG",3
"Heavy buses","Petrol","HINO","UNKNOWN",0
"Heavy buses","Petrol","HUMMER","H2",110
"Heavy buses","Petrol","INTERNATIONAL","ACCO 1810",0
"Heavy buses","Petrol","INTERNATIONAL","DELTA",0
"Heavy buses","Petrol","INTERNATIONAL","UNKNOWN",3
"Heavy buses","Petrol","IRISBUS","MRC",0
"Heavy buses","Petrol","IRISBUS","UNKNOWN",0
"Heavy buses","Petrol","ISUZU","FSR",0
"Heavy buses","Petrol","ISUZU","NPR",3
"Heavy buses","Petrol","ISUZU","NQR",3
"Heavy buses","Petrol","IVECO","DAILY",3
"Heavy buses","Petrol","IVECO","DELTA",0
"Heavy buses","Petrol","IVECO","EUROMIDI",0
"Heavy buses","Petrol","IVECO","METROTEC",0
"Heavy buses","Petrol","IVECO","ROAD CRUISER",3
"Heavy buses","Petrol","IVECO","UNKNOWN",0
"Heavy buses","Petrol","KING LONG","6120BS",0
"Heavy buses","Petrol","KING LONG","6911AY",3
"Heavy buses","Petrol","KING LONG","UNKNOWN",5
"Heavy buses","Petrol","LAND ROVER","109",3
"Heavy buses","Petrol","LEYLAND","UNKNOWN",4
"Heavy buses","Petrol","MAN","12. SERIES",3
"Heavy buses","Petrol","MAN","18. SERIES",25
"Heavy buses","Petrol","MAN","NL202",18
"Heavy buses","Petrol","MAN","NL232",8
"Heavy buses","Petrol","MAN","UNKNOWN",7
"Heavy buses","Petrol","MAZDA","T3500",3
"Heavy buses","Petrol","MERCEDES-BENZ","AROCS",0
"Heavy buses","Petrol","MERCEDES-BENZ","AXOR",0
"Heavy buses","Petrol","MERCEDES-BENZ","O404",0
"Heavy buses","Petrol","MERCEDES-BENZ","O405",0
"Heavy buses","Petrol","MERCEDES-BENZ","O500",6
"Heavy buses","Petrol","MERCEDES-BENZ","OH1621",3
"Heavy buses","Petrol","MERCEDES-BENZ","OH1725",0
"Heavy buses","Petrol","MERCEDES-BENZ","OH1830",0
"Heavy buses","Petrol","MERCEDES-BENZ","UNKNOWN",12
"Heavy buses","Petrol","MERCEDES-BENZ","VARIO",0
"Heavy buses","Petrol","NISSAN","CIVILIAN",5
"Heavy buses","Petrol","OPTARE","UNKNOWN",7
"Heavy buses","Petrol","SCANIA","K CHASSIS",31
"Heavy buses","Petrol","SCANIA","L SERIES",36
"Heavy buses","Petrol","STUDEBAKER","US6",0
"Heavy buses","Petrol","TOYOTA","COASTER",244
"Heavy buses","Petrol","TOYOTA","COMMUTER",0
"Heavy buses","Petrol","TOYOTA","UNKNOWN",7
"Heavy buses","Petrol","VOLVO","B10B",3
"Heavy buses","Petrol","VOLVO","B10M",0
"Heavy buses","Petrol","VOLVO","B12",13
"Heavy buses","Petrol","VOLVO","B13R",0
"Heavy buses","Petrol","VOLVO","B7R",14
"Heavy buses","Petrol","VOLVO","B8R",12
"Heavy buses","Petrol","VOLVO","B9R",0
"Heavy buses","Petrol","VOLVO","UNKNOWN",3
"Heavy buses","Petrol","YUTONG","ZK6129",0
"Heavy buses","Petrol","YUTONG","ZK6760",0
"Heavy buses","Petrol","YUTONG","ZK6772",4
"Heavy buses","Petrol","YUTONG","ZK6930",3
"Heavy buses","Petrol","YUTONG","ZK6938",0
"Heavy buses","Diesel","AEC","UNKNOWN",9
"Heavy buses","Diesel","ALBION","UNKNOWN",0
"Heavy buses","Diesel","ANKAI","UNKNOWN",23
"Heavy buses","Diesel","ANSAIR","UNKNOWN",0
"Heavy buses","Diesel","ANYUAN","UNKNOWN",3
"Heavy buses","Diesel","ASIA MOTORS","COMBI",4
"Heavy buses","Diesel","ASIA MOTORS","COSMOS",20
"Heavy buses","Diesel","ASIA MOTORS","UNKNOWN",35
"Heavy buses","Diesel","AUSTRAL","UNKNOWN",27
"Heavy buses","Diesel","AUTOBUS","UNKNOWN",41
"Heavy buses","Diesel","BCI","CITYRIDER",178
"Heavy buses","Diesel","BCI","CLASSMASTER",19
"Heavy buses","Diesel","BCI","CRUISER",26
"Heavy buses","Diesel","BCI","FBC6104",10
"Heavy buses","Diesel","BCI","FBC6120",39
"Heavy buses","Diesel","BCI","FBC6126",29
"Heavy buses","Diesel","BCI","FBC6127",92
"Heavy buses","Diesel","BCI","FBC6133",19
"Heavy buses","Diesel","BCI","FBC6137",17
"Heavy buses","Diesel","BCI","FBC6145",10
"Heavy buses","Diesel","BCI","FBC6830",11
"Heavy buses","Diesel","BCI","FBC6840",43
"Heavy buses","Diesel","BCI","FBC6850",28
"Heavy buses","Diesel","BCI","FBC6880",33
"Heavy buses","Diesel","BCI","FBC6960",45
"Heavy buses","Diesel","BCI","FLEETMASTER",21
"Heavy buses","Diesel","BCI","JXK6127",175
"Heavy buses","Diesel","BCI","JXK6830",76
"Heavy buses","Diesel","BCI","JXK6930",23
"Heavy buses","Diesel","BCI","JXK6960",27
"Heavy buses","Diesel","BCI","PK6120",16
"Heavy buses","Diesel","BCI","PK6120AG",14
"Heavy buses","Diesel","BCI","PK6127",122
"Heavy buses","Diesel","BCI","PK6127A",155
"Heavy buses","Diesel","BCI","PK6850",54
"Heavy buses","Diesel","BCI","PK6850ARI",19
"Heavy buses","Diesel","BCI","PK6930",63
"Heavy buses","Diesel","BCI","PROMA",23
"Heavy buses","Diesel","BCI","UNKNOWN",589
"Heavy buses","Diesel","BEDFORD","B SERIES",3
"Heavy buses","Diesel","BEDFORD","SB",0
"Heavy buses","Diesel","BEDFORD","TK",3
"Heavy buses","Diesel","BEDFORD","UNKNOWN",12
"Heavy buses","Diesel","BLUEBIRD","UNKNOWN",12
"Heavy buses","Diesel","BONLUCK","COACH 2 AXLE",27
"Heavy buses","Diesel","BONLUCK","UNKNOWN",358
"Heavy buses","Diesel","BOVA","UNKNOWN",3
"Heavy buses","Diesel","BRISTOL","UNKNOWN",0
"Heavy buses","Diesel","BUSTECH","UNKNOWN",584
"Heavy buses","Diesel","BUSTECH","XDI",15
"Heavy buses","Diesel","CHALLENGER","GTK6130A",10
"Heavy buses","Diesel","CHALLENGER","UNKNOWN",22
"Heavy buses","Diesel","CHEVROLET","SILVERADO",0
"Heavy buses","Diesel","CHEVROLET","UNKNOWN",0
"Heavy buses","Diesel","CHIRON","UNKNOWN",5
"Heavy buses","Diesel","COACH CONCEPT","UNKNOWN",4
"Heavy buses","Diesel","COACH CONCEPTS","UNKNOWN",0
"Heavy buses","Diesel","CSEPEL","UNKNOWN",9
"Heavy buses","Diesel","CUMMINS","UNKNOWN",0
"Heavy buses","Diesel","CUSTOM BUS","UNKNOWN",13
"Heavy buses","Diesel","CUSTOM MADE","UNKNOWN",4
"Heavy buses","Diesel","CUSTOMLINE","UNKNOWN",0
"Heavy buses","Diesel","DAEWOO","BH090",14
"Heavy buses","Diesel","DAEWOO","BH117",111
"Heavy buses","Diesel","DAEWOO","BH117 - CHIRON",21
"Heavy buses","Diesel","DAEWOO","OMNIBUS",35
"Heavy buses","Diesel","DAEWOO","UNKNOWN",65
"Heavy buses","Diesel","DAF","UNKNOWN",0
"Heavy buses","Diesel","DAIMLER","UNKNOWN",0
"Heavy buses","Diesel","DENNING","UNKNOWN",535
"Heavy buses","Diesel","DENNIS","UNKNOWN",15
"Heavy buses","Diesel","DIAMOND T","UNKNOWN",3
"Heavy buses","Diesel","DOMINO","UNKNOWN",3
"Heavy buses","Diesel","DONGFENG","EQ6760L5DY",3
"Heavy buses","Diesel","DONGFENG","UNKNOWN",13
"Heavy buses","Diesel","EXPRESS","UNKNOWN",0
"Heavy buses","Diesel","EXPRESS COACH","UNKNOWN",0
"Heavy buses","Diesel","FIAT","DUCATO",12
"Heavy buses","Diesel","FORD","BEARCAT",3
"Heavy buses","Diesel","FORD","F350",0
"Heavy buses","Diesel","FORD","L SERIES",0
"Heavy buses","Diesel","FORD","TRANSIT",21
"Heavy buses","Diesel","FUSO","CANTER",115
"Heavy buses","Diesel","FUSO","FK",14
"Heavy buses","Diesel","FUSO","FM",3
"Heavy buses","Diesel","FUSO","MP",15
"Heavy buses","Diesel","FUSO","ROSA",6650
"Heavy buses","Diesel","GMC","UNKNOWN",6
"Heavy buses","Diesel","GOLDEN DRAGON","GD 7 SERIES",17
"Heavy buses","Diesel","GOLDEN DRAGON","UNKNOWN",6
"Heavy buses","Diesel","GT","UNKNOWN",3
"Heavy buses","Diesel","GUANGTONG","UNKNOWN",5
"Heavy buses","Diesel","GUY MOTORS","UNKNOWN",0
"Heavy buses","Diesel","HIGER","7.7M",13
"Heavy buses","Diesel","HIGER","R-SERIES",23
"Heavy buses","Diesel","HIGER","R SERIES",83
"Heavy buses","Diesel","HIGER","T-SERIES 12M",29
"Heavy buses","Diesel","HIGER","T SERIES 12M",110
"Heavy buses","Diesel","HIGER","UNKNOWN",333
"Heavy buses","Diesel","HIGER","V-SERIES 12.3 COACH",14
"Heavy buses","Diesel","HIGER","V-SERIES 9M",12
"Heavy buses","Diesel","HIGER","V SERIES 9M",107
"Heavy buses","Diesel","HINO","300 SERIES",107
"Heavy buses","Diesel","HINO","AC140",3
"Heavy buses","Diesel","HINO","AC140K",3
"Heavy buses","Diesel","HINO","AK140K",0
"Heavy buses","Diesel","HINO","AK176",7
"Heavy buses","Diesel","HINO","AM100",3
"Heavy buses","Diesel","HINO","BC144",20
"Heavy buses","Diesel","HINO","BD186",11
"Heavy buses","Diesel","HINO","BD190",13
"Heavy buses","Diesel","HINO","CM277",3
"Heavy buses","Diesel","HINO","DUTRO",49
"Heavy buses","Diesel","HINO","FB4J",11
"Heavy buses","Diesel","HINO","FC",4
"Heavy buses","Diesel","HINO","FD",183
"Heavy buses","Diesel","HINO","FE",4
"Heavy buses","Diesel","HINO","FT",3
"Heavy buses","Diesel","HINO","GD",0
"Heavy buses","Diesel","HINO","GH",3
"Heavy buses","Diesel","HINO","GT",64
"Heavy buses","Diesel","HINO","HX",89
"Heavy buses","Diesel","HINO","RAINBOW",11
"Heavy buses","Diesel","HINO","RG",234
"Heavy buses","Diesel","HINO","RH160",0
"Heavy buses","Diesel","HINO","RK",204
"Heavy buses","Diesel","HINO","RN",289
"Heavy buses","Diesel","HINO","UNKNOWN",46
"Heavy buses","Diesel","HUMMER","H1",0
"Heavy buses","Diesel","HUMMER","UNKNOWN",0
"Heavy buses","Diesel","IBC","UNKNOWN",3
"Heavy buses","Diesel","INDEPENDENT CONSTRUCTOR","UNKNOWN",3
"Heavy buses","Diesel","INTERNATIONAL","ACCO",0
"Heavy buses","Diesel","INTERNATIONAL","ACCO 1810",0
"Heavy buses","Diesel","INTERNATIONAL","DELTA",37
"Heavy buses","Diesel","INTERNATIONAL","UNKNOWN",13
"Heavy buses","Diesel","IRISBUS","MRC",10
"Heavy buses","Diesel","IRISBUS","UNKNOWN",75
"Heavy buses","Diesel","ISUZU","FRD",18
"Heavy buses","Diesel","ISUZU","FRR",77
"Heavy buses","Diesel","ISUZU","FSD",4
"Heavy buses","Diesel","ISUZU","FSR",12
"Heavy buses","Diesel","ISUZU","FSS",22
"Heavy buses","Diesel","ISUZU","FTS",75
"Heavy buses","Diesel","ISUZU","FVD",4
"Heavy buses","Diesel","ISUZU","FVR",3
"Heavy buses","Diesel","ISUZU","FXR",0
"Heavy buses","Diesel","ISUZU","KS",0
"Heavy buses","Diesel","ISUZU","LT1 BUS",23
"Heavy buses","Diesel","ISUZU","NLS",0
"Heavy buses","Diesel","ISUZU","NPR",3
"Heavy buses","Diesel","ISUZU","NPS",206
"Heavy buses","Diesel","ISUZU","NQR",154
"Heavy buses","Diesel","ISUZU","UNKNOWN",50
"Heavy buses","Diesel","IVECO","DAILY",116
"Heavy buses","Diesel","IVECO","DELTA",357
"Heavy buses","Diesel","IVECO","EUROCARGO",3
"Heavy buses","Diesel","IVECO","EUROMIDI",30
"Heavy buses","Diesel","IVECO","EURORIDER",77
"Heavy buses","Diesel","IVECO","METROTEC",87
"Heavy buses","Diesel","IVECO","ML100",0
"Heavy buses","Diesel","IVECO","ML150",3
"Heavy buses","Diesel","IVECO","ROAD CRUISER",29
"Heavy buses","Diesel","IVECO","UNKNOWN",155
"Heavy buses","Diesel","IVECO","X-WAY",0
"Heavy buses","Diesel","KIA","UNKNOWN",0
"Heavy buses","Diesel","KING LONG","6120BS",101
"Heavy buses","Diesel","KING LONG","6900AU",18
"Heavy buses","Diesel","KING LONG","6911AY",101
"Heavy buses","Diesel","KING LONG","UNKNOWN",284
"Heavy buses","Diesel","LAND ROVER","110",0
"Heavy buses","Diesel","LAND ROVER","PERENTIE",0
"Heavy buses","Diesel","LAND ROVER","UNKNOWN",3
"Heavy buses","Diesel","LEYLAND","ATLANTEAN",9
"Heavy buses","Diesel","LEYLAND","TIGER",8
"Heavy buses","Diesel","LEYLAND","UNKNOWN",27
"Heavy buses","Diesel","MAN","10. SERIES",29
"Heavy buses","Diesel","MAN","12. SERIES",24
"Heavy buses","Diesel","MAN","14. SERIES",16
"Heavy buses","Diesel","MAN","15. SERIES",19
"Heavy buses","Diesel","MAN","16. SERIES",138
"Heavy buses","Diesel","MAN","18. SERIES",960
"Heavy buses","Diesel","MAN","19. SERIES",239
"Heavy buses","Diesel","MAN","2 AXLE COACH",16
"Heavy buses","Diesel","MAN","22. SERIES",3
"Heavy buses","Diesel","MAN","A95",37
"Heavy buses","Diesel","MAN","COACH",21
"Heavy buses","Diesel","MAN","COACH 2 AXLE",11
"Heavy buses","Diesel","MAN","NG313",3
"Heavy buses","Diesel","MAN","NL202",5
"Heavy buses","Diesel","MAN","ROADCRUISER",10
"Heavy buses","Diesel","MAN","SL200",4
"Heavy buses","Diesel","MAN","SLF MAN",34
"Heavy buses","Diesel","MAN","TGL",5
"Heavy buses","Diesel","MAN","TGM",36
"Heavy buses","Diesel","MAN","UNKNOWN",252
"Heavy buses","Diesel","MAN","VST",11
"Heavy buses","Diesel","MAZDA","T3500",5
"Heavy buses","Diesel","MAZDA","UNKNOWN",3
"Heavy buses","Diesel","MCA","UNKNOWN",46
"Heavy buses","Diesel","MCI","UNKNOWN",3
"Heavy buses","Diesel","MCW","UNKNOWN",3
"Heavy buses","Diesel","MERCEDES-BENZ","1617",4
"Heavy buses","Diesel","MERCEDES-BENZ","1621",7
"Heavy buses","Diesel","MERCEDES-BENZ","2 AXLE OMNIBUS",18
"Heavy buses","Diesel","MERCEDES-BENZ","2542",10
"Heavy buses","Diesel","MERCEDES-BENZ","350",3
"Heavy buses","Diesel","MERCEDES-BENZ","500RF",25
"Heavy buses","Diesel","MERCEDES-BENZ","912",4
"Heavy buses","Diesel","MERCEDES-BENZ","ACTROS",3
"Heavy buses","Diesel","MERCEDES-BENZ","AROCS",33
"Heavy buses","Diesel","MERCEDES-BENZ","ATEGO",11
"Heavy buses","Diesel","MERCEDES-BENZ","AXOR",40
"Heavy buses","Diesel","MERCEDES-BENZ","G300",0
"Heavy buses","Diesel","MERCEDES-BENZ","G350",0
"Heavy buses","Diesel","MERCEDES-BENZ","G500",3
"Heavy buses","Diesel","MERCEDES-BENZ","LO812",13
"Heavy buses","Diesel","MERCEDES-BENZ","LO814",41
"Heavy buses","Diesel","MERCEDES-BENZ","MB100",0
"Heavy buses","Diesel","MERCEDES-BENZ","METRO",28
"Heavy buses","Diesel","MERCEDES-BENZ","O303",17
"Heavy buses","Diesel","MERCEDES-BENZ","O400",32
"Heavy buses","Diesel","MERCEDES-BENZ","O404",32
"Heavy buses","Diesel","MERCEDES-BENZ","O405",465
"Heavy buses","Diesel","MERCEDES-BENZ","O500",1059
"Heavy buses","Diesel","MERCEDES-BENZ","OC500",49
"Heavy buses","Diesel","MERCEDES-BENZ","OC500 RF",36
"Heavy buses","Diesel","MERCEDES-BENZ","OC500L",51
"Heavy buses","Diesel","MERCEDES-BENZ","OH SERIES",10
"Heavy buses","Diesel","MERCEDES-BENZ","OH1225",12
"Heavy buses","Diesel","MERCEDES-BENZ","OH1316",5
"Heavy buses","Diesel","MERCEDES-BENZ","OH1418",101
"Heavy buses","Diesel","MERCEDES-BENZ","OH1421",37
"Heavy buses","Diesel","MERCEDES-BENZ","OH1621",72
"Heavy buses","Diesel","MERCEDES-BENZ","OH1627",19
"Heavy buses","Diesel","MERCEDES-BENZ","OH1630",18
"Heavy buses","Diesel","MERCEDES-BENZ","OH1725",95
"Heavy buses","Diesel","MERCEDES-BENZ","OH1728",142
"Heavy buses","Diesel","MERCEDES-BENZ","OH1830",539
"Heavy buses","Diesel","MERCEDES-BENZ","OL500LE",5
"Heavy buses","Diesel","MERCEDES-BENZ","PK6127A",14
"Heavy buses","Diesel","MERCEDES-BENZ","SCHOOL BUS",14
"Heavy buses","Diesel","MERCEDES-BENZ","SPRINTER",145
"Heavy buses","Diesel","MERCEDES-BENZ","UNIMOG",3
"Heavy buses","Diesel","MERCEDES-BENZ","UNKNOWN",1351
"Heavy buses","Diesel","MERCEDES-BENZ","VALENTE",3
"Heavy buses","Diesel","MERCEDES-BENZ","VARIO",61
"Heavy buses","Diesel","MITSUBISHI","CANTER",3
"Heavy buses","Diesel","MITSUBISHI","FG SERIES",7
"Heavy buses","Diesel","MITSUBISHI","FK SERIES",0
"Heavy buses","Diesel","MITSUBISHI","MK SERIES",5
"Heavy buses","Diesel","MITSUBISHI","MK117",3
"Heavy buses","Diesel","MITSUBISHI","ROSA",244
"Heavy buses","Diesel","MITSUBISHI","TRITON",0
"Heavy buses","Diesel","MITSUBISHI","UNKNOWN",39
"Heavy buses","Diesel","MOTOR COACH BUSES","UNKNOWN",3
"Heavy buses","Diesel","MOTORCOACH","UNKNOWN",40
"Heavy buses","Diesel","NEOCAR","UNKNOWN",4
"Heavy buses","Diesel","NISSAN","CIVILIAN",203
"Heavy buses","Diesel","NISSAN","CM SERIES",0
"Heavy buses","Diesel","NISSAN","UNKNOWN",25
"Heavy buses","Diesel","OKA","LT SERIES",5
"Heavy buses","Diesel","OKA","UNKNOWN",12
"Heavy buses","Diesel","OKA","XT SERIES",0
"Heavy buses","Diesel","OPTARE","SOLO",35
"Heavy buses","Diesel","OPTARE","UNKNOWN",51
"Heavy buses","Diesel","PETERBILT","UNKNOWN",0
"Heavy buses","Diesel","PMC","UNKNOWN",3
"Heavy buses","Diesel","QUALITY BUS","UNKNOWN",4
"Heavy buses","Diesel","RAPPAN","6127BR",10
"Heavy buses","Diesel","RAPPAN","UNKNOWN",0
"Heavy buses","Diesel","RAPPAN OR GRANTON","UNKNOWN",7
"Heavy buses","Diesel","RENAULT","MRC",11
"Heavy buses","Diesel","RENAULT","PR100",8
"Heavy buses","Diesel","RENAULT","UNKNOWN",20
"Heavy buses","Diesel","ROADMASTER","UNKNOWN",5
"Heavy buses","Diesel","SCANIA","G SERIES",3
"Heavy buses","Diesel","SCANIA","K CHASSIS",5274
"Heavy buses","Diesel","SCANIA","L SERIES",760
"Heavy buses","Diesel","SCANIA","N SERIES",31
"Heavy buses","Diesel","SCANIA","P SERIES",6
"Heavy buses","Diesel","SCANIA","UNKNOWN",4
"Heavy buses","Diesel","SPARTAN","UNKNOWN",14
"Heavy buses","Diesel","TOYOTA","COASTER",7144
"Heavy buses","Diesel","TOYOTA","UNKNOWN",5
"Heavy buses","Diesel","UBC","OMNIBUS 2 AXLE",25
"Heavy buses","Diesel","UBC","UNKNOWN",27
"Heavy buses","Diesel","UD","CMF SERIES",6
"Heavy buses","Diesel","UD","MKB SERIES",3
"Heavy buses","Diesel","UD","RB30",3
"Heavy buses","Diesel","UD","RB31",3
"Heavy buses","Diesel","UD","UNKNOWN",6
"Heavy buses","Diesel","UNKNOWN","UNKNOWN",42
"Heavy buses","Diesel","VAN HOOL","UNKNOWN",5
"Heavy buses","Diesel","VOLKSWAGEN","CRAFTER",0
"Heavy buses","Diesel","VOLKSWAGEN","LT",3
"Heavy buses","Diesel","VOLKSWAGEN","TRANSPORTER",0
"Heavy buses","Diesel","VOLVO","2 AXLE OMNIBUS",306
"Heavy buses","Diesel","VOLVO","B10",23
"Heavy buses","Diesel","VOLVO","B10B",217
"Heavy buses","Diesel","VOLVO","B10L",23
"Heavy buses","Diesel","VOLVO","B10M",104
"Heavy buses","Diesel","VOLVO","B11R",173
"Heavy buses","Diesel","VOLVO","B12",1433
"Heavy buses","Diesel","VOLVO","B13R",51
"Heavy buses","Diesel","VOLVO","B5",32
"Heavy buses","Diesel","VOLVO","B58",6
"Heavy buses","Diesel","VOLVO","B6",9
"Heavy buses","Diesel","VOLVO","B7R",3991
"Heavy buses","Diesel","VOLVO","B8R",2133
"Heavy buses","Diesel","VOLVO","B9R",153
"Heavy buses","Diesel","VOLVO","COACH",80
"Heavy buses","Diesel","VOLVO","FL",0
"Heavy buses","Diesel","VOLVO","METRO",17
"Heavy buses","Diesel","VOLVO","OMNIBUS",9
"Heavy buses","Diesel","VOLVO","PHOENIX",13
"Heavy buses","Diesel","VOLVO","PK6127A",13
"Heavy buses","Diesel","VOLVO","UNKNOWN",50
"Heavy buses","Diesel","YUTONG","C10",14
"Heavy buses","Diesel","YUTONG","C12",108
"Heavy buses","Diesel","YUTONG","C122",27
"Heavy buses","Diesel","YUTONG","D12",37
"Heavy buses","Diesel","YUTONG","D7",96
"Heavy buses","Diesel","YUTONG","D9",17
"Heavy buses","Diesel","YUTONG","UNKNOWN",260
"Heavy buses","Diesel","YUTONG","ZK6129",273
"Heavy buses","Diesel","YUTONG","ZK6131",3
"Heavy buses","Diesel","YUTONG","ZK6760",212
"Heavy buses","Diesel","YUTONG","ZK6772",240
"Heavy buses","Diesel","YUTONG","ZK6930",164
"Heavy buses","Diesel","YUTONG","ZK6938",127
"Heavy buses","Diesel","ZHONG TONG","UNKNOWN",33
"Heavy buses","Dual fuel","BCI","JXK6930",3
"Heavy buses","Dual fuel","BEDFORD","UNKNOWN",3
"Heavy buses","Dual fuel","BONLUCK","UNKNOWN",3
"Heavy buses","Dual fuel","DENNING","UNKNOWN",6
"Heavy buses","Dual fuel","FORD","TRANSIT",0
"Heavy buses","Dual fuel","FUSO","ROSA",7
"Heavy buses","Dual fuel","HINO","FD",0
"Heavy buses","Dual fuel","HINO","RK",0
"Heavy buses","Dual fuel","IVECO","METROTEC",0
"Heavy buses","Dual fuel","LEYLAND","TIGER",0
"Heavy buses","Dual fuel","MAN","18. SERIES",11
"Heavy buses","Dual fuel","MERCEDES-BENZ","O405",3
"Heavy buses","Dual fuel","MERCEDES-BENZ","O500",4
"Heavy buses","Dual fuel","MERCEDES-BENZ","OH1830",3
"Heavy buses","Dual fuel","MERCEDES-BENZ","UNKNOWN",0
"Heavy buses","Dual fuel","NISSAN","CIVILIAN",3
"Heavy buses","Dual fuel","SCANIA","K CHASSIS",3
"Heavy buses","Dual fuel","TOYOTA","COASTER",24
"Heavy buses","Dual fuel","VOLVO","B10M",0
"Heavy buses","Dual fuel","VOLVO","B5",28
"Heavy buses","Dual fuel","VOLVO","B7R",0
"Heavy buses","Hybrid electric","ARCC","UNKNOWN",0
"Heavy buses","Hybrid electric","SCANIA","K CHASSIS",51
"Heavy buses","Hybrid electric","VOLVO","2 AXLE OMNIBUS",0
"Heavy buses","Hybrid electric","VOLVO","B5",4
"Heavy buses","Hybrid electric","VOLVO","UNKNOWN",3
"Heavy buses","Battery/Fuel-cell electric","BCI","CITYRIDER",0
"Heavy buses","Battery/Fuel-cell electric","BCI","FBC6120",0
"Heavy buses","Battery/Fuel-cell electric","BCI","PK6127",5
"Heavy buses","Battery/Fuel-cell electric","BCI","PK6127A",5
"Heavy buses","Battery/Fuel-cell electric","BCI","PK6850",0
"Heavy buses","Battery/Fuel-cell electric","BCI","PK6930",5
"Heavy buses","Battery/Fuel-cell electric","BCI","UNKNOWN",3
"Heavy buses","Battery/Fuel-cell electric","BONLUCK","UNKNOWN",13
"Heavy buses","Battery/Fuel-cell electric","BUSTECH","XDI",10
"Heavy buses","Battery/Fuel-cell electric","BYD","2 AXLE OMNIBUS",70
"Heavy buses","Battery/Fuel-cell electric","BYD","DOLPHIN",0
"Heavy buses","Battery/Fuel-cell electric","BYD","ECO",111
"Heavy buses","Battery/Fuel-cell electric","BYD","OPTIMUS",13
"Heavy buses","Battery/Fuel-cell electric","BYD","TORO",19
"Heavy buses","Battery/Fuel-cell electric","BYD","UNKNOWN",4
"Heavy buses","Battery/Fuel-cell electric","CUSTOM BUS","ELEMENT",103
"Heavy buses","Battery/Fuel-cell electric","FOTON","UNKNOWN",9
"Heavy buses","Battery/Fuel-cell electric","FUSO","ROSA",3
"Heavy buses","Battery/Fuel-cell electric","GEMILANG","UNKNOWN",0
"Heavy buses","Battery/Fuel-cell electric","GT","GTK6122BEVA",17
"Heavy buses","Battery/Fuel-cell electric","HESS","LIGHTRAM",35
"Heavy buses","Battery/Fuel-cell electric","KING LONG","6120BS",4
"Heavy buses","Battery/Fuel-cell electric","KING LONG","UNKNOWN",0
"Heavy buses","Battery/Fuel-cell electric","MERCEDES-BENZ","OH1728",3
"Heavy buses","Battery/Fuel-cell electric","SCANIA","K CHASSIS",3
"Heavy buses","Battery/Fuel-cell electric","SCANIA","UNKNOWN",3
"Heavy buses","Battery/Fuel-cell electric","VOLGREN","UNKNOWN",0
"Heavy buses","Battery/Fuel-cell electric","VOLVO","2 AXLE OMNIBUS",51
"Heavy buses","Battery/Fuel-cell electric","VOLVO","BZL",15
"Heavy buses","Battery/Fuel-cell electric","VOLVO","OMNIBUS",0
"Heavy buses","Battery/Fuel-cell electric","WISDOM","UNKNOWN",3
"Heavy buses","Battery/Fuel-cell electric","YANCHENG","UNKNOWN",4
"Heavy buses","Battery/Fuel-cell electric","YUTONG","C12",15
"Heavy buses","Battery/Fuel-cell electric","YUTONG","D7",0
"Heavy buses","Battery/Fuel-cell electric","YUTONG","E12",41
"Heavy buses","Battery/Fuel-cell electric","YUTONG","ZK6129",3
"Heavy buses","Battery/Fuel-cell electric","YUTONG","ZK6131",48
"Heavy buses","Battery/Fuel-cell electric","YUTONG","ZK6772",11
"Heavy buses","Other","ANSAIR","UNKNOWN",0
"Heavy buses","Other","BONLUCK","UNKNOWN",0
"Heavy buses","Other","CUSTOM MADE","UNKNOWN",0
"Heavy buses","Other","MAN","18. SERIES",290
"Heavy buses","Other","MAN","NG313",31
"Heavy buses","Other","MAN","NL202",22
"Heavy buses","Other","MAN","NL232",40
"Heavy buses","Other","MAN","UNKNOWN",3
"Heavy buses","Other","MERCEDES-BENZ","2 AXLE OMNIBUS",0
"Heavy buses","Other","MERCEDES-BENZ","OH1621",0
"Heavy buses","Other","MERCEDES-BENZ","OL500LE",249
"Heavy buses","Other","MERCEDES-BENZ","UNKNOWN",273
"Heavy buses","Other","SCANIA","L SERIES",48
"Heavy buses","Other","TOYOTA","COASTER",5
"Motorcycles","Petrol","ACME","UNKNOWN",3
"Motorcycles","Petrol","ADLER","UNKNOWN",4
"Motorcycles","Petrol","ADLY","BUG VIBE",10
"Motorcycles","Petrol","ADLY","JIVE",15
"Motorcycles","Petrol","ADLY","NOBLE",53
"Motorcycles","Petrol","ADLY","NOBLE ST50",12
"Motorcycles","Petrol","ADLY","RT50",11
"Motorcycles","Petrol","ADLY","SF-50",12
"Motorcycles","Petrol","ADLY","SF50",70
"Motorcycles","Petrol","ADLY","SS125",13
"Motorcycles","Petrol","ADLY","UNKNOWN",330
"Motorcycles","Petrol","AJP","PR7",57
"Motorcycles","Petrol","AJP","UNKNOWN",16
"Motorcycles","Petrol","AJS","UNKNOWN",231
"Motorcycles","Petrol","ALFER","UNKNOWN",4
"Motorcycles","Petrol","AMERICAN EAGLE","UNKNOWN",0
"Motorcycles","Petrol","AMERICAN IRONHORSE","LEGEND",15
"Motorcycles","Petrol","AMERICAN IRONHORSE","OUTLAW",42
"Motorcycles","Petrol","AMERICAN IRONHORSE","SLAMMER",59
"Motorcycles","Petrol","AMERICAN IRONHORSE","TEJAS",12
"Motorcycles","Petrol","AMERICAN IRONHORSE","TEXAS CHOPPER",42
"Motorcycles","Petrol","AMERICAN IRONHORSE","UNKNOWN",17
"Motorcycles","Petrol","AMERICAN PERFORMANCE CYCLE","UNKNOWN",0
"Motorcycles","Petrol","AMSDG","UNKNOWN",15
"Motorcycles","Petrol","APRILIA","CAPONORD",203
"Motorcycles","Petrol","APRILIA","DORSODURO",159
"Motorcycles","Petrol","APRILIA","LEONARDO",24
"Motorcycles","Petrol","APRILIA","MANA",30
"Motorcycles","Petrol","APRILIA","MOJITO",441
"Motorcycles","Petrol","APRILIA","PEGASO",138
"Motorcycles","Petrol","APRILIA","PSI SR SERIES",41
"Motorcycles","Petrol","APRILIA","RS125",179
"Motorcycles","Petrol","APRILIA","RS250",141
"Motorcycles","Petrol","APRILIA","RS4",24
"Motorcycles","Petrol","APRILIA","RS457",55
"Motorcycles","Petrol","APRILIA","RS660",284
"Motorcycles","Petrol","APRILIA","RST1000",39
"Motorcycles","Petrol","APRILIA","RSV1000",380
"Motorcycles","Petrol","APRILIA","RSV4",555
"Motorcycles","Petrol","APRILIA","RXV450",21
"Motorcycles","Petrol","APRILIA","RXV550",16
"Motorcycles","Petrol","APRILIA","SCARABEO",967
"Motorcycles","Petrol","APRILIA","SHIVER",315
"Motorcycles","Petrol","APRILIA","SL1000",118
"Motorcycles","Petrol","APRILIA","SPORTCITY",880
"Motorcycles","Petrol","APRILIA","SR GT",12
"Motorcycles","Petrol","APRILIA","SR GT 125",13
"Motorcycles","Petrol","APRILIA","SR MAX 300",149
"Motorcycles","Petrol","APRILIA","SR MOTARD 125",346
"Motorcycles","Petrol","APRILIA","SR MOTARD 50",147
"Motorcycles","Petrol","APRILIA","SR50",260
"Motorcycles","Petrol","APRILIA","SRV850",19
"Motorcycles","Petrol","APRILIA","SXV550",14
"Motorcycles","Petrol","APRILIA","TUAREG 660",313
"Motorcycles","Petrol","APRILIA","TUONO",1121
"Motorcycles","Petrol","APRILIA","UNKNOWN",656
"Motorcycles","Petrol","ARCH","UNKNOWN",0
"Motorcycles","Petrol","ARIEL","UNKNOWN",293
"Motorcycles","Petrol","ARMSTRONG SIDDELEY","UNKNOWN",3
"Motorcycles","Petrol","ARQIN-QINGQI","AQ 125T",18
"Motorcycles","Petrol","ARQIN-QINGQI","AQ 250",12
"Motorcycles","Petrol","ARQIN-QINGQI","AQ 50QT",16
"Motorcycles","Petrol","ARQIN-QINGQI","RT200",14
"Motorcycles","Petrol","ARQIN-QINGQI","UNKNOWN",22
"Motorcycles","Petrol","ARQIN-QINGQI","XF230",11
"Motorcycles","Petrol","ARQIN-QINGQI","XF250",31
"Motorcycles","Petrol","ASIAWING","UNKNOWN",4
"Motorcycles","Petrol","ATK","UNKNOWN",3
"Motorcycles","Petrol","ATKINSON","UNKNOWN",0
"Motorcycles","Petrol","ATOMIK","UNKNOWN",18
"Motorcycles","Petrol","AUSTIN","UNKNOWN",0
"Motorcycles","Petrol","AUTO UNION","UNKNOWN",3
"Motorcycles","Petrol","BAJAJ","UNKNOWN",4
"Motorcycles","Petrol","BAODIAO","UNKNOWN",0
"Motorcycles","Petrol","BAOTIAN","BT125",11
"Motorcycles","Petrol","BAOTIAN","BT49",35
"Motorcycles","Petrol","BAOTIAN","BT49QT-28",12
"Motorcycles","Petrol","BAOTIAN","BT50",20
"Motorcycles","Petrol","BAOTIAN","LJ50",68
"Motorcycles","Petrol","BAOTIAN","UNKNOWN",87
"Motorcycles","Petrol","BARBARIAN","UNKNOWN",3
"Motorcycles","Petrol","BARONI","UNKNOWN",3
"Motorcycles","Petrol","BASHAN","UNKNOWN",0
"Motorcycles","Petrol","BENELLI","P16",217
"Motorcycles","Petrol","BENELLI","P18",62
"Motorcycles","Petrol","BENELLI","P36",97
"Motorcycles","Petrol","BENELLI","P37",72
"Motorcycles","Petrol","BENELLI","TRK 702",16
"Motorcycles","Petrol","BENELLI","UNKNOWN",1539
"Motorcycles","Petrol","BENELLI","V02",196
"Motorcycles","Petrol","BENZHOU","UNKNOWN",60
"Motorcycles","Petrol","BETA","EX",33
"Motorcycles","Petrol","BETA","FUPA E5",19
"Motorcycles","Petrol","BETA","FUPA RR E3",47
"Motorcycles","Petrol","BETA","FUPA RRE3",29
"Motorcycles","Petrol","BETA","RR",304
"Motorcycles","Petrol","BETA","RR E3",11
"Motorcycles","Petrol","BETA","RR200",187
"Motorcycles","Petrol","BETA","RR250",86
"Motorcycles","Petrol","BETA","RR300",888
"Motorcycles","Petrol","BETA","RR350",198
"Motorcycles","Petrol","BETA","RR390",281
"Motorcycles","Petrol","BETA","RR430",79
"Motorcycles","Petrol","BETA","RR480",145
"Motorcycles","Petrol","BETA","UNKNOWN",457
"Motorcycles","Petrol","BETA","X-TRAINER",614
"Motorcycles","Petrol","BIG BEAR","UNKNOWN",116
"Motorcycles","Petrol","BIG DOG","BULL DOG",10
"Motorcycles","Petrol","BIG DOG","K9",16
"Motorcycles","Petrol","BIG DOG","MASTIFF",50
"Motorcycles","Petrol","BIG DOG","PITBULL",15
"Motorcycles","Petrol","BIG DOG","UNKNOWN",8
"Motorcycles","Petrol","BIG DOG MOTORCYCLES","UNKNOWN",3
"Motorcycles","Petrol","BIMOTA","UNKNOWN",93
"Motorcycles","Petrol","BMC","UNKNOWN",3
"Motorcycles","Petrol","BMW","650",19
"Motorcycles","Petrol","BMW","750",4
"Motorcycles","Petrol","BMW","C400",946
"Motorcycles","Petrol","BMW","C600",35
"Motorcycles","Petrol","BMW","C650",493
"Motorcycles","Petrol","BMW","F650",2450
"Motorcycles","Petrol","BMW","F700",359
"Motorcycles","Petrol","BMW","F750",735
"Motorcycles","Petrol","BMW","F800",4424
"Motorcycles","Petrol","BMW","F850",875
"Motorcycles","Petrol","BMW","F900",525
"Motorcycles","Petrol","BMW","G310",2328
"Motorcycles","Petrol","BMW","G450",81
"Motorcycles","Petrol","BMW","G650",668
"Motorcycles","Petrol","BMW","GS650",14
"Motorcycles","Petrol","BMW","K1",18
"Motorcycles","Petrol","BMW","K100",346
"Motorcycles","Petrol","BMW","K1100",236
"Motorcycles","Petrol","BMW","K1200",1443
"Motorcycles","Petrol","BMW","K1300",983
"Motorcycles","Petrol","BMW","K1600",1041
"Motorcycles","Petrol","BMW","K50",457
"Motorcycles","Petrol","BMW","K75",189
"Motorcycles","Petrol","BMW","K8X",450
"Motorcycles","Petrol","BMW","M1000",101
"Motorcycles","Petrol","BMW","R100",853
"Motorcycles","Petrol","BMW","R1100",1266
"Motorcycles","Petrol","BMW","R1150",1852
"Motorcycles","Petrol","BMW","R12",185
"Motorcycles","Petrol","BMW","R12 RNINET",1137
"Motorcycles","Petrol","BMW","R1200",10492
"Motorcycles","Petrol","BMW","R1250",5470
"Motorcycles","Petrol","BMW","R1300",514
"Motorcycles","Petrol","BMW","R1300GS",194
"Motorcycles","Petrol","BMW","R18",868
"Motorcycles","Petrol","BMW","R50",37
"Motorcycles","Petrol","BMW","R51",14
"Motorcycles","Petrol","BMW","R60",113
"Motorcycles","Petrol","BMW","R65",262
"Motorcycles","Petrol","BMW","R69",27
"Motorcycles","Petrol","BMW","R75",117
"Motorcycles","Petrol","BMW","R80",421
"Motorcycles","Petrol","BMW","R850",146
"Motorcycles","Petrol","BMW","R90",127
"Motorcycles","Petrol","BMW","RNINET",468
"Motorcycles","Petrol","BMW","S1000",5827
"Motorcycles","Petrol","BMW","UNKNOWN",1386
"Motorcycles","Petrol","BOLWELL","ARRIBA",50
"Motorcycles","Petrol","BOLWELL","BELLA",29
"Motorcycles","Petrol","BOLWELL","EURO",81
"Motorcycles","Petrol","BOLWELL","FIRENZE",86
"Motorcycles","Petrol","BOLWELL","JET SPORT",28
"Motorcycles","Petrol","BOLWELL","JOLIE",214
"Motorcycles","Petrol","BOLWELL","LE GRANDE",77
"Motorcycles","Petrol","BOLWELL","MIO",68
"Motorcycles","Petrol","BOLWELL","NAGARI",3
"Motorcycles","Petrol","BOLWELL","ORBIT",19
"Motorcycles","Petrol","BOLWELL","PMX",12
"Motorcycles","Petrol","BOLWELL","RED DEVIL",111
"Motorcycles","Petrol","BOLWELL","RETRO",42
"Motorcycles","Petrol","BOLWELL","SHARK",37
"Motorcycles","Petrol","BOLWELL","UNKNOWN",1168
"Motorcycles","Petrol","BOLWELL","VS125",143
"Motorcycles","Petrol","BOLWELL","VS150",50
"Motorcycles","Petrol","BOMBARDIER","UNKNOWN",4
"Motorcycles","Petrol","BON-TRIKES","UNKNOWN",128
"Motorcycles","Petrol","BOOM TRIKES","UNKNOWN",216
"Motorcycles","Petrol","BOSS HOSS","UNKNOWN",42
"Motorcycles","Petrol","BOURGET","UNKNOWN",0
"Motorcycles","Petrol","BRAAAP","CRUISER400",139
"Motorcycles","Petrol","BRAAAP","LD",10
"Motorcycles","Petrol","BRAAAP","MERCURY",40
"Motorcycles","Petrol","BRAAAP","MOTO3",379
"Motorcycles","Petrol","BRAAAP","MOTO4",233
"Motorcycles","Petrol","BRAAAP","MX450",29
"Motorcycles","Petrol","BRAAAP","ST250",736
"Motorcycles","Petrol","BRAAAP","ST400",26
"Motorcycles","Petrol","BRAAAP","STREET SUPERLITE",60
"Motorcycles","Petrol","BRAAAP","STREET SUPERLITE 125",62
"Motorcycles","Petrol","BRAAAP","UNKNOWN",66
"Motorcycles","Petrol","BRAAAP","URBAN",29
"Motorcycles","Petrol","BRIDGESTONE","UNKNOWN",7
"Motorcycles","Petrol","BRISKI","UNKNOWN",15
"Motorcycles","Petrol","BROUGH","UNKNOWN",19
"Motorcycles","Petrol","BSA","UNKNOWN",1635
"Motorcycles","Petrol","BUELL","1125CR",40
"Motorcycles","Petrol","BUELL","1125R",73
"Motorcycles","Petrol","BUELL","M2",61
"Motorcycles","Petrol","BUELL","S1",18
"Motorcycles","Petrol","BUELL","S3",19
"Motorcycles","Petrol","BUELL","UNKNOWN",337
"Motorcycles","Petrol","BUELL","X1",81
"Motorcycles","Petrol","BUELL","XB",23
"Motorcycles","Petrol","BUELL","XB SERIES",114
"Motorcycles","Petrol","BUELL","XB12R",188
"Motorcycles","Petrol","BUELL","XB12S",147
"Motorcycles","Petrol","BUELL","XB12SS",91
"Motorcycles","Petrol","BUELL","XB12STT",18
"Motorcycles","Petrol","BUELL","XB12X",56
"Motorcycles","Petrol","BUELL","XB12XT",26
"Motorcycles","Petrol","BUELL","XB9R",64
"Motorcycles","Petrol","BUELL","XB9S",39
"Motorcycles","Petrol","BUELL","XB9SX",25
"Motorcycles","Petrol","BULTACO","UNKNOWN",61
"Motorcycles","Petrol","CAGIVA","UNKNOWN",292
"Motorcycles","Petrol","CALIFORNIA SCOOTER CLASSIC","UNKNOWN",7
"Motorcycles","Petrol","CALTHORPE","UNKNOWN",0
"Motorcycles","Petrol","CAM TRIKES","UNKNOWN",12
"Motorcycles","Petrol","CAMPAGNA MOTORS","UNKNOWN",0
"Motorcycles","Petrol","CAN-AM","RYKER",529
"Motorcycles","Petrol","CAN-AM","SPYDER",3041
"Motorcycles","Petrol","CAN-AM","UNKNOWN",24
"Motorcycles","Petrol","CCM","UNKNOWN",8
"Motorcycles","Petrol","CFMOTO","150NK",435
"Motorcycles","Petrol","CFMOTO","150RT",14
"Motorcycles","Petrol","CFMOTO","250NK",717
"Motorcycles","Petrol","CFMOTO","300NK",317
"Motorcycles","Petrol","CFMOTO","300SR",256
"Motorcycles","Petrol","CFMOTO","400NK",46
"Motorcycles","Petrol","CFMOTO","450CL",261
"Motorcycles","Petrol","CFMOTO","650GT",27
"Motorcycles","Petrol","CFMOTO","650MT",297
"Motorcycles","Petrol","CFMOTO","650NK",534
"Motorcycles","Petrol","CFMOTO","650NK, 650GT, 650MT",577
"Motorcycles","Petrol","CFMOTO","650TK",20
"Motorcycles","Petrol","CFMOTO","700CL-X",257
"Motorcycles","Petrol","CFMOTO","800MT",711
"Motorcycles","Petrol","CFMOTO","800MT TOURING",10
"Motorcycles","Petrol","CFMOTO","CF125",189
"Motorcycles","Petrol","CFMOTO","CF250",58
"Motorcycles","Petrol","CFMOTO","CF300",21
"Motorcycles","Petrol","CFMOTO","CF300-7F",108
"Motorcycles","Petrol","CFMOTO","CF400",2658
"Motorcycles","Petrol","CFMOTO","CF650",27
"Motorcycles","Petrol","CFMOTO","CF700",36
"Motorcycles","Petrol","CFMOTO","CF800",445
"Motorcycles","Petrol","CFMOTO","G50GT",24
"Motorcycles","Petrol","CFMOTO","JETMAX 250",18
"Motorcycles","Petrol","CFMOTO","LEADER 150",75
"Motorcycles","Petrol","CFMOTO","UNKNOWN",412
"Motorcycles","Petrol","CFMOTO","V5",65
"Motorcycles","Petrol","CHANG JIANG","UNKNOWN",3
"Motorcycles","Petrol","CHANGJIANG","CJ650",10
"Motorcycles","Petrol","CHANGJIANG","UNKNOWN",32
"Motorcycles","Petrol","CHONGQING","UNKNOWN",0
"Motorcycles","Petrol","CHONGQING LONGTING","UNKNOWN",3
"Motorcycles","Petrol","CHRISTINI","UNKNOWN",5
"Motorcycles","Petrol","CHROME HORSE","UNKNOWN",53
"Motorcycles","Petrol","CINIWORX","UNKNOWN",0
"Motorcycles","Petrol","CLEVELAND","UNKNOWN",3
"Motorcycles","Petrol","CONDOR","UNKNOWN",3
"Motorcycles","Petrol","CONFEDERATE MOTORS","UNKNOWN",7
"Motorcycles","Petrol","CONVICT","UNKNOWN",3
"Motorcycles","Petrol","COSSACK","UNKNOWN",3
"Motorcycles","Petrol","COUNT'S KUSTOMS__COUNTS KUSTOMS","UNKNOWN",0
"Motorcycles","Petrol","CPI","UNKNOWN",18
"Motorcycles","Petrol","CUENI-CHOPPER","UNKNOWN",3
"Motorcycles","Petrol","CUSTOM BUILT","UNKNOWN",0
"Motorcycles","Petrol","CUSTOM MADE","UNKNOWN",725
"Motorcycles","Petrol","CYKLONETTE","UNKNOWN",3
"Motorcycles","Petrol","CZ","UNKNOWN",16
"Motorcycles","Petrol","DABRA","UNKNOWN",3
"Motorcycles","Petrol","DADYW","UNKNOWN",5
"Motorcycles","Petrol","DAELIM","UNKNOWN",516
"Motorcycles","Petrol","DAYANG","UNKNOWN",8
"Motorcycles","Petrol","DERBI","BOULEVARD 125",14
"Motorcycles","Petrol","DERBI","UNKNOWN",64
"Motorcycles","Petrol","DI BLASI","UNKNOWN",12
"Motorcycles","Petrol","DKW","UNKNOWN",18
"Motorcycles","Petrol","DNEPR","UNKNOWN",18
"Motorcycles","Petrol","DOGEBOS","UNKNOWN",0
"Motorcycles","Petrol","DOUGLAS","UNKNOWN",12
"Motorcycles","Petrol","DUCATI","1098",321
"Motorcycles","Petrol","DUCATI","1198",374
"Motorcycles","Petrol","DUCATI","748S",338
"Motorcycles","Petrol","DUCATI","749",54
"Motorcycles","Petrol","DUCATI","848",227
"Motorcycles","Petrol","DUCATI","848 EVO",92
"Motorcycles","Petrol","DUCATI","888",17
"Motorcycles","Petrol","DUCATI","899",85
"Motorcycles","Petrol","DUCATI","900GT",13
"Motorcycles","Petrol","DUCATI","916",232
"Motorcycles","Petrol","DUCATI","959",67
"Motorcycles","Petrol","DUCATI","996",173
"Motorcycles","Petrol","DUCATI","998",97
"Motorcycles","Petrol","DUCATI","999",221
"Motorcycles","Petrol","DUCATI","DESERTX",500
"Motorcycles","Petrol","DUCATI","DIAVEL",2003
"Motorcycles","Petrol","DUCATI","DIAVEL V4",105
"Motorcycles","Petrol","DUCATI","GT1000",164
"Motorcycles","Petrol","DUCATI","GT860",36
"Motorcycles","Petrol","DUCATI","HYPERMOTARD",826
"Motorcycles","Petrol","DUCATI","MONSTER",7069
"Motorcycles","Petrol","DUCATI","MONSTER+",30
"Motorcycles","Petrol","DUCATI","MULTISTRADA",3081
"Motorcycles","Petrol","DUCATI","MULTISTRADA V4",97
"Motorcycles","Petrol","DUCATI","PANIGALE",3453
"Motorcycles","Petrol","DUCATI","PANIGALE V4",66
"Motorcycles","Petrol","DUCATI","PAUL SMART 1000",38
"Motorcycles","Petrol","DUCATI","SCRAMBLER",2104
"Motorcycles","Petrol","DUCATI","SD900",20
"Motorcycles","Petrol","DUCATI","SPORT",43
"Motorcycles","Petrol","DUCATI","SPORT1000",118
"Motorcycles","Petrol","DUCATI","ST2",286
"Motorcycles","Petrol","DUCATI","ST3",349
"Motorcycles","Petrol","DUCATI","ST4",386
"Motorcycles","Petrol","DUCATI","STREETFIGHTER",1558
"Motorcycles","Petrol","DUCATI","STREETFIGHTER V2",141
"Motorcycles","Petrol","DUCATI","STREETFIGHTER V4",11
"Motorcycles","Petrol","DUCATI","SUPERSPORT",1640
"Motorcycles","Petrol","DUCATI","UNKNOWN",5637
"Motorcycles","Petrol","DUCATI","XDIAVEL",580
"Motorcycles","Petrol","DURKOPP","UNKNOWN",0
"Motorcycles","Petrol","EASY MOTORCYCLES","UNKNOWN",0
"Motorcycles","Petrol","EBR","UNKNOWN",49
"Motorcycles","Petrol","ELSTAR","UNKNOWN",12
"Motorcycles","Petrol","ENFIELD","UNKNOWN",0
"Motorcycles","Petrol","EVT","UNKNOWN",3
"Motorcycles","Petrol","EXCEL MACHINERY","UNKNOWN",3
"Motorcycles","Petrol","EXCELSIOR","UNKNOWN",4
"Motorcycles","Petrol","EXILE","UNKNOWN",0
"Motorcycles","Petrol","FANTIC","CA50",20
"Motorcycles","Petrol","FANTIC","UNKNOWN",71
"Motorcycles","Petrol","FISCHER","UNKNOWN",3
"Motorcycles","Petrol","FN","UNKNOWN",0
"Motorcycles","Petrol","FONZARELLI","125",0
"Motorcycles","Petrol","FONZARELLI","UNKNOWN",16
"Motorcycles","Petrol","FONZARELLI BIKES","UNKNOWN",0
"Motorcycles","Petrol","FUERZA","UNO",16
"Motorcycles","Petrol","FYM","FY125",15
"Motorcycles","Petrol","FYM","UNKNOWN",212
"Motorcycles","Petrol","GAMAX","UNKNOWN",7
"Motorcycles","Petrol","GASGAS","EC SERIES",1153
"Motorcycles","Petrol","GASGAS","EC250",10
"Motorcycles","Petrol","GASGAS","EC300",68
"Motorcycles","Petrol","GASGAS","FS450",16
"Motorcycles","Petrol","GASGAS","FSE450",24
"Motorcycles","Petrol","GASGAS","LC4 SERIES",289
"Motorcycles","Petrol","GASGAS","SOLO EC ENDURO",38
"Motorcycles","Petrol","GASGAS","SOLO FS ENDURO",28
"Motorcycles","Petrol","GASGAS","UNKNOWN",1063
"Motorcycles","Petrol","GEELY","CK",13
"Motorcycles","Petrol","GEELY","UNKNOWN",21
"Motorcycles","Petrol","GEMINI","UNKNOWN",0
"Motorcycles","Petrol","GEON","UNKNOWN",3
"Motorcycles","Petrol","GIANTCO","HY-T-10 LA SERIES",12
"Motorcycles","Petrol","GIANTCO","UNKNOWN",9
"Motorcycles","Petrol","GILERA","UNKNOWN",258
"Motorcycles","Petrol","GOMOTO","UNKNOWN",0
"Motorcycles","Petrol","GREEVES","UNKNOWN",3
"Motorcycles","Petrol","GRIFFIN","UNKNOWN",0
"Motorcycles","Petrol","HARLEY-DAVIDSON","CRU SERIES",17956
"Motorcycles","Petrol","HARLEY-DAVIDSON","DYNA",560
"Motorcycles","Petrol","HARLEY-DAVIDSON","F SERIES",100
"Motorcycles","Petrol","HARLEY-DAVIDSON","FAT BOY",30
"Motorcycles","Petrol","HARLEY-DAVIDSON","FATBOY",24
"Motorcycles","Petrol","HARLEY-DAVIDSON","FL",178
"Motorcycles","Petrol","HARLEY-DAVIDSON","FL__SOFTAIL",14
"Motorcycles","Petrol","HARLEY-DAVIDSON","FLH SERIES",19461
"Motorcycles","Petrol","HARLEY-DAVIDSON","FLST",26
"Motorcycles","Petrol","HARLEY-DAVIDSON","FLSTC",49
"Motorcycles","Petrol","HARLEY-DAVIDSON","FLSTF",41
"Motorcycles","Petrol","HARLEY-DAVIDSON","FLSTN",10
"Motorcycles","Petrol","HARLEY-DAVIDSON","FX",15
"Motorcycles","Petrol","HARLEY-DAVIDSON","FXD SERIES",23366
"Motorcycles","Petrol","HARLEY-DAVIDSON","FXR",55
"Motorcycles","Petrol","HARLEY-DAVIDSON","FXRS",27
"Motorcycles","Petrol","HARLEY-DAVIDSON","FXS SERIES",22454
"Motorcycles","Petrol","HARLEY-DAVIDSON","FXWG",34
"Motorcycles","Petrol","HARLEY-DAVIDSON","HERITAGE",12
"Motorcycles","Petrol","HARLEY-DAVIDSON","HERITAGE SOFTAIL",20
"Motorcycles","Petrol","HARLEY-DAVIDSON","LWZ SERIES",536
"Motorcycles","Petrol","HARLEY-DAVIDSON","RMX SERIES",962
"Motorcycles","Petrol","HARLEY-DAVIDSON","ROCKER",248
"Motorcycles","Petrol","HARLEY-DAVIDSON","SOFT TAIL",10
"Motorcycles","Petrol","HARLEY-DAVIDSON","SOFTAIL",3623
"Motorcycles","Petrol","HARLEY-DAVIDSON","SPORTSTER",388
"Motorcycles","Petrol","HARLEY-DAVIDSON","ST__SOFTAIL",10
"Motorcycles","Petrol","HARLEY-DAVIDSON","TOURING",138
"Motorcycles","Petrol","HARLEY-DAVIDSON","TOURING 2",157
"Motorcycles","Petrol","HARLEY-DAVIDSON","TRI SERIES",643
"Motorcycles","Petrol","HARLEY-DAVIDSON","UNKNOWN",50486
"Motorcycles","Petrol","HARLEY-DAVIDSON","VR",15
"Motorcycles","Petrol","HARLEY-DAVIDSON","VROD SERIES",1405
"Motorcycles","Petrol","HARLEY-DAVIDSON","VRS SERIES",2199
"Motorcycles","Petrol","HARLEY-DAVIDSON","XGS SERIES",2318
"Motorcycles","Petrol","HARLEY-DAVIDSON","XLH SERIES",9967
"Motorcycles","Petrol","HARLEY-DAVIDSON","XR SERIES",271
"Motorcycles","Petrol","HARLEY DAVIDSON","CRU SERIES",22
"Motorcycles","Petrol","HARMONY FORTUNE CO. LTD","UNKNOWN",3
"Motorcycles","Petrol","HARRIS MOTORCYCLES","UNKNOWN",0
"Motorcycles","Petrol","HARTFORD","SA",50
"Motorcycles","Petrol","HARTFORD","UNKNOWN",49
"Motorcycles","Petrol","HEADBANGER","UNKNOWN",3
"Motorcycles","Petrol","HEINKEL","UNKNOWN",5
"Motorcycles","Petrol","HELLBOUND STEEL","FURY",19
"Motorcycles","Petrol","HELLBOUND STEEL","HELLION",11
"Motorcycles","Petrol","HELLBOUND STEEL","UNKNOWN",4
"Motorcycles","Petrol","HESKETH","UNKNOWN",0
"Motorcycles","Petrol","HODAKA","UNKNOWN",3
"Motorcycles","Petrol","HOME MADE","UNKNOWN",260
"Motorcycles","Petrol","HOMEMADE","UNKNOWN",3
"Motorcycles","Petrol","HONDA","ADV150",329
"Motorcycles","Petrol","HONDA","BALI",28
"Motorcycles","Petrol","HONDA","BROS 400",13
"Motorcycles","Petrol","HONDA","C110X",2870
"Motorcycles","Petrol","HONDA","C125",195
"Motorcycles","Petrol","HONDA","C50",26
"Motorcycles","Petrol","HONDA","C70",10
"Motorcycles","Petrol","HONDA","C90",80
"Motorcycles","Petrol","HONDA","CB100",36
"Motorcycles","Petrol","HONDA","CB1000",578
"Motorcycles","Petrol","HONDA","CB1100",210
"Motorcycles","Petrol","HONDA","CB125",6222
"Motorcycles","Petrol","HONDA","CB1300",408
"Motorcycles","Petrol","HONDA","CB175",15
"Motorcycles","Petrol","HONDA","CB200",21
"Motorcycles","Petrol","HONDA","CB250",1152
"Motorcycles","Petrol","HONDA","CB300",3137
"Motorcycles","Petrol","HONDA","CB350",85
"Motorcycles","Petrol","HONDA","CB360",14
"Motorcycles","Petrol","HONDA","CB400",1735
"Motorcycles","Petrol","HONDA","CB450",51
"Motorcycles","Petrol","HONDA","CB500",5580
"Motorcycles","Petrol","HONDA","CB550",68
"Motorcycles","Petrol","HONDA","CB600",403
"Motorcycles","Petrol","HONDA","CB650",2185
"Motorcycles","Petrol","HONDA","CB750",1264
"Motorcycles","Petrol","HONDA","CB900",1215
"Motorcycles","Petrol","HONDA","CBF1000",272
"Motorcycles","Petrol","HONDA","CBF125",1896
"Motorcycles","Petrol","HONDA","CBF250",925
"Motorcycles","Petrol","HONDA","CBR SERIES",18
"Motorcycles","Petrol","HONDA","CBR1000",4597
"Motorcycles","Petrol","HONDA","CBR1100",2404
"Motorcycles","Petrol","HONDA","CBR125",672
"Motorcycles","Petrol","HONDA","CBR250",4181
"Motorcycles","Petrol","HONDA","CBR400",14
"Motorcycles","Petrol","HONDA","CBR500",6657
"Motorcycles","Petrol","HONDA","CBR500R",13
"Motorcycles","Petrol","HONDA","CBR600",3528
"Motorcycles","Petrol","HONDA","CBR650",3418
"Motorcycles","Petrol","HONDA","CBR650R",456
"Motorcycles","Petrol","HONDA","CBR750",11
"Motorcycles","Petrol","HONDA","CBR900",1347
"Motorcycles","Petrol","HONDA","CBX SERIES",17
"Motorcycles","Petrol","HONDA","CBX1000",113
"Motorcycles","Petrol","HONDA","CBX250",25
"Motorcycles","Petrol","HONDA","CBX750",33
"Motorcycles","Petrol","HONDA","CD250",90
"Motorcycles","Petrol","HONDA","CD90",10
"Motorcycles","Petrol","HONDA","CHF50",144
"Motorcycles","Petrol","HONDA","CL350",10
"Motorcycles","Petrol","HONDA","CL500",287
"Motorcycles","Petrol","HONDA","CM250",37
"Motorcycles","Petrol","HONDA","CMX1100",487
"Motorcycles","Petrol","HONDA","CMX250",14
"Motorcycles","Petrol","HONDA","CMX500",5234
"Motorcycles","Petrol","HONDA","CR125",14
"Motorcycles","Petrol","HONDA","CR250",83
"Motorcycles","Petrol","HONDA","CR500",15
"Motorcycles","Petrol","HONDA","CRE500",109
"Motorcycles","Petrol","HONDA","CRF SERIES",15
"Motorcycles","Petrol","HONDA","CRF1000",2202
"Motorcycles","Petrol","HONDA","CRF1100",1013
"Motorcycles","Petrol","HONDA","CRF125",56
"Motorcycles","Petrol","HONDA","CRF150",126
"Motorcycles","Petrol","HONDA","CRF230",816
"Motorcycles","Petrol","HONDA","CRF250",4948
"Motorcycles","Petrol","HONDA","CRF300",2748
"Motorcycles","Petrol","HONDA","CRF450",4048
"Motorcycles","Petrol","HONDA","CRM250",72
"Motorcycles","Petrol","HONDA","CT SERIES",10
"Motorcycles","Petrol","HONDA","CT110",7274
"Motorcycles","Petrol","HONDA","CT125",767
"Motorcycles","Petrol","HONDA","CT200",130
"Motorcycles","Petrol","HONDA","CT70",39
"Motorcycles","Petrol","HONDA","CT90",73
"Motorcycles","Petrol","HONDA","CTX1300",98
"Motorcycles","Petrol","HONDA","CTX200",655
"Motorcycles","Petrol","HONDA","CTX700",215
"Motorcycles","Petrol","HONDA","CX500",247
"Motorcycles","Petrol","HONDA","CX650",25
"Motorcycles","Petrol","HONDA","DIO110",58
"Motorcycles","Petrol","HONDA","FES250",71
"Motorcycles","Petrol","HONDA","FJS400",15
"Motorcycles","Petrol","HONDA","FORZA",90
"Motorcycles","Petrol","HONDA","FT500",11
"Motorcycles","Petrol","HONDA","GB250",24
"Motorcycles","Petrol","HONDA","GB350",270
"Motorcycles","Petrol","HONDA","GB400",68
"Motorcycles","Petrol","HONDA","GB500",22
"Motorcycles","Petrol","HONDA","GL1000",75
"Motorcycles","Petrol","HONDA","GL1100",33
"Motorcycles","Petrol","HONDA","GL1200",57
"Motorcycles","Petrol","HONDA","GL1500",740
"Motorcycles","Petrol","HONDA","GL1800",1777
"Motorcycles","Petrol","HONDA","GOLDWING",34
"Motorcycles","Petrol","HONDA","H100",14
"Motorcycles","Petrol","HONDA","HORNET",18
"Motorcycles","Petrol","HONDA","LEAD SERIES",20
"Motorcycles","Petrol","HONDA","MAGNA",11
"Motorcycles","Petrol","HONDA","MOTOCOMPO",11
"Motorcycles","Petrol","HONDA","MSX125",3451
"Motorcycles","Petrol","HONDA","MW110",737
"Motorcycles","Petrol","HONDA","NAVI",560
"Motorcycles","Petrol","HONDA","NBC110",5530
"Motorcycles","Petrol","HONDA","NC50",32
"Motorcycles","Petrol","HONDA","NC700",348
"Motorcycles","Petrol","HONDA","NC750",446
"Motorcycles","Petrol","HONDA","NCB150",13
"Motorcycles","Petrol","HONDA","NES125",239
"Motorcycles","Petrol","HONDA","NQ50",10
"Motorcycles","Petrol","HONDA","NRX1800",21
"Motorcycles","Petrol","HONDA","NSA700",162
"Motorcycles","Petrol","HONDA","NSC110",6592
"Motorcycles","Petrol","HONDA","NSR150",90
"Motorcycles","Petrol","HONDA","NSR250",116
"Motorcycles","Petrol","HONDA","NSS250",94
"Motorcycles","Petrol","HONDA","NSS300",597
"Motorcycles","Petrol","HONDA","NSS350",340
"Motorcycles","Petrol","HONDA","NT1100",179
"Motorcycles","Petrol","HONDA","NT650",205
"Motorcycles","Petrol","HONDA","NT700",308
"Motorcycles","Petrol","HONDA","NTV650",42
"Motorcycles","Petrol","HONDA","NVS50",1645
"Motorcycles","Petrol","HONDA","NX500",38
"Motorcycles","Petrol","HONDA","NX650",336
"Motorcycles","Petrol","HONDA","PCX125",1114
"Motorcycles","Petrol","HONDA","PCX150",2229
"Motorcycles","Petrol","HONDA","REBEL",228
"Motorcycles","Petrol","HONDA","RVF400",109
"Motorcycles","Petrol","HONDA","SCF100",32
"Motorcycles","Petrol","HONDA","SCV100",878
"Motorcycles","Petrol","HONDA","SE50",36
"Motorcycles","Petrol","HONDA","SH150",500
"Motorcycles","Petrol","HONDA","SH300",98
"Motorcycles","Petrol","HONDA","SILVERWING",97
"Motorcycles","Petrol","HONDA","SK50",142
"Motorcycles","Petrol","HONDA","SL230",278
"Motorcycles","Petrol","HONDA","SL350",22
"Motorcycles","Petrol","HONDA","SPACY",36
"Motorcycles","Petrol","HONDA","ST1100",721
"Motorcycles","Petrol","HONDA","ST1300",1002
"Motorcycles","Petrol","HONDA","ST70",15
"Motorcycles","Petrol","HONDA","STEED",51
"Motorcycles","Petrol","HONDA","TA200",108
"Motorcycles","Petrol","HONDA","UNKNOWN",3178
"Motorcycles","Petrol","HONDA","VF1000",57
"Motorcycles","Petrol","HONDA","VF750",151
"Motorcycles","Petrol","HONDA","VFR1200",689
"Motorcycles","Petrol","HONDA","VFR400",45
"Motorcycles","Petrol","HONDA","VFR750",502
"Motorcycles","Petrol","HONDA","VFR800",3312
"Motorcycles","Petrol","HONDA","VLX400",41
"Motorcycles","Petrol","HONDA","VLX600",15
"Motorcycles","Petrol","HONDA","VT1100",601
"Motorcycles","Petrol","HONDA","VT1300",691
"Motorcycles","Petrol","HONDA","VT250",514
"Motorcycles","Petrol","HONDA","VT400",862
"Motorcycles","Petrol","HONDA","VT600",189
"Motorcycles","Petrol","HONDA","VT750",4780
"Motorcycles","Petrol","HONDA","VTR1000",2539
"Motorcycles","Petrol","HONDA","VTR250",2039
"Motorcycles","Petrol","HONDA","VTX1300",561
"Motorcycles","Petrol","HONDA","VTX1800",557
"Motorcycles","Petrol","HONDA","XBR500",14
"Motorcycles","Petrol","HONDA","XL SERIES",18
"Motorcycles","Petrol","HONDA","XL100",17
"Motorcycles","Petrol","HONDA","XL1000",260
"Motorcycles","Petrol","HONDA","XL125",11
"Motorcycles","Petrol","HONDA","XL175",24
"Motorcycles","Petrol","HONDA","XL185",100
"Motorcycles","Petrol","HONDA","XL200",13
"Motorcycles","Petrol","HONDA","XL250",338
"Motorcycles","Petrol","HONDA","XL350",35
"Motorcycles","Petrol","HONDA","XL500",85
"Motorcycles","Petrol","HONDA","XL600",61
"Motorcycles","Petrol","HONDA","XL650",334
"Motorcycles","Petrol","HONDA","XL700",105
"Motorcycles","Petrol","HONDA","XL750",804
"Motorcycles","Petrol","HONDA","XLR250",10
"Motorcycles","Petrol","HONDA","XLV750",15
"Motorcycles","Petrol","HONDA","XLX250",17
"Motorcycles","Petrol","HONDA","XR SERIES",22
"Motorcycles","Petrol","HONDA","XR125",15
"Motorcycles","Petrol","HONDA","XR150",124
"Motorcycles","Petrol","HONDA","XR190",1049
"Motorcycles","Petrol","HONDA","XR200",68
"Motorcycles","Petrol","HONDA","XR250",1668
"Motorcycles","Petrol","HONDA","XR350",57
"Motorcycles","Petrol","HONDA","XR400",2332
"Motorcycles","Petrol","HONDA","XR500",35
"Motorcycles","Petrol","HONDA","XR600",933
"Motorcycles","Petrol","HONDA","XR650",1128
"Motorcycles","Petrol","HONDA","XRV750",24
"Motorcycles","Petrol","HONDA","Z125",967
"Motorcycles","Petrol","HONDA","Z50",396
"Motorcycles","Petrol","HONDA","ZOOMER",46
"Motorcycles","Petrol","HONLING","UNKNOWN",8
"Motorcycles","Petrol","HOWARD","UNKNOWN",3
"Motorcycles","Petrol","HPU","UNKNOWN",3
"Motorcycles","Petrol","HUANSONG","UNKNOWN",24
"Motorcycles","Petrol","HUATIAN","MCI AQUILLO 50",30
"Motorcycles","Petrol","HUMBER","UNKNOWN",0
"Motorcycles","Petrol","HUMMER","UNKNOWN",0
"Motorcycles","Petrol","HUNTER","UNKNOWN",4
"Motorcycles","Petrol","HUSABERG","FE SERIES",19
"Motorcycles","Petrol","HUSABERG","FE350",103
"Motorcycles","Petrol","HUSABERG","FE390",261
"Motorcycles","Petrol","HUSABERG","FE400",13
"Motorcycles","Petrol","HUSABERG","FE450",341
"Motorcycles","Petrol","HUSABERG","FE501",147
"Motorcycles","Petrol","HUSABERG","FE550",63
"Motorcycles","Petrol","HUSABERG","FE570",305
"Motorcycles","Petrol","HUSABERG","FE650",50
"Motorcycles","Petrol","HUSABERG","FS570",12
"Motorcycles","Petrol","HUSABERG","FS650",15
"Motorcycles","Petrol","HUSABERG","TE250",45
"Motorcycles","Petrol","HUSABERG","TE300",171
"Motorcycles","Petrol","HUSABERG","UNKNOWN",657
"Motorcycles","Petrol","HUSQVARNA","701",1075
"Motorcycles","Petrol","HUSQVARNA","ENDURO",102
"Motorcycles","Petrol","HUSQVARNA","FC250",55
"Motorcycles","Petrol","HUSQVARNA","FC350",88
"Motorcycles","Petrol","HUSQVARNA","FC450",58
"Motorcycles","Petrol","HUSQVARNA","FE",788
"Motorcycles","Petrol","HUSQVARNA","FE250",311
"Motorcycles","Petrol","HUSQVARNA","FE350",1132
"Motorcycles","Petrol","HUSQVARNA","FE450",600
"Motorcycles","Petrol","HUSQVARNA","FE501",1194
"Motorcycles","Petrol","HUSQVARNA","FE701",73
"Motorcycles","Petrol","HUSQVARNA","FX350",219
"Motorcycles","Petrol","HUSQVARNA","FX450",57
"Motorcycles","Petrol","HUSQVARNA","N SERIES",422
"Motorcycles","Petrol","HUSQVARNA","NORDEN",166
"Motorcycles","Petrol","HUSQVARNA","NORDEN 901",200
"Motorcycles","Petrol","HUSQVARNA","NUDA900",92
"Motorcycles","Petrol","HUSQVARNA","PILEN SERIES",464
"Motorcycles","Petrol","HUSQVARNA","SM610",13
"Motorcycles","Petrol","HUSQVARNA","SM701",145
"Motorcycles","Petrol","HUSQVARNA","SMR450",13
"Motorcycles","Petrol","HUSQVARNA","SMR511",21
"Motorcycles","Petrol","HUSQVARNA","SP401",409
"Motorcycles","Petrol","HUSQVARNA","SP701",20
"Motorcycles","Petrol","HUSQVARNA","SVARTPILEN",162
"Motorcycles","Petrol","HUSQVARNA","TC125",10
"Motorcycles","Petrol","HUSQVARNA","TC250",39
"Motorcycles","Petrol","HUSQVARNA","TC450",19
"Motorcycles","Petrol","HUSQVARNA","TC85",14
"Motorcycles","Petrol","HUSQVARNA","TE",509
"Motorcycles","Petrol","HUSQVARNA","TE150",104
"Motorcycles","Petrol","HUSQVARNA","TE250",648
"Motorcycles","Petrol","HUSQVARNA","TE300",1584
"Motorcycles","Petrol","HUSQVARNA","TE310",364
"Motorcycles","Petrol","HUSQVARNA","TE449",202
"Motorcycles","Petrol","HUSQVARNA","TE450",260
"Motorcycles","Petrol","HUSQVARNA","TE510",249
"Motorcycles","Petrol","HUSQVARNA","TE511",149
"Motorcycles","Petrol","HUSQVARNA","TE610",102
"Motorcycles","Petrol","HUSQVARNA","TE630",37
"Motorcycles","Petrol","HUSQVARNA","TR650",188
"Motorcycles","Petrol","HUSQVARNA","TX300",200
"Motorcycles","Petrol","HUSQVARNA","TXC250",17
"Motorcycles","Petrol","HUSQVARNA","TXC310",14
"Motorcycles","Petrol","HUSQVARNA","TXC450",10
"Motorcycles","Petrol","HUSQVARNA","UNKNOWN",4381
"Motorcycles","Petrol","HUSQVARNA","VITPILEN",202
"Motorcycles","Petrol","HUSQVARNA","VP401",137
"Motorcycles","Petrol","HUSQVARNA","VP701",49
"Motorcycles","Petrol","HUSQVARNA","WR125",50
"Motorcycles","Petrol","HUSQVARNA","WR250",133
"Motorcycles","Petrol","HUSQVARNA","WR300",60
"Motorcycles","Petrol","HUSQVARNA","WR360",45
"Motorcycles","Petrol","HYOSUNG","EZ100",10
"Motorcycles","Petrol","HYOSUNG","GT250",538
"Motorcycles","Petrol","HYOSUNG","GT650",876
"Motorcycles","Petrol","HYOSUNG","GV250",529
"Motorcycles","Petrol","HYOSUNG","GV650",709
"Motorcycles","Petrol","HYOSUNG","SB50",14
"Motorcycles","Petrol","HYOSUNG","SF100",19
"Motorcycles","Petrol","HYOSUNG","SF50R",15
"Motorcycles","Petrol","HYOSUNG","UNKNOWN",422
"Motorcycles","Petrol","HYUNDAI","UNKNOWN",0
"Motorcycles","Petrol","IKONIC","UNKNOWN",4
"Motorcycles","Petrol","IKONIK","UNKNOWN",3
"Motorcycles","Petrol","INDEPENDENT CONSTRUCTOR","UNKNOWN",300
"Motorcycles","Petrol","INDIAN","CHALLENGER",334
"Motorcycles","Petrol","INDIAN","CHIEF",2433
"Motorcycles","Petrol","INDIAN","CHIEFTAIN",272
"Motorcycles","Petrol","INDIAN","DARK HORSE",139
"Motorcycles","Petrol","INDIAN","FTR",617
"Motorcycles","Petrol","INDIAN","PRINCE",10
"Motorcycles","Petrol","INDIAN","ROADMASTER",229
"Motorcycles","Petrol","INDIAN","SCOUT",3701
"Motorcycles","Petrol","INDIAN","SPRINGFIELD",178
"Motorcycles","Petrol","INDIAN","SUPER CHIEF",68
"Motorcycles","Petrol","INDIAN","TYPE D CHIEF",73
"Motorcycles","Petrol","INDIAN","UNKNOWN",340
"Motorcycles","Petrol","INDIAN","VINTAGE",67
"Motorcycles","Petrol","INDIAN MOTORCYCLES","FTR",65
"Motorcycles","Petrol","INDIAN MOTORCYCLES","SCOUT",452
"Motorcycles","Petrol","INNOCENTI","UNKNOWN",3
"Motorcycles","Petrol","ITALJET","DRAGSTER",112
"Motorcycles","Petrol","ITALJET","UNKNOWN",92
"Motorcycles","Petrol","IZH","UNKNOWN",5
"Motorcycles","Petrol","JAMES","UNKNOWN",7
"Motorcycles","Petrol","JAWA","UNKNOWN",58
"Motorcycles","Petrol","JENSEN","UNKNOWN",3
"Motorcycles","Petrol","JIAJUE","JJ150T",16
"Motorcycles","Petrol","JIAJUE","JJ17",14
"Motorcycles","Petrol","JIAJUE","JJ50QT",38
"Motorcycles","Petrol","JIAJUE","UNKNOWN",260
"Motorcycles","Petrol","JIANGMEN HUARI","UNKNOWN",0
"Motorcycles","Petrol","JIANSHE","UNKNOWN",4
"Motorcycles","Petrol","JINAN","UNKNOWN",3
"Motorcycles","Petrol","JINCHENG","UNKNOWN",3
"Motorcycles","Petrol","JMSTAR","UNKNOWN",4
"Motorcycles","Petrol","JONWAY","UNKNOWN",0
"Motorcycles","Petrol","JORDAN","UNKNOWN",3
"Motorcycles","Petrol","KAWASAKI","BIKE OFF ROAD",37
"Motorcycles","Petrol","KAWASAKI","BR125",260
"Motorcycles","Petrol","KAWASAKI","BR250",135
"Motorcycles","Petrol","KAWASAKI","DX200",18
"Motorcycles","Petrol","KAWASAKI","EL250",37
"Motorcycles","Petrol","KAWASAKI","ELIMINATOR",201
"Motorcycles","Petrol","KAWASAKI","EN400",27
"Motorcycles","Petrol","KAWASAKI","EN450",10
"Motorcycles","Petrol","KAWASAKI","EN650",5807
"Motorcycles","Petrol","KAWASAKI","ER-6F",103
"Motorcycles","Petrol","KAWASAKI","ER-6N",630
"Motorcycles","Petrol","KAWASAKI","ER300",530
"Motorcycles","Petrol","KAWASAKI","ER400",461
"Motorcycles","Petrol","KAWASAKI","ER500",254
"Motorcycles","Petrol","KAWASAKI","ER650",1253
"Motorcycles","Petrol","KAWASAKI","EX250",373
"Motorcycles","Petrol","KAWASAKI","EX250F",165
"Motorcycles","Petrol","KAWASAKI","EX250H",129
"Motorcycles","Petrol","KAWASAKI","EX250J",1161
"Motorcycles","Petrol","KAWASAKI","EX300",4885
"Motorcycles","Petrol","KAWASAKI","EX400",6892
"Motorcycles","Petrol","KAWASAKI","EX500",37
"Motorcycles","Petrol","KAWASAKI","EX650",2388
"Motorcycles","Petrol","KAWASAKI","GPX250",276
"Motorcycles","Petrol","KAWASAKI","GPX750",12
"Motorcycles","Petrol","KAWASAKI","GPZ1000",14
"Motorcycles","Petrol","KAWASAKI","GPZ1100",30
"Motorcycles","Petrol","KAWASAKI","GPZ750",19
"Motorcycles","Petrol","KAWASAKI","GPZ900",81
"Motorcycles","Petrol","KAWASAKI","GT550",21
"Motorcycles","Petrol","KAWASAKI","GTR1000",124
"Motorcycles","Petrol","KAWASAKI","GTR1400",393
"Motorcycles","Petrol","KAWASAKI","H2",101
"Motorcycles","Petrol","KAWASAKI","KDX200",151
"Motorcycles","Petrol","KAWASAKI","KDX250",24
"Motorcycles","Petrol","KAWASAKI","KL250",359
"Motorcycles","Petrol","KAWASAKI","KL650",2464
"Motorcycles","Petrol","KAWASAKI","KLE300",625
"Motorcycles","Petrol","KAWASAKI","KLE500",235
"Motorcycles","Petrol","KAWASAKI","KLE650",573
"Motorcycles","Petrol","KAWASAKI","KLR250",88
"Motorcycles","Petrol","KAWASAKI","KLR600",16
"Motorcycles","Petrol","KAWASAKI","KLR650",2797
"Motorcycles","Petrol","KAWASAKI","KLX110",18
"Motorcycles","Petrol","KAWASAKI","KLX140",103
"Motorcycles","Petrol","KAWASAKI","KLX150",1039
"Motorcycles","Petrol","KAWASAKI","KLX230",1028
"Motorcycles","Petrol","KAWASAKI","KLX250",2177
"Motorcycles","Petrol","KAWASAKI","KLX300",200
"Motorcycles","Petrol","KAWASAKI","KLX400",229
"Motorcycles","Petrol","KAWASAKI","KLX450",1094
"Motorcycles","Petrol","KAWASAKI","KLX650",101
"Motorcycles","Petrol","KAWASAKI","KLZ1000",446
"Motorcycles","Petrol","KAWASAKI","KR1",164
"Motorcycles","Petrol","KAWASAKI","KR250",22
"Motorcycles","Petrol","KAWASAKI","KX250",202
"Motorcycles","Petrol","KAWASAKI","KX450",169
"Motorcycles","Petrol","KAWASAKI","KX500",10
"Motorcycles","Petrol","KAWASAKI","KXF450",12
"Motorcycles","Petrol","KAWASAKI","KZ1000",62
"Motorcycles","Petrol","KAWASAKI","KZ250",11
"Motorcycles","Petrol","KAWASAKI","KZ550",10
"Motorcycles","Petrol","KAWASAKI","KZ650",28
"Motorcycles","Petrol","KAWASAKI","KZ750",37
"Motorcycles","Petrol","KAWASAKI","KZ900",36
"Motorcycles","Petrol","KAWASAKI","LE300",12
"Motorcycles","Petrol","KAWASAKI","LE650",157
"Motorcycles","Petrol","KAWASAKI","LX150",51
"Motorcycles","Petrol","KAWASAKI","LX230",13
"Motorcycles","Petrol","KAWASAKI","LX250",36
"Motorcycles","Petrol","KAWASAKI","NINJA1000",641
"Motorcycles","Petrol","KAWASAKI","NINJA250",834
"Motorcycles","Petrol","KAWASAKI","NINJA300",591
"Motorcycles","Petrol","KAWASAKI","NINJA400",295
"Motorcycles","Petrol","KAWASAKI","NINJA636",12
"Motorcycles","Petrol","KAWASAKI","NINJA650",1723
"Motorcycles","Petrol","KAWASAKI","STOCKMAN",37
"Motorcycles","Petrol","KAWASAKI","SUPERSHERPA",50
"Motorcycles","Petrol","KAWASAKI","UNKNOWN",11230
"Motorcycles","Petrol","KAWASAKI","VERSYS",414
"Motorcycles","Petrol","KAWASAKI","VN1500",709
"Motorcycles","Petrol","KAWASAKI","VN1600",818
"Motorcycles","Petrol","KAWASAKI","VN1700",536
"Motorcycles","Petrol","KAWASAKI","VN2000",161
"Motorcycles","Petrol","KAWASAKI","VN250",319
"Motorcycles","Petrol","KAWASAKI","VN650",14
"Motorcycles","Petrol","KAWASAKI","VN750",18
"Motorcycles","Petrol","KAWASAKI","VN800",815
"Motorcycles","Petrol","KAWASAKI","VN900",2579
"Motorcycles","Petrol","KAWASAKI","VOYAGER",12
"Motorcycles","Petrol","KAWASAKI","W1650",19
"Motorcycles","Petrol","KAWASAKI","W400",36
"Motorcycles","Petrol","KAWASAKI","W650",300
"Motorcycles","Petrol","KAWASAKI","W800",844
"Motorcycles","Petrol","KAWASAKI","Z1 900",36
"Motorcycles","Petrol","KAWASAKI","Z1000",892
"Motorcycles","Petrol","KAWASAKI","Z1100",29
"Motorcycles","Petrol","KAWASAKI","Z125",29
"Motorcycles","Petrol","KAWASAKI","Z1300",49
"Motorcycles","Petrol","KAWASAKI","Z1900",87
"Motorcycles","Petrol","KAWASAKI","Z200",13
"Motorcycles","Petrol","KAWASAKI","Z250",28
"Motorcycles","Petrol","KAWASAKI","Z300",68
"Motorcycles","Petrol","KAWASAKI","Z400",131
"Motorcycles","Petrol","KAWASAKI","Z500",97
"Motorcycles","Petrol","KAWASAKI","Z650",552
"Motorcycles","Petrol","KAWASAKI","Z750",249
"Motorcycles","Petrol","KAWASAKI","Z800",123
"Motorcycles","Petrol","KAWASAKI","Z900",1076
"Motorcycles","Petrol","KAWASAKI","ZG1000",129
"Motorcycles","Petrol","KAWASAKI","ZG1400",376
"Motorcycles","Petrol","KAWASAKI","ZL1000",14
"Motorcycles","Petrol","KAWASAKI","ZR1000",1011
"Motorcycles","Petrol","KAWASAKI","ZR1100",58
"Motorcycles","Petrol","KAWASAKI","ZR1200",162
"Motorcycles","Petrol","KAWASAKI","ZR250",19
"Motorcycles","Petrol","KAWASAKI","ZR550",55
"Motorcycles","Petrol","KAWASAKI","ZR750",521
"Motorcycles","Petrol","KAWASAKI","ZR800",175
"Motorcycles","Petrol","KAWASAKI","ZR900",2608
"Motorcycles","Petrol","KAWASAKI","ZRX1100",68
"Motorcycles","Petrol","KAWASAKI","ZRX1200",268
"Motorcycles","Petrol","KAWASAKI","ZX1000",2221
"Motorcycles","Petrol","KAWASAKI","ZX1002",369
"Motorcycles","Petrol","KAWASAKI","ZX10R",586
"Motorcycles","Petrol","KAWASAKI","ZX1100",218
"Motorcycles","Petrol","KAWASAKI","ZX1200",251
"Motorcycles","Petrol","KAWASAKI","ZX12R",173
"Motorcycles","Petrol","KAWASAKI","ZX1400",1186
"Motorcycles","Petrol","KAWASAKI","ZX14R",327
"Motorcycles","Petrol","KAWASAKI","ZX250",134
"Motorcycles","Petrol","KAWASAKI","ZX300",43
"Motorcycles","Petrol","KAWASAKI","ZX400",257
"Motorcycles","Petrol","KAWASAKI","ZX600",531
"Motorcycles","Petrol","KAWASAKI","ZX636",772
"Motorcycles","Petrol","KAWASAKI","ZX6R",754
"Motorcycles","Petrol","KAWASAKI","ZX750",231
"Motorcycles","Petrol","KAWASAKI","ZX900",336
"Motorcycles","Petrol","KAWASAKI","ZX9R",275
"Motorcycles","Petrol","KAWASAKI","ZXR1200",13
"Motorcycles","Petrol","KAWASAKI","ZXR250",77
"Motorcycles","Petrol","KAWASAKI","ZXR636",19
"Motorcycles","Petrol","KAWASAKI","ZXR750",47
"Motorcycles","Petrol","KAWASAKI","ZZR1100",218
"Motorcycles","Petrol","KAWASAKI","ZZR1200",84
"Motorcycles","Petrol","KAWASAKI","ZZR250",231
"Motorcycles","Petrol","KAWASAKI","ZZR600",190
"Motorcycles","Petrol","KAZUMA","UNKNOWN",3
"Motorcycles","Petrol","KEEWAY","UNKNOWN",11
"Motorcycles","Petrol","KING LONG","UNKNOWN",39
"Motorcycles","Petrol","KINLON","UNKNOWN",3
"Motorcycles","Petrol","KINROAD","UNKNOWN",5
"Motorcycles","Petrol","KTM","1050",26
"Motorcycles","Petrol","KTM","1090",39
"Motorcycles","Petrol","KTM","1190",349
"Motorcycles","Petrol","KTM","125",42
"Motorcycles","Petrol","KTM","1290",582
"Motorcycles","Petrol","KTM","200",336
"Motorcycles","Petrol","KTM","200EXC",384
"Motorcycles","Petrol","KTM","250",168
"Motorcycles","Petrol","KTM","250EXC",1711
"Motorcycles","Petrol","KTM","2T-EXC",3260
"Motorcycles","Petrol","KTM","300",74
"Motorcycles","Petrol","KTM","300EXC",4048
"Motorcycles","Petrol","KTM","350",723
"Motorcycles","Petrol","KTM","350EXC",2320
"Motorcycles","Petrol","KTM","350XC",67
"Motorcycles","Petrol","KTM","350XCF",290
"Motorcycles","Petrol","KTM","360",10
"Motorcycles","Petrol","KTM","380",31
"Motorcycles","Petrol","KTM","390",464
"Motorcycles","Petrol","KTM","390 ADVENTURE",438
"Motorcycles","Petrol","KTM","390 DUKE",1146
"Motorcycles","Petrol","KTM","400",28
"Motorcycles","Petrol","KTM","400EXC",242
"Motorcycles","Petrol","KTM","450",77
"Motorcycles","Petrol","KTM","450EXC",3385
"Motorcycles","Petrol","KTM","4T-EXC",7276
"Motorcycles","Petrol","KTM","500",15
"Motorcycles","Petrol","KTM","500EXC",2461
"Motorcycles","Petrol","KTM","500EXE",21
"Motorcycles","Petrol","KTM","520EXC",241
"Motorcycles","Petrol","KTM","525",16
"Motorcycles","Petrol","KTM","525EXC",774
"Motorcycles","Petrol","KTM","530",39
"Motorcycles","Petrol","KTM","530EXC",463
"Motorcycles","Petrol","KTM","620",24
"Motorcycles","Petrol","KTM","625",145
"Motorcycles","Petrol","KTM","640",143
"Motorcycles","Petrol","KTM","690",2468
"Motorcycles","Petrol","KTM","690 LC4 SERIES",38
"Motorcycles","Petrol","KTM","790",133
"Motorcycles","Petrol","KTM","950",100
"Motorcycles","Petrol","KTM","990",392
"Motorcycles","Petrol","KTM","ADVENTURE",5353
"Motorcycles","Petrol","KTM","DUKE",1053
"Motorcycles","Petrol","KTM","EXC",248
"Motorcycles","Petrol","KTM","FE",20
"Motorcycles","Petrol","KTM","FREERIDE",284
"Motorcycles","Petrol","KTM","IS DUKE",2534
"Motorcycles","Petrol","KTM","IS RC",497
"Motorcycles","Petrol","KTM","LC4",34
"Motorcycles","Petrol","KTM","LC8",275
"Motorcycles","Petrol","KTM","RALLY",10
"Motorcycles","Petrol","KTM","RC390",725
"Motorcycles","Petrol","KTM","SUPER DUKE",1424
"Motorcycles","Petrol","KTM","SXF",11
"Motorcycles","Petrol","KTM","UNKNOWN",11284
"Motorcycles","Petrol","KYMCO","AGILITY SERIES",1377
"Motorcycles","Petrol","KYMCO","AK SERIES",74
"Motorcycles","Petrol","KYMCO","CK125T-6",148
"Motorcycles","Petrol","KYMCO","CK50QT-5",553
"Motorcycles","Petrol","KYMCO","D1",57
"Motorcycles","Petrol","KYMCO","DT SERIES",133
"Motorcycles","Petrol","KYMCO","KG10AA",318
"Motorcycles","Petrol","KYMCO","LIKE SERIES",1126
"Motorcycles","Petrol","KYMCO","PEOPLE 150",348
"Motorcycles","Petrol","KYMCO","PEOPLE SERIES",80
"Motorcycles","Petrol","KYMCO","S1",21
"Motorcycles","Petrol","KYMCO","S6 SERIES",48
"Motorcycles","Petrol","KYMCO","S7 SERIES",54
"Motorcycles","Petrol","KYMCO","SC10AS",166
"Motorcycles","Petrol","KYMCO","SUPER8-50",46
"Motorcycles","Petrol","KYMCO","T7",29
"Motorcycles","Petrol","KYMCO","UNKNOWN",7839
"Motorcycles","Petrol","KYMCO","V2",16
"Motorcycles","Petrol","LAMBRETTA","GP150",10
"Motorcycles","Petrol","LAMBRETTA","GP200",23
"Motorcycles","Petrol","LAMBRETTA","GR150",10
"Motorcycles","Petrol","LAMBRETTA","LI125",21
"Motorcycles","Petrol","LAMBRETTA","LI150",42
"Motorcycles","Petrol","LAMBRETTA","SX200",10
"Motorcycles","Petrol","LAMBRETTA","TV175",14
"Motorcycles","Petrol","LAMBRETTA","UNKNOWN",509
"Motorcycles","Petrol","LAMBRETTA","V SERIES",50
"Motorcycles","Petrol","LAMBRETTA","V125",22
"Motorcycles","Petrol","LAMBRETTA","V200",188
"Motorcycles","Petrol","LAMBRETTA","V50",50
"Motorcycles","Petrol","LAMBRETTA","X300",54
"Motorcycles","Petrol","LARO-DADYW","DD250E-9B SERIES",14
"Motorcycles","Petrol","LARO-DADYW","UNKNOWN",71
"Motorcycles","Petrol","LAVERDA","UNKNOWN",158
"Motorcycles","Petrol","LEGEND","UNKNOWN",7
"Motorcycles","Petrol","LEVIS","UNKNOWN",0
"Motorcycles","Petrol","LIFAN","LF250",22
"Motorcycles","Petrol","LIFAN","UNKNOWN",10
"Motorcycles","Petrol","LIFENG","DD250E10",28
"Motorcycles","Petrol","LIFENG","UNKNOWN",24
"Motorcycles","Petrol","LIFENG  DADDYW","UNKNOWN",0
"Motorcycles","Petrol","LIFENG DADDYW","UNKNOWN",0
"Motorcycles","Petrol","LML","NV-150",13
"Motorcycles","Petrol","LML","STAR AUTOMATIC",21
"Motorcycles","Petrol","LML","UNKNOWN",70
"Motorcycles","Petrol","LONCIN","LX250-8",17
"Motorcycles","Petrol","LONCIN","UNKNOWN",27
"Motorcycles","Petrol","LONGJIA","ESTATE 50",28
"Motorcycles","Petrol","LONGJIA","LJ-T-V",20
"Motorcycles","Petrol","LONGJIA","LJ125T",32
"Motorcycles","Petrol","LONGJIA","LJ50QT",1177
"Motorcycles","Petrol","LONGJIA","LJ50QT-F",10
"Motorcycles","Petrol","LONGJIA","LJ50QT - M",13
"Motorcycles","Petrol","LONGJIA","TREVIS 125",12
"Motorcycles","Petrol","LONGJIA","UNKNOWN",877
"Motorcycles","Petrol","LONGJIA","ZOOT CITY",109
"Motorcycles","Petrol","LONGJIA","ZOOT METRO",197
"Motorcycles","Petrol","LONGJIA","ZOOT MILAN",117
"Motorcycles","Petrol","LONGJIA","ZOOT SUBURBAN",24
"Motorcycles","Petrol","MAGNI","UNKNOWN",3
"Motorcycles","Petrol","MAICO","UNKNOWN",11
"Motorcycles","Petrol","MALAGUTI","UNKNOWN",7
"Motorcycles","Petrol","MALVERN STAR","UNKNOWN",3
"Motorcycles","Petrol","MARSHIN","UNKNOWN",3
"Motorcycles","Petrol","MARTIN","UNKNOWN",3
"Motorcycles","Petrol","MARUSHO","UNKNOWN",0
"Motorcycles","Petrol","MATCHLESS","UNKNOWN",241
"Motorcycles","Petrol","MCLAREN","UNKNOWN",3
"Motorcycles","Petrol","MEGELLI","UNKNOWN",6
"Motorcycles","Petrol","MEIDUO","UNKNOWN",7
"Motorcycles","Petrol","MEITIAN","UNKNOWN",8
"Motorcycles","Petrol","MERCEDES-BENZ","500SL",0
"Motorcycles","Petrol","MERCURY","UNKNOWN",0
"Motorcycles","Petrol","MESSERSCHMITT","UNKNOWN",3
"Motorcycles","Petrol","MID WEST CHOPPER","UNKNOWN",3
"Motorcycles","Petrol","MOJO","UNKNOWN",0
"Motorcycles","Petrol","MONDIAL","UNKNOWN",11
"Motorcycles","Petrol","MONTESA","UNKNOWN",15
"Motorcycles","Petrol","MORGAN","UNKNOWN",3
"Motorcycles","Petrol","MORRIS","UNKNOWN",3
"Motorcycles","Petrol","MOTO GUZZI","AMBASSADOR",12
"Motorcycles","Petrol","MOTO GUZZI","AUDACE",13
"Motorcycles","Petrol","MOTO GUZZI","BELLAGIO",72
"Motorcycles","Petrol","MOTO GUZZI","BREVA",263
"Motorcycles","Petrol","MOTO GUZZI","CALIFORNIA",655
"Motorcycles","Petrol","MOTO GUZZI","DAYTONA",23
"Motorcycles","Petrol","MOTO GUZZI","FALCONE",14
"Motorcycles","Petrol","MOTO GUZZI","GRISO",225
"Motorcycles","Petrol","MOTO GUZZI","GRISO V1100",10
"Motorcycles","Petrol","MOTO GUZZI","LE MANS",167
"Motorcycles","Petrol","MOTO GUZZI","NEVADA",121
"Motorcycles","Petrol","MOTO GUZZI","NORGE",64
"Motorcycles","Petrol","MOTO GUZZI","NTX",11
"Motorcycles","Petrol","MOTO GUZZI","QUOTA",11
"Motorcycles","Petrol","MOTO GUZZI","SPORT",221
"Motorcycles","Petrol","MOTO GUZZI","STELVIO",114
"Motorcycles","Petrol","MOTO GUZZI","UNKNOWN",1198
"Motorcycles","Petrol","MOTO GUZZI","V10",15
"Motorcycles","Petrol","MOTO GUZZI","V100 MANDELLO",123
"Motorcycles","Petrol","MOTO GUZZI","V11",61
"Motorcycles","Petrol","MOTO GUZZI","V50",29
"Motorcycles","Petrol","MOTO GUZZI","V65",14
"Motorcycles","Petrol","MOTO GUZZI","V7",916
"Motorcycles","Petrol","MOTO GUZZI","V85",354
"Motorcycles","Petrol","MOTO GUZZI","V9",68
"Motorcycles","Petrol","MOTO MORINI","UNKNOWN",61
"Motorcycles","Petrol","MOTOBECANE","UNKNOWN",9
"Motorcycles","Petrol","MOTOBELLA","UNKNOWN",5
"Motorcycles","Petrol","MOTORR","UNKNOWN",5
"Motorcycles","Petrol","MOTOVERT","UNKNOWN",4
"Motorcycles","Petrol","MOTOX","UNKNOWN",0
"Motorcycles","Petrol","MUTT MOTORCYCLES","QM250-2X",32
"Motorcycles","Petrol","MUTT MOTORCYCLES","UNKNOWN",258
"Motorcycles","Petrol","MUZ","UNKNOWN",56
"Motorcycles","Petrol","MV AGUSTA","A",18
"Motorcycles","Petrol","MV AGUSTA","B1",65
"Motorcycles","Petrol","MV AGUSTA","B3",109
"Motorcycles","Petrol","MV AGUSTA","BRUTALE",393
"Motorcycles","Petrol","MV AGUSTA","D",22
"Motorcycles","Petrol","MV AGUSTA","DRAGSTER",110
"Motorcycles","Petrol","MV AGUSTA","F3",224
"Motorcycles","Petrol","MV AGUSTA","F4",491
"Motorcycles","Petrol","MV AGUSTA","H",17
"Motorcycles","Petrol","MV AGUSTA","RIVALE",15
"Motorcycles","Petrol","MV AGUSTA","SUPERVELOCE",24
"Motorcycles","Petrol","MV AGUSTA","TURISMO VELOCE",116
"Motorcycles","Petrol","MV AGUSTA","UNKNOWN",230
"Motorcycles","Petrol","MVZ","UNKNOWN",0
"Motorcycles","Petrol","NESS","UNKNOWN",3
"Motorcycles","Petrol","NEW HUDSON","UNKNOWN",0
"Motorcycles","Petrol","NIMBUS","UNKNOWN",3
"Motorcycles","Petrol","NIPPI","UNKNOWN",19
"Motorcycles","Petrol","NOBLE","UNKNOWN",3
"Motorcycles","Petrol","NORMAN","UNKNOWN",0
"Motorcycles","Petrol","NORTON","650SS",17
"Motorcycles","Petrol","NORTON","ATLAS",17
"Motorcycles","Petrol","NORTON","COMMANDO",532
"Motorcycles","Petrol","NORTON","DOMINATOR",39
"Motorcycles","Petrol","NORTON","ES2",50
"Motorcycles","Petrol","NORTON","UNKNOWN",642
"Motorcycles","Petrol","NSU","UNKNOWN",5
"Motorcycles","Petrol","ODES","UNKNOWN",4
"Motorcycles","Petrol","ORANGE COUNTY","UNKNOWN",5
"Motorcycles","Petrol","OSSA","UNKNOWN",0
"Motorcycles","Petrol","OZ-TRIKES","CHOPPER",421
"Motorcycles","Petrol","OZ-TRIKES","UNKNOWN",13
"Motorcycles","Petrol","OZBRO","UNKNOWN",3
"Motorcycles","Petrol","OZOOMA","UNKNOWN",0
"Motorcycles","Petrol","PAGSTA","DD250E",32
"Motorcycles","Petrol","PAGSTA","DD50E",34
"Motorcycles","Petrol","PAGSTA","DD50E-2",18
"Motorcycles","Petrol","PAGSTA","UNKNOWN",72
"Motorcycles","Petrol","PANTHER","UNKNOWN",107
"Motorcycles","Petrol","PAUGHCO","UNKNOWN",0
"Motorcycles","Petrol","PEUGEOT","BELVILLE",86
"Motorcycles","Petrol","PEUGEOT","DJANGO",925
"Motorcycles","Petrol","PEUGEOT","GEOPOLIS",33
"Motorcycles","Petrol","PEUGEOT","JETFORCE",11
"Motorcycles","Petrol","PEUGEOT","KISBEE 50",260
"Motorcycles","Petrol","PEUGEOT","LUDIX",23
"Motorcycles","Petrol","PEUGEOT","SPEEDFIGHT",74
"Motorcycles","Petrol","PEUGEOT","TWEET",126
"Motorcycles","Petrol","PEUGEOT","UNKNOWN",35
"Motorcycles","Petrol","PEUGEOT","VIVACITY",12
"Motorcycles","Petrol","PGO","PM",12
"Motorcycles","Petrol","PGO","UNKNOWN",334
"Motorcycles","Petrol","PHEONIX","UNKNOWN",0
"Motorcycles","Petrol","PIAGGIO","BEVERLY",490
"Motorcycles","Petrol","PIAGGIO","ET4",65
"Motorcycles","Petrol","PIAGGIO","FLY",3103
"Motorcycles","Petrol","PIAGGIO","LIBERTY",282
"Motorcycles","Petrol","PIAGGIO","MEDLEY",887
"Motorcycles","Petrol","PIAGGIO","MP3",304
"Motorcycles","Petrol","PIAGGIO","PSI M36",53
"Motorcycles","Petrol","PIAGGIO","PSI M52",22
"Motorcycles","Petrol","PIAGGIO","TYPHOON",946
"Motorcycles","Petrol","PIAGGIO","UNKNOWN",776
"Motorcycles","Petrol","PIAGGIO","X10",51
"Motorcycles","Petrol","PIAGGIO","X7",131
"Motorcycles","Petrol","PIAGGIO","X8",20
"Motorcycles","Petrol","PIAGGIO","X9",80
"Motorcycles","Petrol","PIAGGIO","XEV400",10
"Motorcycles","Petrol","PIAGGIO","XEVO",37
"Motorcycles","Petrol","PIAGGIO","YOURBAN",48
"Motorcycles","Petrol","PIAGGIO","ZIP100",138
"Motorcycles","Petrol","PIAGGIO","ZIP50",1112
"Motorcycles","Petrol","PIAGGIO VESPA","UNKNOWN",3
"Motorcycles","Petrol","PISTA","PISTA125",311
"Motorcycles","Petrol","PISTA","PISTA50",333
"Motorcycles","Petrol","PISTA","UNKNOWN",3
"Motorcycles","Petrol","PITPRO","UNKNOWN",4
"Motorcycles","Petrol","PRO-ONE","PRO-STREET SERIES",10
"Motorcycles","Petrol","PRO-ONE","UNKNOWN",44
"Motorcycles","Petrol","PUCH","UNKNOWN",14
"Motorcycles","Petrol","PUZEY","UNKNOWN",0
"Motorcycles","Petrol","QIANJIANG","PEJJ",12
"Motorcycles","Petrol","QIANJIANG","UNKNOWN",271
"Motorcycles","Petrol","QINGQI","UNKNOWN",14
"Motorcycles","Petrol","QINGQI","XF230",288
"Motorcycles","Petrol","QINQI","UNKNOWN",0
"Motorcycles","Petrol","QJ","UNKNOWN",0
"Motorcycles","Petrol","RABBIT","UNKNOWN",0
"Motorcycles","Petrol","RALEIGH","UNKNOWN",0
"Motorcycles","Petrol","RATO","UNKNOWN",3
"Motorcycles","Petrol","RC COMPONENT","UNKNOWN",3
"Motorcycles","Petrol","RED HORSE","UNKNOWN",0
"Motorcycles","Petrol","REGAL RAPTOR","UNKNOWN",3
"Motorcycles","Petrol","RELIANT","UNKNOWN",0
"Motorcycles","Petrol","REWACO","RF1-LT2",18
"Motorcycles","Petrol","REWACO","RF1 LT2",43
"Motorcycles","Petrol","REWACO","UNKNOWN",101
"Motorcycles","Petrol","RHON","LH250",65
"Motorcycles","Petrol","RICKMAN","UNKNOWN",10
"Motorcycles","Petrol","RIEJU","MR5E",112
"Motorcycles","Petrol","RIEJU","UNKNOWN",30
"Motorcycles","Petrol","RIYA","UNKNOWN",11
"Motorcycles","Petrol","RODS AND RIDES","UNKNOWN",0
"Motorcycles","Petrol","ROKETA","UNKNOWN",3
"Motorcycles","Petrol","ROYAL ALLOY","UNKNOWN",233
"Motorcycles","Petrol","ROYAL ENFIELD","BULLET",1675
"Motorcycles","Petrol","ROYAL ENFIELD","CLASSIC",1041
"Motorcycles","Petrol","ROYAL ENFIELD","CNEX",2668
"Motorcycles","Petrol","ROYAL ENFIELD","CONTINENTAL GT",813
"Motorcycles","Petrol","ROYAL ENFIELD","HIMALAYAN",2392
"Motorcycles","Petrol","ROYAL ENFIELD","HIMALAYAN 450",746
"Motorcycles","Petrol","ROYAL ENFIELD","INTERCEPTOR",861
"Motorcycles","Petrol","ROYAL ENFIELD","J1",1302
"Motorcycles","Petrol","ROYAL ENFIELD","METEOR",642
"Motorcycles","Petrol","ROYAL ENFIELD","SCRAM 411",143
"Motorcycles","Petrol","ROYAL ENFIELD","SUPER METEOR",221
"Motorcycles","Petrol","ROYAL ENFIELD","UNKNOWN",1704
"Motorcycles","Petrol","ROYALE","UNKNOWN",13
"Motorcycles","Petrol","RUDGE","UNKNOWN",18
"Motorcycles","Petrol","SACHS","649",11
"Motorcycles","Petrol","SACHS","UNKNOWN",325
"Motorcycles","Petrol","SANYANG","UNKNOWN",3
"Motorcycles","Petrol","SCOMADI","UNKNOWN",79
"Motorcycles","Petrol","SCOTT","UNKNOWN",9
"Motorcycles","Petrol","SCOTTY'S CHOPPERS","UNKNOWN",10
"Motorcycles","Petrol","SECMA","UNKNOWN",14
"Motorcycles","Petrol","SEGWAY","UNKNOWN",0
"Motorcycles","Petrol","SHENKE","UNKNOWN",5
"Motorcycles","Petrol","SHERCO","300SE",774
"Motorcycles","Petrol","SHERCO","ENDURO S4",13
"Motorcycles","Petrol","SHERCO","S4",48
"Motorcycles","Petrol","SHERCO","S6",655
"Motorcycles","Petrol","SHERCO","UNKNOWN",1171
"Motorcycles","Petrol","SHINERAY","UNKNOWN",280
"Motorcycles","Petrol","SHINERAY","XY400",71
"Motorcycles","Petrol","SIMSON","UNKNOWN",3
"Motorcycles","Petrol","SJ INT","UNKNOWN",6
"Motorcycles","Petrol","SKY TEAM","UNKNOWN",17
"Motorcycles","Petrol","SKYTEAM","MONKEY BIKE",10
"Motorcycles","Petrol","SKYTEAM","UNKNOWN",207
"Motorcycles","Petrol","SOL INVICTUS","MERCURY",30
"Motorcycles","Petrol","SOL INVICTUS","UNKNOWN",94
"Motorcycles","Petrol","SOLO","UNKNOWN",9
"Motorcycles","Petrol","SOUTHERN MOTORCYCLE WORKS","UNKNOWN",3
"Motorcycles","Petrol","STANDARD","NAVIGATOR 50",48
"Motorcycles","Petrol","STANDARD","UNKNOWN",14
"Motorcycles","Petrol","STARK","UNKNOWN",5
"Motorcycles","Petrol","STONEY CREEK","UNKNOWN",5
"Motorcycles","Petrol","SUCKER PUNCH SALLYS","UNKNOWN",0
"Motorcycles","Petrol","SUN","UNKNOWN",0
"Motorcycles","Petrol","SUNBEAM","S7",18
"Motorcycles","Petrol","SUNBEAM","UNKNOWN",40
"Motorcycles","Petrol","SUR-RON","LIGHT BEE",7
"Motorcycles","Petrol","SUR-RON","UNKNOWN",3
"Motorcycles","Petrol","SUZUKI","A100",46
"Motorcycles","Petrol","SUZUKI","AE50",32
"Motorcycles","Petrol","SUZUKI","AN250",110
"Motorcycles","Petrol","SUZUKI","AN400",300
"Motorcycles","Petrol","SUZUKI","AN650",614
"Motorcycles","Petrol","SUZUKI","BANDIT",157
"Motorcycles","Petrol","SUZUKI","BIKE OF/RD PRIM PROD",16
"Motorcycles","Petrol","SUZUKI","DL1000",1763
"Motorcycles","Petrol","SUZUKI","DL1050",411
"Motorcycles","Petrol","SUZUKI","DL250",133
"Motorcycles","Petrol","SUZUKI","DL650",5898
"Motorcycles","Petrol","SUZUKI","DL800",226
"Motorcycles","Petrol","SUZUKI","DR-Z125",18
"Motorcycles","Petrol","SUZUKI","DR-Z250",1170
"Motorcycles","Petrol","SUZUKI","DR-Z400",11614
"Motorcycles","Petrol","SUZUKI","DR200",1175
"Motorcycles","Petrol","SUZUKI","DR250",84
"Motorcycles","Petrol","SUZUKI","DR350",133
"Motorcycles","Petrol","SUZUKI","DR500",11
"Motorcycles","Petrol","SUZUKI","DR600",17
"Motorcycles","Petrol","SUZUKI","DR650",8696
"Motorcycles","Petrol","SUZUKI","DS250",543
"Motorcycles","Petrol","SUZUKI","FR80",13
"Motorcycles","Petrol","SUZUKI","FZ50",11
"Motorcycles","Petrol","SUZUKI","GN250",294
"Motorcycles","Petrol","SUZUKI","GP125",10
"Motorcycles","Petrol","SUZUKI","GR650",52
"Motorcycles","Petrol","SUZUKI","GS1000",96
"Motorcycles","Petrol","SUZUKI","GS1100",65
"Motorcycles","Petrol","SUZUKI","GS250",19
"Motorcycles","Petrol","SUZUKI","GS450",22
"Motorcycles","Petrol","SUZUKI","GS500",2718
"Motorcycles","Petrol","SUZUKI","GS550",16
"Motorcycles","Petrol","SUZUKI","GS650",25
"Motorcycles","Petrol","SUZUKI","GS750",54
"Motorcycles","Petrol","SUZUKI","GS850",60
"Motorcycles","Petrol","SUZUKI","GSF1200",1069
"Motorcycles","Petrol","SUZUKI","GSF1250",1784
"Motorcycles","Petrol","SUZUKI","GSF250",50
"Motorcycles","Petrol","SUZUKI","GSF600",34
"Motorcycles","Petrol","SUZUKI","GSR600",203
"Motorcycles","Petrol","SUZUKI","GSR750",296
"Motorcycles","Petrol","SUZUKI","GSX-8R",212
"Motorcycles","Petrol","SUZUKI","GSX-8S",46
"Motorcycles","Petrol","SUZUKI","GSX-R1000",3840
"Motorcycles","Petrol","SUZUKI","GSX-R1100",293
"Motorcycles","Petrol","SUZUKI","GSX-R125",157
"Motorcycles","Petrol","SUZUKI","GSX-R600",1942
"Motorcycles","Petrol","SUZUKI","GSX-R750",2824
"Motorcycles","Petrol","SUZUKI","GSX-S1000",2012
"Motorcycles","Petrol","SUZUKI","GSX-S1100",11
"Motorcycles","Petrol","SUZUKI","GSX-S125",547
"Motorcycles","Petrol","SUZUKI","GSX-S750",473
"Motorcycles","Petrol","SUZUKI","GSX1100",218
"Motorcycles","Petrol","SUZUKI","GSX1250",247
"Motorcycles","Petrol","SUZUKI","GSX1300",3415
"Motorcycles","Petrol","SUZUKI","GSX1400",1486
"Motorcycles","Petrol","SUZUKI","GSX250",658
"Motorcycles","Petrol","SUZUKI","GSX400",17
"Motorcycles","Petrol","SUZUKI","GSX600",14
"Motorcycles","Petrol","SUZUKI","GSX650",1061
"Motorcycles","Petrol","SUZUKI","GSX750",738
"Motorcycles","Petrol","SUZUKI","GSX800",49
"Motorcycles","Petrol","SUZUKI","GT185",11
"Motorcycles","Petrol","SUZUKI","GT250",23
"Motorcycles","Petrol","SUZUKI","GT380",14
"Motorcycles","Petrol","SUZUKI","GT550",28
"Motorcycles","Petrol","SUZUKI","GT750",93
"Motorcycles","Petrol","SUZUKI","GW250",508
"Motorcycles","Petrol","SUZUKI","GZ250",144
"Motorcycles","Petrol","SUZUKI","KATANA",34
"Motorcycles","Petrol","SUZUKI","KLX400",71
"Motorcycles","Petrol","SUZUKI","LS650",615
"Motorcycles","Petrol","SUZUKI","PE175",25
"Motorcycles","Petrol","SUZUKI","PE250",21
"Motorcycles","Petrol","SUZUKI","RE5",15
"Motorcycles","Petrol","SUZUKI","RF600",16
"Motorcycles","Petrol","SUZUKI","RF900",76
"Motorcycles","Petrol","SUZUKI","RG250",18
"Motorcycles","Petrol","SUZUKI","RG500",34
"Motorcycles","Petrol","SUZUKI","RGV250",268
"Motorcycles","Petrol","SUZUKI","RM250",32
"Motorcycles","Petrol","SUZUKI","RMX SERIES",10
"Motorcycles","Petrol","SUZUKI","RMX250",347
"Motorcycles","Petrol","SUZUKI","RMX450",254
"Motorcycles","Petrol","SUZUKI","RMZ250",71
"Motorcycles","Petrol","SUZUKI","RMZ450",80
"Motorcycles","Petrol","SUZUKI","RV125",12
"Motorcycles","Petrol","SUZUKI","RV90",17
"Motorcycles","Petrol","SUZUKI","SFV650",648
"Motorcycles","Petrol","SUZUKI","SV1000",648
"Motorcycles","Petrol","SUZUKI","SV650",2378
"Motorcycles","Petrol","SUZUKI","T20",28
"Motorcycles","Petrol","SUZUKI","T250",21
"Motorcycles","Petrol","SUZUKI","TF125",29
"Motorcycles","Petrol","SUZUKI","TF185",13
"Motorcycles","Petrol","SUZUKI","TL1000",628
"Motorcycles","Petrol","SUZUKI","TS185",178
"Motorcycles","Petrol","SUZUKI","TS250",55
"Motorcycles","Petrol","SUZUKI","TU250",899
"Motorcycles","Petrol","SUZUKI","UH200",257
"Motorcycles","Petrol","SUZUKI","UK110",4015
"Motorcycles","Petrol","SUZUKI","UN125",183
"Motorcycles","Petrol","SUZUKI","UNKNOWN",1779
"Motorcycles","Petrol","SUZUKI","V-STROM 800",21
"Motorcycles","Petrol","SUZUKI","V-STROM SERIES",26
"Motorcycles","Petrol","SUZUKI","VL1500",584
"Motorcycles","Petrol","SUZUKI","VL250",1992
"Motorcycles","Petrol","SUZUKI","VL800",3250
"Motorcycles","Petrol","SUZUKI","VLR1800",617
"Motorcycles","Petrol","SUZUKI","VS1400",124
"Motorcycles","Petrol","SUZUKI","VS750",12
"Motorcycles","Petrol","SUZUKI","VS750 INTRUDER",21
"Motorcycles","Petrol","SUZUKI","VX800",40
"Motorcycles","Petrol","SUZUKI","VZ1500",416
"Motorcycles","Petrol","SUZUKI","VZ1600",41
"Motorcycles","Petrol","SUZUKI","VZ800",1219
"Motorcycles","Petrol","SUZUKI","VZR1800",2833
"Motorcycles","Petrol","SUZUKI","XF650",33
"Motorcycles","Petrol","SWEI","UNKNOWN",3
"Motorcycles","Petrol","SWIFT","UNKNOWN",7
"Motorcycles","Petrol","SWM","UNKNOWN",825
"Motorcycles","Petrol","SYM","AV12W",42
"Motorcycles","Petrol","SYM","CLASSIC",187
"Motorcycles","Petrol","SYM","CROX 50",644
"Motorcycles","Petrol","SYM","DRG",14
"Motorcycles","Petrol","SYM","HD200",22
"Motorcycles","Petrol","SYM","LW",17
"Motorcycles","Petrol","SYM","LX",25
"Motorcycles","Petrol","SYM","MIO 50",126
"Motorcycles","Petrol","SYM","ORBIT III",29
"Motorcycles","Petrol","SYM","SYMPHONY",99
"Motorcycles","Petrol","SYM","SYMPHONY ST 200",55
"Motorcycles","Petrol","SYM","UNKNOWN",5500
"Motorcycles","Petrol","TCS","UNKNOWN",13
"Motorcycles","Petrol","TGB","101R",35
"Motorcycles","Petrol","TGB","101S",148
"Motorcycles","Petrol","TGB","203",12
"Motorcycles","Petrol","TGB","303RS",88
"Motorcycles","Petrol","TGB","AKROS",29
"Motorcycles","Petrol","TGB","BELLAVITA",34
"Motorcycles","Petrol","TGB","BR8",65
"Motorcycles","Petrol","TGB","BULLET",80
"Motorcycles","Petrol","TGB","CU",39
"Motorcycles","Petrol","TGB","DJ",36
"Motorcycles","Petrol","TGB","R50X",20
"Motorcycles","Petrol","TGB","SCP",93
"Motorcycles","Petrol","TGB","SCP BM1",14
"Motorcycles","Petrol","TGB","TAPO",89
"Motorcycles","Petrol","TGB","UNKNOWN",444
"Motorcycles","Petrol","THUNDER MOUNTAIN","UNKNOWN",14
"Motorcycles","Petrol","TITAN","UNKNOWN",8
"Motorcycles","Petrol","TM","EN",90
"Motorcycles","Petrol","TM","UNKNOWN",114
"Motorcycles","Petrol","TOMOS","UNKNOWN",0
"Motorcycles","Petrol","TONELLI","UNKNOWN",0
"Motorcycles","Petrol","TORINO","UNKNOWN",73
"Motorcycles","Petrol","TOYOTA","COMMODORE",0
"Motorcycles","Petrol","TRIGGER CARS","TRIGGER 3",12
"Motorcycles","Petrol","TRIUMPH","ADVENTURER",27
"Motorcycles","Petrol","TRIUMPH","AMERICA",965
"Motorcycles","Petrol","TRIUMPH","BOBBER",373
"Motorcycles","Petrol","TRIUMPH","BONNEVILLE",8615
"Motorcycles","Petrol","TRIUMPH","BONNEVILLE T120",259
"Motorcycles","Petrol","TRIUMPH","BONNEVILLE T140",128
"Motorcycles","Petrol","TRIUMPH","DAYTONA",1086
"Motorcycles","Petrol","TRIUMPH","DAYTONA 660",266
"Motorcycles","Petrol","TRIUMPH","DAYTONA 675",805
"Motorcycles","Petrol","TRIUMPH","DAYTONA 955I",15
"Motorcycles","Petrol","TRIUMPH","DAYTONA T100",15
"Motorcycles","Petrol","TRIUMPH","DAYTONA T595",48
"Motorcycles","Petrol","TRIUMPH","DAYTONA TT600",22
"Motorcycles","Petrol","TRIUMPH","DC04",14
"Motorcycles","Petrol","TRIUMPH","DD4 SERIES",62
"Motorcycles","Petrol","TRIUMPH","DP04",104
"Motorcycles","Petrol","TRIUMPH","DU SERIES",21
"Motorcycles","Petrol","TRIUMPH","DX SERIES",213
"Motorcycles","Petrol","TRIUMPH","EXPLORER",28
"Motorcycles","Petrol","TRIUMPH","GT6",3
"Motorcycles","Petrol","TRIUMPH","H675",132
"Motorcycles","Petrol","TRIUMPH","H801",131
"Motorcycles","Petrol","TRIUMPH","HURRICANE",10
"Motorcycles","Petrol","TRIUMPH","HX7",167
"Motorcycles","Petrol","TRIUMPH","L SERIES",208
"Motorcycles","Petrol","TRIUMPH","LEGEND",39
"Motorcycles","Petrol","TRIUMPH","PB SERIES",64
"Motorcycles","Petrol","TRIUMPH","PV SERIES",226
"Motorcycles","Petrol","TRIUMPH","ROADSTER",86
"Motorcycles","Petrol","TRIUMPH","ROCKET",411
"Motorcycles","Petrol","TRIUMPH","ROCKET 3",68
"Motorcycles","Petrol","TRIUMPH","ROCKET III",1782
"Motorcycles","Petrol","TRIUMPH","SCRAMBLER",761
"Motorcycles","Petrol","TRIUMPH","SPEED 400",438
"Motorcycles","Petrol","TRIUMPH","SPEED TRIPLE",1921
"Motorcycles","Petrol","TRIUMPH","SPEED TRIPLE T509",23
"Motorcycles","Petrol","TRIUMPH","SPEED TWIN",609
"Motorcycles","Petrol","TRIUMPH","SPEED TWIN 1200",11
"Motorcycles","Petrol","TRIUMPH","SPEEDMASTER",1480
"Motorcycles","Petrol","TRIUMPH","SPRINT",1802
"Motorcycles","Petrol","TRIUMPH","SPRINT ST",202
"Motorcycles","Petrol","TRIUMPH","SPRINT T200",52
"Motorcycles","Petrol","TRIUMPH","STREET CUP",80
"Motorcycles","Petrol","TRIUMPH","STREET SCRAMBLER",160
"Motorcycles","Petrol","TRIUMPH","STREET TRIPLE",3320
"Motorcycles","Petrol","TRIUMPH","STREET TWIN",321
"Motorcycles","Petrol","TRIUMPH","T100 SERIES",33
"Motorcycles","Petrol","TRIUMPH","T700 SERIES",65
"Motorcycles","Petrol","TRIUMPH","THRUXTON",2200
"Motorcycles","Petrol","TRIUMPH","THUNDERBIRD",3566
"Motorcycles","Petrol","TRIUMPH","TIGER",1091
"Motorcycles","Petrol","TRIUMPH","TIGER 100",882
"Motorcycles","Petrol","TRIUMPH","TIGER 1050",259
"Motorcycles","Petrol","TRIUMPH","TIGER 110",51
"Motorcycles","Petrol","TRIUMPH","TIGER 1200",271
"Motorcycles","Petrol","TRIUMPH","TIGER 500",167
"Motorcycles","Petrol","TRIUMPH","TIGER 650",10
"Motorcycles","Petrol","TRIUMPH","TIGER 660",84
"Motorcycles","Petrol","TRIUMPH","TIGER 750",9
"Motorcycles","Petrol","TRIUMPH","TIGER 800",2565
"Motorcycles","Petrol","TRIUMPH","TIGER 850",66
"Motorcycles","Petrol","TRIUMPH","TIGER 900",1667
"Motorcycles","Petrol","TRIUMPH","TIGER 955I",21
"Motorcycles","Petrol","TRIUMPH","TIGER EXPLORER",665
"Motorcycles","Petrol","TRIUMPH","TIGER SPORT",118
"Motorcycles","Petrol","TRIUMPH","TR SERIES",14
"Motorcycles","Petrol","TRIUMPH","TR5",4
"Motorcycles","Petrol","TRIUMPH","TR6",46
"Motorcycles","Petrol","TRIUMPH","TR7",3
"Motorcycles","Petrol","TRIUMPH","TRIDENT",1479
"Motorcycles","Petrol","TRIUMPH","TRIDENT 660",26
"Motorcycles","Petrol","TRIUMPH","TRIDENT T150",47
"Motorcycles","Petrol","TRIUMPH","TROPHY",396
"Motorcycles","Petrol","TRIUMPH","TT600",409
"Motorcycles","Petrol","TRIUMPH","UNKNOWN",5790
"Motorcycles","Petrol","TRS","TR1A",26
"Motorcycles","Petrol","TUK TUK","UNKNOWN",8
"Motorcycles","Petrol","UBCO","UNKNOWN",6
"Motorcycles","Petrol","UBUILT","UNKNOWN",3
"Motorcycles","Petrol","ULTIMA","UNKNOWN",3
"Motorcycles","Petrol","ULTIMATE","UNKNOWN",0
"Motorcycles","Petrol","ULTRA MOTORCYCLE COMPANY","UNKNOWN",3
"Motorcycles","Petrol","UNCLE BILLS","UNKNOWN",3
"Motorcycles","Petrol","UNKNOWN","CONTINENTAL",3
"Motorcycles","Petrol","UNKNOWN","UNKNOWN",877
"Motorcycles","Petrol","URAL","IMZ-8.1037",107
"Motorcycles","Petrol","URAL","UNKNOWN",443
"Motorcycles","Petrol","VEE TWO","UNKNOWN",0
"Motorcycles","Petrol","VELOCETTE","UNKNOWN",168
"Motorcycles","Petrol","VENGEANCE MOTORCYCLES","UNKNOWN",0
"Motorcycles","Petrol","VERTEMATI","UNKNOWN",3
"Motorcycles","Petrol","VESPA","946",100
"Motorcycles","Petrol","VESPA","ET2",219
"Motorcycles","Petrol","VESPA","ET4",342
"Motorcycles","Petrol","VESPA","GRANTOURISMO",178
"Motorcycles","Petrol","VESPA","GT200",144
"Motorcycles","Petrol","VESPA","GT250",12
"Motorcycles","Petrol","VESPA","GT60",14
"Motorcycles","Petrol","VESPA","GTS SERIES",360
"Motorcycles","Petrol","VESPA","GTS150",161
"Motorcycles","Petrol","VESPA","GTS250",723
"Motorcycles","Petrol","VESPA","GTS300",1728
"Motorcycles","Petrol","VESPA","GTV250",104
"Motorcycles","Petrol","VESPA","GTV300",211
"Motorcycles","Petrol","VESPA","LX125",353
"Motorcycles","Petrol","VESPA","LX150",553
"Motorcycles","Petrol","VESPA","LX50",276
"Motorcycles","Petrol","VESPA","P150",11
"Motorcycles","Petrol","VESPA","P200E",33
"Motorcycles","Petrol","VESPA","PRIMAVERA",1087
"Motorcycles","Petrol","VESPA","PRIMAVERA125",31
"Motorcycles","Petrol","VESPA","PRIMAVERA150",66
"Motorcycles","Petrol","VESPA","PRIMAVERA50",492
"Motorcycles","Petrol","VESPA","PSI M44",490
"Motorcycles","Petrol","VESPA","PSI M45",2617
"Motorcycles","Petrol","VESPA","PSI M68",500
"Motorcycles","Petrol","VESPA","PSI M82",1521
"Motorcycles","Petrol","VESPA","PSI MA3",171
"Motorcycles","Petrol","VESPA","PSI PV/SP 50 SERIES",31
"Motorcycles","Petrol","VESPA","PX125",18
"Motorcycles","Petrol","VESPA","PX150",239
"Motorcycles","Petrol","VESPA","PX200",789
"Motorcycles","Petrol","VESPA","S125",82
"Motorcycles","Petrol","VESPA","S150",20
"Motorcycles","Petrol","VESPA","S50",108
"Motorcycles","Petrol","VESPA","SPRINT",433
"Motorcycles","Petrol","VESPA","UNKNOWN",4204
"Motorcycles","Petrol","VESPA","VESPA",18
"Motorcycles","Petrol","VICTORY","UNKNOWN",2284
"Motorcycles","Petrol","VINCENT","UNKNOWN",12
"Motorcycles","Petrol","VINCENT MOTORCYCLES","UNKNOWN",158
"Motorcycles","Petrol","VIPER","UNKNOWN",0
"Motorcycles","Petrol","VMOTO","JP50",78
"Motorcycles","Petrol","VMOTO","JR125",32
"Motorcycles","Petrol","VMOTO","JX50",220
"Motorcycles","Petrol","VMOTO","MILAN",36
"Motorcycles","Petrol","VMOTO","MONACO",29
"Motorcycles","Petrol","VMOTO","MONZA",47
"Motorcycles","Petrol","VMOTO","SUPER SOCO",0
"Motorcycles","Petrol","VMOTO","UNKNOWN",665
"Motorcycles","Petrol","VOLKSWAGEN","UNKNOWN",23
"Motorcycles","Petrol","VOR","UNKNOWN",3
"Motorcycles","Petrol","VULCAN WORKS","UNKNOWN",0
"Motorcycles","Petrol","WALKER","UNKNOWN",3
"Motorcycles","Petrol","WANGYE","UNKNOWN",458
"Motorcycles","Petrol","WMW","UNKNOWN",0
"Motorcycles","Petrol","WOLF","UNKNOWN",0
"Motorcycles","Petrol","XINGLING","UNKNOWN",9
"Motorcycles","Petrol","XINGYUE","UNKNOWN",26
"Motorcycles","Petrol","YALE","UNKNOWN",0
"Motorcycles","Petrol","YAMAHA","AEROX100",52
"Motorcycles","Petrol","YAMAHA","AEROX50",70
"Motorcycles","Petrol","YAMAHA","AG100",97
"Motorcycles","Petrol","YAMAHA","AG125",131
"Motorcycles","Petrol","YAMAHA","AG175",20
"Motorcycles","Petrol","YAMAHA","AG200",931
"Motorcycles","Petrol","YAMAHA","BEE WEE",117
"Motorcycles","Petrol","YAMAHA","BWS100",15
"Motorcycles","Petrol","YAMAHA","CV50",358
"Motorcycles","Petrol","YAMAHA","CW50",109
"Motorcycles","Petrol","YAMAHA","CY50",164
"Motorcycles","Petrol","YAMAHA","CZD300",1587
"Motorcycles","Petrol","YAMAHA","DELIGHT",86
"Motorcycles","Petrol","YAMAHA","DRAGSTAR",32
"Motorcycles","Petrol","YAMAHA","DT100",10
"Motorcycles","Petrol","YAMAHA","DT125",10
"Motorcycles","Petrol","YAMAHA","DT175",384
"Motorcycles","Petrol","YAMAHA","DT200",182
"Motorcycles","Petrol","YAMAHA","DT230",91
"Motorcycles","Petrol","YAMAHA","DT250",36
"Motorcycles","Petrol","YAMAHA","DT400",28
"Motorcycles","Petrol","YAMAHA","DX100",26
"Motorcycles","Petrol","YAMAHA","F21",15
"Motorcycles","Petrol","YAMAHA","F26",21
"Motorcycles","Petrol","YAMAHA","FJ1100",44
"Motorcycles","Petrol","YAMAHA","FJ1200",199
"Motorcycles","Petrol","YAMAHA","FJ1300",12
"Motorcycles","Petrol","YAMAHA","FJR1300",2848
"Motorcycles","Petrol","YAMAHA","FZ1",930
"Motorcycles","Petrol","YAMAHA","FZ1000",14
"Motorcycles","Petrol","YAMAHA","FZ6",995
"Motorcycles","Petrol","YAMAHA","FZ750",31
"Motorcycles","Petrol","YAMAHA","FZ8",345
"Motorcycles","Petrol","YAMAHA","FZI1000",55
"Motorcycles","Petrol","YAMAHA","FZR1000",43
"Motorcycles","Petrol","YAMAHA","FZR250",34
"Motorcycles","Petrol","YAMAHA","FZR600",40
"Motorcycles","Petrol","YAMAHA","FZR750",13
"Motorcycles","Petrol","YAMAHA","FZS1000",271
"Motorcycles","Petrol","YAMAHA","FZS600",75
"Motorcycles","Petrol","YAMAHA","FZX250",63
"Motorcycles","Petrol","YAMAHA","GPD125",87
"Motorcycles","Petrol","YAMAHA","GPD150",1907
"Motorcycles","Petrol","YAMAHA","GPD155",179
"Motorcycles","Petrol","YAMAHA","IT175",25
"Motorcycles","Petrol","YAMAHA","IT200",17
"Motorcycles","Petrol","YAMAHA","IT250",22
"Motorcycles","Petrol","YAMAHA","IT465",12
"Motorcycles","Petrol","YAMAHA","IT490",28
"Motorcycles","Petrol","YAMAHA","LTS125",465
"Motorcycles","Petrol","YAMAHA","MT01",374
"Motorcycles","Petrol","YAMAHA","MT03",1454
"Motorcycles","Petrol","YAMAHA","MT07",8509
"Motorcycles","Petrol","YAMAHA","MT09",5830
"Motorcycles","Petrol","YAMAHA","MT10",443
"Motorcycles","Petrol","YAMAHA","MTM660",499
"Motorcycles","Petrol","YAMAHA","MTM850",1393
"Motorcycles","Petrol","YAMAHA","MTM890",424
"Motorcycles","Petrol","YAMAHA","MTN100",20
"Motorcycles","Petrol","YAMAHA","MTN1000",1098
"Motorcycles","Petrol","YAMAHA","MTN320",2210
"Motorcycles","Petrol","YAMAHA","MTN660",598
"Motorcycles","Petrol","YAMAHA","MTN890",1149
"Motorcycles","Petrol","YAMAHA","MTT660",210
"Motorcycles","Petrol","YAMAHA","MTT690",64
"Motorcycles","Petrol","YAMAHA","MTT890",148
"Motorcycles","Petrol","YAMAHA","MW125",135
"Motorcycles","Petrol","YAMAHA","MW150",20
"Motorcycles","Petrol","YAMAHA","MW155",15
"Motorcycles","Petrol","YAMAHA","MWD300",85
"Motorcycles","Petrol","YAMAHA","MWS150",119
"Motorcycles","Petrol","YAMAHA","MWS155",16
"Motorcycles","Petrol","YAMAHA","MXT850",19
"Motorcycles","Petrol","YAMAHA","NIKEN",16
"Motorcycles","Petrol","YAMAHA","NMAX",130
"Motorcycles","Petrol","YAMAHA","NXC125",202
"Motorcycles","Petrol","YAMAHA","QT50",13
"Motorcycles","Petrol","YAMAHA","RD250",53
"Motorcycles","Petrol","YAMAHA","RD350",70
"Motorcycles","Petrol","YAMAHA","RD400",31
"Motorcycles","Petrol","YAMAHA","ROYAL STAR",40
"Motorcycles","Petrol","YAMAHA","RX125",13
"Motorcycles","Petrol","YAMAHA","RZ250",26
"Motorcycles","Petrol","YAMAHA","RZ350",27
"Motorcycles","Petrol","YAMAHA","RZ500",27
"Motorcycles","Petrol","YAMAHA","RZV500",10
"Motorcycles","Petrol","YAMAHA","SCORPIO",256
"Motorcycles","Petrol","YAMAHA","SED5",250
"Motorcycles","Petrol","YAMAHA","SEH2",836
"Motorcycles","Petrol","YAMAHA","SR185",13
"Motorcycles","Petrol","YAMAHA","SR250",103
"Motorcycles","Petrol","YAMAHA","SR400",499
"Motorcycles","Petrol","YAMAHA","SR500",182
"Motorcycles","Petrol","YAMAHA","SRV250",86
"Motorcycles","Petrol","YAMAHA","SRX250",11
"Motorcycles","Petrol","YAMAHA","SRX400",11
"Motorcycles","Petrol","YAMAHA","SRX600",28
"Motorcycles","Petrol","YAMAHA","SV250",152
"Motorcycles","Petrol","YAMAHA","SZR660",29
"Motorcycles","Petrol","YAMAHA","TDM850",86
"Motorcycles","Petrol","YAMAHA","TDM900",414
"Motorcycles","Petrol","YAMAHA","TDR250",11
"Motorcycles","Petrol","YAMAHA","TENERE",186
"Motorcycles","Petrol","YAMAHA","TMAX",21
"Motorcycles","Petrol","YAMAHA","TRICITY",12
"Motorcycles","Petrol","YAMAHA","TRX-850",163
"Motorcycles","Petrol","YAMAHA","TRX850",253
"Motorcycles","Petrol","YAMAHA","TT250",965
"Motorcycles","Petrol","YAMAHA","TT350",261
"Motorcycles","Petrol","YAMAHA","TT500",26
"Motorcycles","Petrol","YAMAHA","TT600",305
"Motorcycles","Petrol","YAMAHA","TTR110",16
"Motorcycles","Petrol","YAMAHA","TTR125",175
"Motorcycles","Petrol","YAMAHA","TTR230",669
"Motorcycles","Petrol","YAMAHA","TTR250",407
"Motorcycles","Petrol","YAMAHA","TTR600",15
"Motorcycles","Petrol","YAMAHA","TW200",156
"Motorcycles","Petrol","YAMAHA","TW225",14
"Motorcycles","Petrol","YAMAHA","TX650",34
"Motorcycles","Petrol","YAMAHA","TX750",14
"Motorcycles","Petrol","YAMAHA","TY250",16
"Motorcycles","Petrol","YAMAHA","TZR250",480
"Motorcycles","Petrol","YAMAHA","UNKNOWN",11676
"Motorcycles","Petrol","YAMAHA","V STAR",111
"Motorcycles","Petrol","YAMAHA","VIRAGO",343
"Motorcycles","Petrol","YAMAHA","VITY",27
"Motorcycles","Petrol","YAMAHA","VMAX",291
"Motorcycles","Petrol","YAMAHA","VMX1200",65
"Motorcycles","Petrol","YAMAHA","WR SERIES",665
"Motorcycles","Petrol","YAMAHA","WR200",95
"Motorcycles","Petrol","YAMAHA","WR250",6125
"Motorcycles","Petrol","YAMAHA","WR400",332
"Motorcycles","Petrol","YAMAHA","WR426",202
"Motorcycles","Petrol","YAMAHA","WR450",11727
"Motorcycles","Petrol","YAMAHA","WRF250",25
"Motorcycles","Petrol","YAMAHA","WRF450",26
"Motorcycles","Petrol","YAMAHA","XC115",79
"Motorcycles","Petrol","YAMAHA","XC125",235
"Motorcycles","Petrol","YAMAHA","XC50",75
"Motorcycles","Petrol","YAMAHA","XJ6",1111
"Motorcycles","Petrol","YAMAHA","XJ600",83
"Motorcycles","Petrol","YAMAHA","XJ650",52
"Motorcycles","Petrol","YAMAHA","XJ750",23
"Motorcycles","Petrol","YAMAHA","XJ900",517
"Motorcycles","Petrol","YAMAHA","XJR1",15
"Motorcycles","Petrol","YAMAHA","XJR1200",82
"Motorcycles","Petrol","YAMAHA","XJR1300",1275
"Motorcycles","Petrol","YAMAHA","XJR400",15
"Motorcycles","Petrol","YAMAHA","XMAX",16
"Motorcycles","Petrol","YAMAHA","XMAX300",66
"Motorcycles","Petrol","YAMAHA","XP500",462
"Motorcycles","Petrol","YAMAHA","XP530",22
"Motorcycles","Petrol","YAMAHA","XP560",211
"Motorcycles","Petrol","YAMAHA","XS1100",80
"Motorcycles","Petrol","YAMAHA","XS250",25
"Motorcycles","Petrol","YAMAHA","XS400",21
"Motorcycles","Petrol","YAMAHA","XS650",254
"Motorcycles","Petrol","YAMAHA","XS750",32
"Motorcycles","Petrol","YAMAHA","XS850",10
"Motorcycles","Petrol","YAMAHA","XSR700",869
"Motorcycles","Petrol","YAMAHA","XSR900",312
"Motorcycles","Petrol","YAMAHA","XT1200",828
"Motorcycles","Petrol","YAMAHA","XT225",269
"Motorcycles","Petrol","YAMAHA","XT250",2105
"Motorcycles","Petrol","YAMAHA","XT350",28
"Motorcycles","Petrol","YAMAHA","XT500",195
"Motorcycles","Petrol","YAMAHA","XT550",22
"Motorcycles","Petrol","YAMAHA","XT600",478
"Motorcycles","Petrol","YAMAHA","XT660",508
"Motorcycles","Petrol","YAMAHA","XT690",21
"Motorcycles","Petrol","YAMAHA","XTZ1200",28
"Motorcycles","Petrol","YAMAHA","XTZ660",1077
"Motorcycles","Petrol","YAMAHA","XTZ690",3297
"Motorcycles","Petrol","YAMAHA","XTZ690D",65
"Motorcycles","Petrol","YAMAHA","XTZ700",134
"Motorcycles","Petrol","YAMAHA","XTZ750",28
"Motorcycles","Petrol","YAMAHA","XUS1100",10
"Motorcycles","Petrol","YAMAHA","XUS650",18
"Motorcycles","Petrol","YAMAHA","XV",74
"Motorcycles","Petrol","YAMAHA","XV1000",73
"Motorcycles","Petrol","YAMAHA","XV1100",501
"Motorcycles","Petrol","YAMAHA","XV1300",22
"Motorcycles","Petrol","YAMAHA","XV1600",510
"Motorcycles","Petrol","YAMAHA","XV1700",220
"Motorcycles","Petrol","YAMAHA","XV1900",271
"Motorcycles","Petrol","YAMAHA","XV250",2603
"Motorcycles","Petrol","YAMAHA","XV535",108
"Motorcycles","Petrol","YAMAHA","XV650",50
"Motorcycles","Petrol","YAMAHA","XV750",358
"Motorcycles","Petrol","YAMAHA","XV950",11
"Motorcycles","Petrol","YAMAHA","XVS1100",2307
"Motorcycles","Petrol","YAMAHA","XVS1300",1473
"Motorcycles","Petrol","YAMAHA","XVS1600",46
"Motorcycles","Petrol","YAMAHA","XVS1700",10
"Motorcycles","Petrol","YAMAHA","XVS1900",18
"Motorcycles","Petrol","YAMAHA","XVS250",365
"Motorcycles","Petrol","YAMAHA","XVS400",63
"Motorcycles","Petrol","YAMAHA","XVS600",38
"Motorcycles","Petrol","YAMAHA","XVS650",8499
"Motorcycles","Petrol","YAMAHA","XVS950",1277
"Motorcycles","Petrol","YAMAHA","XVZ1300",230
"Motorcycles","Petrol","YAMAHA","YB100",10
"Motorcycles","Petrol","YAMAHA","YP250",147
"Motorcycles","Petrol","YAMAHA","YP400",244
"Motorcycles","Petrol","YAMAHA","YQ100",40
"Motorcycles","Petrol","YAMAHA","YQ50",38
"Motorcycles","Petrol","YAMAHA","YW100",586
"Motorcycles","Petrol","YAMAHA","YW125",398
"Motorcycles","Petrol","YAMAHA","YZ125",161
"Motorcycles","Petrol","YAMAHA","YZ250",1647
"Motorcycles","Petrol","YAMAHA","YZ400",64
"Motorcycles","Petrol","YAMAHA","YZ450",692
"Motorcycles","Petrol","YAMAHA","YZ85",23
"Motorcycles","Petrol","YAMAHA","YZF-R1",4441
"Motorcycles","Petrol","YAMAHA","YZF-R125",41
"Motorcycles","Petrol","YAMAHA","YZF-R15",808
"Motorcycles","Petrol","YAMAHA","YZF-R3",5101
"Motorcycles","Petrol","YAMAHA","YZF-R6",2106
"Motorcycles","Petrol","YAMAHA","YZF-R7",2221
"Motorcycles","Petrol","YAMAHA","YZF SERIES",1095
"Motorcycles","Petrol","YAMAHA","YZF1000",365
"Motorcycles","Petrol","YAMAHA","YZF155",213
"Motorcycles","Petrol","YAMAHA","YZF250",53
"Motorcycles","Petrol","YAMAHA","YZF320",837
"Motorcycles","Petrol","YAMAHA","YZF426",13
"Motorcycles","Petrol","YAMAHA","YZF450",25
"Motorcycles","Petrol","YAMAHA","YZF600",255
"Motorcycles","Petrol","YAMAHA","YZF660",17
"Motorcycles","Petrol","YAMAHA","YZF690",10
"Motorcycles","Petrol","YAMAHA","YZR-R7",40
"Motorcycles","Petrol","YAMAHA","ZUMA",13
"Motorcycles","Petrol","YANKEE","UNKNOWN",0
"Motorcycles","Petrol","YCF","UNKNOWN",4
"Motorcycles","Petrol","YIBEN","UNKNOWN",12
"Motorcycles","Petrol","YIYANG","UNKNOWN",3
"Motorcycles","Petrol","YIYING","UNKNOWN",12
"Motorcycles","Petrol","ZERO","UNKNOWN",14
"Motorcycles","Petrol","ZHEJIANG","UNKNOWN",3
"Motorcycles","Petrol","ZHENHUA","UNKNOWN",4
"Motorcycles","Petrol","ZHWEKI","DD350E-2",21
"Motorcycles","Petrol","ZHWEKI","DD350E-6C",21
"Motorcycles","Petrol","ZHWEKI","DD350E - 6C",10
"Motorcycles","Petrol","ZHWEKI","UNKNOWN",149
"Motorcycles","Petrol","ZNEN","UNKNOWN",800
"Motorcycles","Petrol","ZNEN","ZN125T-27",11
"Motorcycles","Petrol","ZNEN","ZN125T -  27",11
"Motorcycles","Petrol","ZNEN","ZN50QT-D",14
"Motorcycles","Petrol","ZNEN","ZN50QT-E5",18
"Motorcycles","Petrol","ZNEN","ZN50QT - D",11
"Motorcycles","Petrol","ZONGSHEN","LZX200GY-2",11
"Motorcycles","Petrol","ZONGSHEN","UNKNOWN",24
"Motorcycles","Petrol","ZOOT","UNKNOWN",0
"Motorcycles","Petrol","ZUNDAPP","UNKNOWN",3
"Motorcycles","Diesel","CUSTOM MADE","UNKNOWN",0
"Motorcycles","Diesel","HOME MADE","UNKNOWN",3
"Motorcycles","Diesel","HONDA","XL250",0
"Motorcycles","Diesel","ROYAL ENFIELD","BULLET",0
"Motorcycles","Diesel","ROYAL ENFIELD","UNKNOWN",3
"Motorcycles","Diesel","SOMMER","UNKNOWN",3
"Motorcycles","Hybrid electric","CFMOTO","650NK, 650GT, 650MT",0
"Motorcycles","Hybrid electric","FONZARELLI BIKES","UNKNOWN",0
"Motorcycles","Hybrid electric","HONDA","VT250",0
"Motorcycles","Battery/Fuel-cell electric","APRILIA","SR50",0
"Motorcycles","Battery/Fuel-cell electric","BENZINA ZERO","CITY",64
"Motorcycles","Battery/Fuel-cell electric","BENZINA ZERO","DUO",113
"Motorcycles","Battery/Fuel-cell electric","BENZINA ZERO","DUO+",57
"Motorcycles","Battery/Fuel-cell electric","BENZINA ZERO","SPORT",33
"Motorcycles","Battery/Fuel-cell electric","BENZINA ZERO","UNKNOWN",0
"Motorcycles","Battery/Fuel-cell electric","BILITI","UNKNOWN",3
"Motorcycles","Battery/Fuel-cell electric","BMW","CE04",150
"Motorcycles","Battery/Fuel-cell electric","BRAAAP","MOTO4",0
"Motorcycles","Battery/Fuel-cell electric","BRAAAP","MOTOE",150
"Motorcycles","Battery/Fuel-cell electric","BRAMMO","UNKNOWN",0
"Motorcycles","Battery/Fuel-cell electric","BZOOMA","UNKNOWN",0
"Motorcycles","Battery/Fuel-cell electric","CAKE","UNKNOWN",4
"Motorcycles","Battery/Fuel-cell electric","CFMOTO","UNKNOWN",6
"Motorcycles","Battery/Fuel-cell electric","CUSTOM MADE","UNKNOWN",3
"Motorcycles","Battery/Fuel-cell electric","DOGEBOS","UNKNOWN",3
"Motorcycles","Battery/Fuel-cell electric","DOOHAN","DH01",15
"Motorcycles","Battery/Fuel-cell electric","DOOHAN","ITANGO",15
"Motorcycles","Battery/Fuel-cell electric","DOOHAN","UNKNOWN",17
"Motorcycles","Battery/Fuel-cell electric","E-MAX","TYPE 2",19
"Motorcycles","Battery/Fuel-cell electric","E-MAX","UNKNOWN",0
"Motorcycles","Battery/Fuel-cell electric","E-SCOOT","UNKNOWN",0
"Motorcycles","Battery/Fuel-cell electric","ELECTRIC MOTION","UNKNOWN",0
"Motorcycles","Battery/Fuel-cell electric","ELECTRON","UNKNOWN",0
"Motorcycles","Battery/Fuel-cell electric","EMAX","UNKNOWN",3
"Motorcycles","Battery/Fuel-cell electric","EMOS","CP1",26
"Motorcycles","Battery/Fuel-cell electric","EMOS","CP3",19
"Motorcycles","Battery/Fuel-cell electric","EMOS","H5.0S",11
"Motorcycles","Battery/Fuel-cell electric","EMOS","H6.0S",36
"Motorcycles","Battery/Fuel-cell electric","EMOS","UNKNOWN",11
"Motorcycles","Battery/Fuel-cell electric","ENERGICA","1",14
"Motorcycles","Battery/Fuel-cell electric","ENERGICA","EXPERIA",11
"Motorcycles","Battery/Fuel-cell electric","ERIDER","UNKNOWN",11
"Motorcycles","Battery/Fuel-cell electric","EVOKE","UNKNOWN",8
"Motorcycles","Battery/Fuel-cell electric","EVT","UNKNOWN",0
"Motorcycles","Battery/Fuel-cell electric","FONZARELLI","125",45
"Motorcycles","Battery/Fuel-cell electric","FONZARELLI","ARTHUR",270
"Motorcycles","Battery/Fuel-cell electric","FONZARELLI","UNKNOWN",729
"Motorcycles","Battery/Fuel-cell electric","FONZARELLI BIKES","UNKNOWN",145
"Motorcycles","Battery/Fuel-cell electric","GGC","UNKNOWN",5
"Motorcycles","Battery/Fuel-cell electric","GOVECS","UNKNOWN",8
"Motorcycles","Battery/Fuel-cell electric","HARLEY-DAVIDSON","ELW SERIES",89
"Motorcycles","Battery/Fuel-cell electric","HARLEY-DAVIDSON","XLH SERIES",0
"Motorcycles","Battery/Fuel-cell electric","HONDA","C90",3
"Motorcycles","Battery/Fuel-cell electric","HONDA","CD90",0
"Motorcycles","Battery/Fuel-cell electric","HONDA","CRF300",0
"Motorcycles","Battery/Fuel-cell electric","HONDA","MOTOCOMPO",0
"Motorcycles","Battery/Fuel-cell electric","HONDA","UNKNOWN",4
"Motorcycles","Battery/Fuel-cell electric","HONDA","VF750",3
"Motorcycles","Battery/Fuel-cell electric","HONDA","XR650",0
"Motorcycles","Battery/Fuel-cell electric","HORWIN","EK3",34
"Motorcycles","Battery/Fuel-cell electric","HORWIN","UNKNOWN",3
"Motorcycles","Battery/Fuel-cell electric","HYOSUNG","GT650",3
"Motorcycles","Battery/Fuel-cell electric","JAGAS","UNKNOWN",3
"Motorcycles","Battery/Fuel-cell electric","KAWASAKI","KLX250",0
"Motorcycles","Battery/Fuel-cell electric","KAWASAKI","UNKNOWN",3
"Motorcycles","Battery/Fuel-cell electric","KOLLTER","UNKNOWN",6
"Motorcycles","Battery/Fuel-cell electric","KTM","FREERIDE",3
"Motorcycles","Battery/Fuel-cell electric","KTM","RC390",3
"Motorcycles","Battery/Fuel-cell electric","KTM","UNKNOWN",6
"Motorcycles","Battery/Fuel-cell electric","KYBURZ","DXP",3717
"Motorcycles","Battery/Fuel-cell electric","KYBURZ","UNKNOWN",0
"Motorcycles","Battery/Fuel-cell electric","KYMCO","UNKNOWN",0
"Motorcycles","Battery/Fuel-cell electric","LIFAN","UNKNOWN",21
"Motorcycles","Battery/Fuel-cell electric","LONGJIA","UNKNOWN",0
"Motorcycles","Battery/Fuel-cell electric","PIAGGIO","TYPHOON",3
"Motorcycles","Battery/Fuel-cell electric","PMG TRICYCLES","UNKNOWN",12
"Motorcycles","Battery/Fuel-cell electric","QINGQI","XF230",0
"Motorcycles","Battery/Fuel-cell electric","RAP","UNKNOWN",7
"Motorcycles","Battery/Fuel-cell electric","RFN","UNKNOWN",0
"Motorcycles","Battery/Fuel-cell electric","ROYAL ENFIELD","UNKNOWN",0
"Motorcycles","Battery/Fuel-cell electric","SANYOU","UNKNOWN",3
"Motorcycles","Battery/Fuel-cell electric","SAVIC MOTORCYCLES","UNKNOWN",4
"Motorcycles","Battery/Fuel-cell electric","SCOOTERETTA","UNKNOWN",3
"Motorcycles","Battery/Fuel-cell electric","SEGWAY","E125S",12
"Motorcycles","Battery/Fuel-cell electric","SEGWAY","E300SE",42
"Motorcycles","Battery/Fuel-cell electric","SEGWAY","UNKNOWN",5
"Motorcycles","Battery/Fuel-cell electric","SHIWEII","UNKNOWN",3
"Motorcycles","Battery/Fuel-cell electric","SILENCE","S01",15
"Motorcycles","Battery/Fuel-cell electric","SILENCE","S02",14
"Motorcycles","Battery/Fuel-cell electric","SOLO","UNKNOWN",4
"Motorcycles","Battery/Fuel-cell electric","STAR8V","S8EMBCAL",16
"Motorcycles","Battery/Fuel-cell electric","STARK","UNKNOWN",3
"Motorcycles","Battery/Fuel-cell electric","STEALTH","3",55
"Motorcycles","Battery/Fuel-cell electric","SUR-RON","LIGHT BEE",97
"Motorcycles","Battery/Fuel-cell electric","SUR-RON","UNKNOWN",6
"Motorcycles","Battery/Fuel-cell electric","SURRON","QL10000DY",24
"Motorcycles","Battery/Fuel-cell electric","SURRON","QL3000DY",106
"Motorcycles","Battery/Fuel-cell electric","SURRON","ULTRA BEE",117
"Motorcycles","Battery/Fuel-cell electric","SUZUKI","GS500",3
"Motorcycles","Battery/Fuel-cell electric","TAILG","UNKNOWN",13
"Motorcycles","Battery/Fuel-cell electric","TALARIA","STING",39
"Motorcycles","Battery/Fuel-cell electric","TALRIA","UNKNOWN",3
"Motorcycles","Battery/Fuel-cell electric","TRIUMPH","UNKNOWN",3
"Motorcycles","Battery/Fuel-cell electric","TUK TUK","UNKNOWN",5
"Motorcycles","Battery/Fuel-cell electric","UBCO","2X2 ADVENTURE",70
"Motorcycles","Battery/Fuel-cell electric","UBCO","DUTY",175
"Motorcycles","Battery/Fuel-cell electric","UBCO","UNKNOWN",94
"Motorcycles","Battery/Fuel-cell electric","UGBEST","UNKNOWN",3
"Motorcycles","Battery/Fuel-cell electric","UNKNOWN","UNKNOWN",15
"Motorcycles","Battery/Fuel-cell electric","VECTRIX","ELECTRIC MAXI-SCOOTER",22
"Motorcycles","Battery/Fuel-cell electric","VECTRIX","UNKNOWN",4
"Motorcycles","Battery/Fuel-cell electric","VESPA","PSI M82",0
"Motorcycles","Battery/Fuel-cell electric","VESPA","UNKNOWN",0
"Motorcycles","Battery/Fuel-cell electric","VMOTO","CPC",54
"Motorcycles","Battery/Fuel-cell electric","VMOTO","CUX",85
"Motorcycles","Battery/Fuel-cell electric","VMOTO","SUPER SOCO",272
"Motorcycles","Battery/Fuel-cell electric","VMOTO","UNKNOWN",180
"Motorcycles","Battery/Fuel-cell electric","YAMAHA","AG175",3
"Motorcycles","Battery/Fuel-cell electric","YAMAHA","FZR250",3
"Motorcycles","Battery/Fuel-cell electric","YAMAHA","SR400",0
"Motorcycles","Battery/Fuel-cell electric","YAMAHA","TRX850",0
"Motorcycles","Battery/Fuel-cell electric","YAMAHA","UNKNOWN",9
"Motorcycles","Battery/Fuel-cell electric","YAMAHA","WR250",0
"Motorcycles","Battery/Fuel-cell electric","YAMAHA","XT250",0
"Motorcycles","Battery/Fuel-cell electric","YAMAHA","YZF-R1",3
"Motorcycles","Battery/Fuel-cell electric","ZERO","UNKNOWN",75
"Motorcycles","Battery/Fuel-cell electric","ZERO","Z1",44
"Motorcycles","Battery/Fuel-cell electric","ZERO","Z2",14
"Motorcycles","Battery/Fuel-cell electric","ZERO","Z4",32
"Motorcycles","Battery/Fuel-cell electric","ZHEJIANG","UNKNOWN",3
"Motorcycles","Battery/Fuel-cell electric","ZNEN","UNKNOWN",24
"Motorcycles","Other","BETA","X-TRAINER",3
"Motorcycles","Other","BMW","UNKNOWN",0
"Motorcycles","Other","CUSTOM MADE","UNKNOWN",0
"Motorcycles","Other","HARLEY-DAVIDSON","SOFTAIL",0
"Motorcycles","Other","HONDA","CBR650",3
"Motorcycles","Other","HONDA","CMX500",3
"Motorcycles","Other","INDIAN","SCOUT",0
"Motorcycles","Other","KAWASAKI","KLR650",0
"Motorcycles","Other","KAWASAKI","UNKNOWN",0
"Motorcycles","Other","MOTO GUZZI","V7",0
"Motorcycles","Other","MUDD-OX","UNKNOWN",0
"Motorcycles","Other","TRIUMPH","UNKNOWN",3
"Motorcycles","Other","UNKNOWN","UNKNOWN",0
"Motorcycles","Other","VESPA","GTS250",0
"Motorcycles","Other","VESPA","PSI M82",0
"Total","-","-","-",22305347
